id,product-name,console-name,price-in-pennies,include-string,condition-string,sku,notes,cost-basis-in-pennies,quantity,date-entered,date-purchased,grading-company,grading-cert-id,folder
,Darkness Energy,Pokemon 2022 Energies,14,Ungraded,Normal wear,,From TCGcollector: 2022 Energies; ; Non-holo; ,0,1,2026-08-23,,,,
,Darkness Energy [Mirror Holo],Pokemon 2022 Energies,39,Ungraded,Normal wear,,From TCGcollector: 2022 Energies; ; Mirror Holo; ,0,1,2026-08-23,,,,
,Fighting Energy,Pokemon 2022 Energies,15,Ungraded,Normal wear,,From TCGcollector: 2022 Energies; ; Non-holo; ,0,1,2026-08-23,,,,
,Fire Energy,Pokemon 2022 Energies,13,Ungraded,Normal wear,,From TCGcollector: 2022 Energies; ; Non-holo; ,0,1,2026-08-23,,,,
,Grass Energy,Pokemon 2022 Energies,12,Ungraded,Normal wear,,From TCGcollector: 2022 Energies; ; Non-holo; ,0,1,2026-08-23,,,,
,Lightning Energy,Pokemon 2022 Energies,14,Ungraded,Normal wear,,From TCGcollector: 2022 Energies; ; Non-holo; ,0,1,2026-08-23,,,,
,Metal Energy,Pokemon 2022 Energies,12,Ungraded,Normal wear,,From TCGcollector: 2022 Energies; ; Non-holo; ,0,1,2026-08-23,,,,
,Psychic Energy,Pokemon 2022 Energies,15,Ungraded,Normal wear,,From TCGcollector: 2022 Energies; ; Non-holo; ,0,1,2026-08-23,,,,
,Water Energy,Pokemon 2022 Energies,16,Ungraded,Normal wear,,From TCGcollector: 2022 Energies; ; Non-holo; ,0,1,2026-08-23,,,,
,Air Balloon #181,Pokemon Ascended Heroes,15,Ungraded,Normal wear,,From TCGcollector: Ascended Heroes; 181/217; Normal; Uncommon,0,1,2026-08-23,,,,
,Anthea & Concordia #182,Pokemon Ascended Heroes,12,Ungraded,Normal wear,,From TCGcollector: Ascended Heroes; 182/217; Normal; Uncommon,0,1,2026-08-23,,,,
,Banette #91,Pokemon Ascended Heroes,4,Ungraded,Normal wear,,From TCGcollector: Ascended Heroes; 091/217; Normal; Uncommon,0,1,2026-08-23,,,,
,Bayleef #9,Pokemon Ascended Heroes,22,Ungraded,Normal wear,,From TCGcollector: Ascended Heroes; 009/217; Normal; Uncommon,0,1,2026-08-23,,,,
,Beautifly #13,Pokemon Ascended Heroes,7,Ungraded,Normal wear,,From TCGcollector: Ascended Heroes; 013/217; Normal; Uncommon,0,1,2026-08-23,,,,
,Bisharp #147,Pokemon Ascended Heroes,14,Ungraded,Normal wear,,From TCGcollector: Ascended Heroes; 147/217; Normal; Common,0,1,2026-08-23,,,,
,Boss's Orders #183,Pokemon Ascended Heroes,20,Ungraded,Normal wear,,From TCGcollector: Ascended Heroes; 183/217; Normal; Uncommon,0,1,2026-08-23,,,,
,Buddy-Buddy Poffin #184,Pokemon Ascended Heroes,20,Ungraded,Normal wear,,From TCGcollector: Ascended Heroes; 184/217; Normal; Common,0,1,2026-08-23,,,,
,Budew #16,Pokemon Ascended Heroes,19,Ungraded,Normal wear,,From TCGcollector: Ascended Heroes; 016/217; Normal; Common,0,1,2026-08-23,,,,
,Canari #185,Pokemon Ascended Heroes,22,Ungraded,Normal wear,,From TCGcollector: Ascended Heroes; 185/217; Normal; Uncommon,0,1,2026-08-23,,,,
,Carkol #119,Pokemon Ascended Heroes,10,Ungraded,Normal wear,,From TCGcollector: Ascended Heroes; 119/217; Normal; Common,0,1,2026-08-23,,,,
,Carkol [Dusk Ball] #119,Pokemon Ascended Heroes,19,Ungraded,Normal wear,,From TCGcollector: Ascended Heroes; 119/217; Dusk Ball Reverse Holo; Common,0,1,2026-08-23,,,,
,Cascoon #14,Pokemon Ascended Heroes,13,Ungraded,Normal wear,,From TCGcollector: Ascended Heroes; 014/217; Normal; Common,0,1,2026-08-23,,,,
,Charjabug #65,Pokemon Ascended Heroes,12,Ungraded,Normal wear,,From TCGcollector: Ascended Heroes; 065/217; Normal; Common,0,1,2026-08-23,,,,
,Charmander #20,Pokemon Ascended Heroes,20,Ungraded,Normal wear,,From TCGcollector: Ascended Heroes; 020/217; Normal; Common,0,1,2026-08-23,,,,
,Charmander [Friend Ball] #20,Pokemon Ascended Heroes,33,Ungraded,Normal wear,,From TCGcollector: Ascended Heroes; 020/217; Friend Ball Reverse Holo; Common,0,1,2026-08-23,,,,
,Charmeleon #21,Pokemon Ascended Heroes,17,Ungraded,Normal wear,,From TCGcollector: Ascended Heroes; 021/217; Normal; Uncommon,0,1,2026-08-23,,,,
,Chikorita #8,Pokemon Ascended Heroes,25,Ungraded,Normal wear,,From TCGcollector: Ascended Heroes; 008/217; Normal; Common,0,1,2026-08-23,,,,
,Chikorita [Friend Ball] #8,Pokemon Ascended Heroes,26,Ungraded,Normal wear,,From TCGcollector: Ascended Heroes; 008/217; Friend Ball Reverse Holo; Common,0,1,2026-08-23,,,,
,Clefable #75,Pokemon Ascended Heroes,15,Ungraded,Normal wear,,From TCGcollector: Ascended Heroes; 075/217; Normal; Uncommon,0,1,2026-08-23,,,,
,Clefairy #74,Pokemon Ascended Heroes,23,Ungraded,Normal wear,,From TCGcollector: Ascended Heroes; 074/217; Normal; Common,0,1,2026-08-23,,,,
,Coalossal [Holo] #120,Pokemon Ascended Heroes,14,Ungraded,Normal wear,,From TCGcollector: Ascended Heroes; 120/217; Normal Holo; Rare,0,1,2026-08-23,,,,
,Counter Gain #186,Pokemon Ascended Heroes,13,Ungraded,Normal wear,,From TCGcollector: Ascended Heroes; 186/217; Normal; Common,0,1,2026-08-23,,,,
,Cynthia's Gible #109,Pokemon Ascended Heroes,17,Ungraded,Normal wear,,From TCGcollector: Ascended Heroes; 109/217; Normal; Common,0,1,2026-08-23,,,,
,Delcatty #166,Pokemon Ascended Heroes,6,Ungraded,Normal wear,,From TCGcollector: Ascended Heroes; 166/217; Normal; Uncommon,0,1,2026-08-23,,,,
,Dragonair #151,Pokemon Ascended Heroes,20,Ungraded,Normal wear,,From TCGcollector: Ascended Heroes; 151/217; Normal; Uncommon,0,1,2026-08-23,,,,
,Drakloak #159,Pokemon Ascended Heroes,15,Ungraded,Normal wear,,From TCGcollector: Ascended Heroes; 159/217; Normal; Common,0,1,2026-08-23,,,,
,Drampa #176,Pokemon Ascended Heroes,7,Ungraded,Normal wear,,From TCGcollector: Ascended Heroes; 176/217; Normal; Uncommon,0,1,2026-08-23,,,,
,Dratini #150,Pokemon Ascended Heroes,16,Ungraded,Normal wear,,From TCGcollector: Ascended Heroes; 150/217; Normal; Common,0,1,2026-08-23,,,,
,Dreepy #158,Pokemon Ascended Heroes,10,Ungraded,Normal wear,,From TCGcollector: Ascended Heroes; 158/217; Normal; Common,0,1,2026-08-23,,,,
,Dustox #15,Pokemon Ascended Heroes,10,Ungraded,Normal wear,,From TCGcollector: Ascended Heroes; 015/217; Normal; Uncommon,0,1,2026-08-23,,,,
,Eelektrik #60,Pokemon Ascended Heroes,20,Ungraded,Normal wear,,From TCGcollector: Ascended Heroes; 060/217; Normal; Uncommon,0,1,2026-08-23,,,,
,Entei [Holo] #25,Pokemon Ascended Heroes,22,Ungraded,Normal wear,,From TCGcollector: Ascended Heroes; 025/217; Normal Holo; Rare,0,1,2026-08-23,,,,
,Erika's Bellsprout #4,Pokemon Ascended Heroes,14,Ungraded,Normal wear,,From TCGcollector: Ascended Heroes; 004/217; Normal; Common,0,1,2026-08-23,,,,
,Erika's Gloom #2,Pokemon Ascended Heroes,15,Ungraded,Normal wear,,From TCGcollector: Ascended Heroes; 002/217; Normal; Uncommon,0,1,2026-08-23,,,,
,Erika's Oddish #1,Pokemon Ascended Heroes,16,Ungraded,Normal wear,,From TCGcollector: Ascended Heroes; 001/217; Normal; Common,0,1,2026-08-23,,,,
,Erika's Tangela #7,Pokemon Ascended Heroes,11,Ungraded,Normal wear,,From TCGcollector: Ascended Heroes; 007/217; Normal; Common,0,1,2026-08-23,,,,
,Erika's Tangela [Poke Ball] #7,Pokemon Ascended Heroes,22,Ungraded,Normal wear,,From TCGcollector: Ascended Heroes; 007/217; Poké Ball Reverse Holo; Common,0,1,2026-08-23,,,,
,Erika's Vileplume ex [Holo] #3,Pokemon Ascended Heroes,98,Ungraded,Normal wear,,From TCGcollector: Ascended Heroes; 003/217; Normal Holo; Double Rare,0,1,2026-08-23,,,,
,Erika's Weepinbell #5,Pokemon Ascended Heroes,14,Ungraded,Normal wear,,From TCGcollector: Ascended Heroes; 005/217; Normal; Uncommon,0,1,2026-08-23,,,,
,Ethan's Ho-Oh ex [Holo] #26,Pokemon Ascended Heroes,70,Ungraded,Normal wear,,From TCGcollector: Ascended Heroes; 026/217; Normal Holo; Double Rare,0,1,2026-08-23,,,,
,Ethan's Magcargo [Holo] #24,Pokemon Ascended Heroes,15,Ungraded,Normal wear,,From TCGcollector: Ascended Heroes; 024/217; Normal Holo; Rare,0,1,2026-08-23,,,,
,Ethan's Slugma #23,Pokemon Ascended Heroes,8,Ungraded,Normal wear,,From TCGcollector: Ascended Heroes; 023/217; Normal; Common,0,1,2026-08-23,,,,
,Fighting Gong #187,Pokemon Ascended Heroes,16,Ungraded,Normal wear,,From TCGcollector: Ascended Heroes; 187/217; Normal; Uncommon,0,1,2026-08-23,,,,
,Forest of Vitality #188,Pokemon Ascended Heroes,21,Ungraded,Normal wear,,From TCGcollector: Ascended Heroes; 188/217; Normal; Uncommon,0,1,2026-08-23,,,,
,Frosmoth #53,Pokemon Ascended Heroes,6,Ungraded,Normal wear,,From TCGcollector: Ascended Heroes; 053/217; Normal; Uncommon,0,1,2026-08-23,,,,
,Frosmoth [Reverse Holo] #53,Pokemon Ascended Heroes,26,Ungraded,Normal wear,,From TCGcollector: Ascended Heroes; 053/217; Energy Reverse Holo; Uncommon,0,1,2026-08-23,,,,
,Galarian Linoone #131,Pokemon Ascended Heroes,8,Ungraded,Normal wear,,From TCGcollector: Ascended Heroes; 131/217; Normal; Common,0,1,2026-08-23,,,,
,Galarian Zigzagoon #130,Pokemon Ascended Heroes,14,Ungraded,Normal wear,,From TCGcollector: Ascended Heroes; 130/217; Normal; Common,0,1,2026-08-23,,,,
,Gastly #123,Pokemon Ascended Heroes,18,Ungraded,Normal wear,,From TCGcollector: Ascended Heroes; 123/217; Normal; Common,0,1,2026-08-23,,,,
,Glass Trumpet #189,Pokemon Ascended Heroes,16,Ungraded,Normal wear,,From TCGcollector: Ascended Heroes; 189/217; Normal; Common,0,1,2026-08-23,,,,
,Glastrier #54,Pokemon Ascended Heroes,15,Ungraded,Normal wear,,From TCGcollector: Ascended Heroes; 054/217; Normal; Uncommon,0,1,2026-08-23,,,,
,Golduck #40,Pokemon Ascended Heroes,15,Ungraded,Normal wear,,From TCGcollector: Ascended Heroes; 040/217; Normal; Uncommon,0,1,2026-08-23,,,,
,Groudon [Holo] #108,Pokemon Ascended Heroes,20,Ungraded,Normal wear,,From TCGcollector: Ascended Heroes; 108/217; Normal Holo; Rare,0,1,2026-08-23,,,,
,Grubbin #17,Pokemon Ascended Heroes,8,Ungraded,Normal wear,,From TCGcollector: Ascended Heroes; 017/217; Normal; Common,0,1,2026-08-23,,,,
,Haunter #124,Pokemon Ascended Heroes,19,Ungraded,Normal wear,,From TCGcollector: Ascended Heroes; 124/217; Normal; Uncommon,0,1,2026-08-23,,,,
,Hitmontop #102,Pokemon Ascended Heroes,14,Ungraded,Normal wear,,From TCGcollector: Ascended Heroes; 102/217; Normal; Common,0,1,2026-08-23,,,,
,Hop's Cramorant #177,Pokemon Ascended Heroes,12,Ungraded,Normal wear,,From TCGcollector: Ascended Heroes; 177/217; Normal; Uncommon,0,1,2026-08-23,,,,
,Hop's Trevenant [Holo] #237,Pokemon Ascended Heroes,425,Ungraded,Normal wear,,From TCGcollector: Ascended Heroes; 237/217; Normal Holo; Illustration Rare,0,1,2026-08-23,,,,
,Iono's Kilowattrel [Holo] #72,Pokemon Ascended Heroes,17,Ungraded,Normal wear,,From TCGcollector: Ascended Heroes; 072/217; Normal Holo; Rare,0,1,2026-08-23,,,,
,Iono's Tadbulb #69,Pokemon Ascended Heroes,12,Ungraded,Normal wear,,From TCGcollector: Ascended Heroes; 069/217; Normal; Common,0,1,2026-08-23,,,,
,Iris's Fighting Spirit #190,Pokemon Ascended Heroes,13,Ungraded,Normal wear,,From TCGcollector: Ascended Heroes; 190/217; Normal; Uncommon,0,1,2026-08-23,,,,
,Kingambit [Holo] #148,Pokemon Ascended Heroes,12,Ungraded,Normal wear,,From TCGcollector: Ascended Heroes; 148/217; Normal Holo; Rare,0,1,2026-08-23,,,,
,Kirlia #88,Pokemon Ascended Heroes,14,Ungraded,Normal wear,,From TCGcollector: Ascended Heroes; 088/217; Normal; Common,0,1,2026-08-23,,,,
,Larry's Braviary #174,Pokemon Ascended Heroes,5,Ungraded,Normal wear,,From TCGcollector: Ascended Heroes; 174/217; Normal; Uncommon,0,1,2026-08-23,,,,
,Larry's Dunsparce #163,Pokemon Ascended Heroes,15,Ungraded,Normal wear,,From TCGcollector: Ascended Heroes; 163/217; Normal; Common,0,1,2026-08-23,,,,
,Larry's Komala #175,Pokemon Ascended Heroes,12,Ungraded,Normal wear,,From TCGcollector: Ascended Heroes; 175/217; Normal; Common,0,1,2026-08-23,,,,
,Larry's Rufflet #173,Pokemon Ascended Heroes,9,Ungraded,Normal wear,,From TCGcollector: Ascended Heroes; 173/217; Normal; Common,0,1,2026-08-23,,,,
,Larry's Rufflet [Reverse Holo] #173,Pokemon Ascended Heroes,20,Ungraded,Normal wear,,From TCGcollector: Ascended Heroes; 173/217; Energy Reverse Holo; Common,0,1,2026-08-23,,,,
,Larry's Staravia #169,Pokemon Ascended Heroes,8,Ungraded,Normal wear,,From TCGcollector: Ascended Heroes; 169/217; Normal; Uncommon,0,1,2026-08-23,,,,
,Larry's Starly #168,Pokemon Ascended Heroes,5,Ungraded,Normal wear,,From TCGcollector: Ascended Heroes; 168/217; Normal; Common,0,1,2026-08-23,,,,
,Light Ball [Reverse Holo] #191,Pokemon Ascended Heroes,34,Ungraded,Normal wear,,From TCGcollector: Ascended Heroes; 191/217; Reverse Holo; Uncommon,0,1,2026-08-23,,,,
,Lillie's Clefairy ex [Holo] #76,Pokemon Ascended Heroes,151,Ungraded,Normal wear,,From TCGcollector: Ascended Heroes; 076/217; Normal Holo; Double Rare,0,1,2026-08-23,,,,
,Lillie's Determination #192,Pokemon Ascended Heroes,30,Ungraded,Normal wear,,From TCGcollector: Ascended Heroes; 192/217; Normal; Uncommon,0,1,2026-08-23,,,,
,Marill #83,Pokemon Ascended Heroes,15,Ungraded,Normal wear,,From TCGcollector: Ascended Heroes; 083/217; Normal; Common,0,1,2026-08-23,,,,
,Mawile #144,Pokemon Ascended Heroes,13,Ungraded,Normal wear,,From TCGcollector: Ascended Heroes; 144/217; Normal; Uncommon,0,1,2026-08-23,,,,
,Meditite #103,Pokemon Ascended Heroes,12,Ungraded,Normal wear,,From TCGcollector: Ascended Heroes; 103/217; Normal; Common,0,1,2026-08-23,,,,
,Mega Audino ex [Holo] #172,Pokemon Ascended Heroes,103,Ungraded,Normal wear,,From TCGcollector: Ascended Heroes; 172/217; Normal Holo; Double Rare,0,1,2026-08-23,,,,
,Mega Dragonite ex [Holo] #152,Pokemon Ascended Heroes,466,Ungraded,Normal wear,,From TCGcollector: Ascended Heroes; 152/217; Normal Holo; Double Rare,0,1,2026-08-23,,,,
,Mega Hawlucha ex [Holo] #268,Pokemon Ascended Heroes,599,Ungraded,Normal wear,,From TCGcollector: Ascended Heroes; 268/217; Normal Holo; Mega Attack Rare,0,1,2026-08-23,,,,
,Mega Signal #193,Pokemon Ascended Heroes,22,Ungraded,Normal wear,,From TCGcollector: Ascended Heroes; 193/217; Normal; Common,0,1,2026-08-23,,,,
,Mightyena #129,Pokemon Ascended Heroes,10,Ungraded,Normal wear,,From TCGcollector: Ascended Heroes; 129/217; Normal; Uncommon,0,1,2026-08-23,,,,
,Mightyena [Holo] #243,Pokemon Ascended Heroes,736,Ungraded,Normal wear,,From TCGcollector: Ascended Heroes; 243/217; Normal Holo; Illustration Rare,0,1,2026-08-23,,,,
,Misdreavus #85,Pokemon Ascended Heroes,17,Ungraded,Normal wear,,From TCGcollector: Ascended Heroes; 085/217; Normal; Common,0,1,2026-08-23,,,,
,Mismagius [Holo] #86,Pokemon Ascended Heroes,12,Ungraded,Normal wear,,From TCGcollector: Ascended Heroes; 086/217; Normal Holo; Rare,0,1,2026-08-23,,,,
,Mismagius [Reverse Holo] #86,Pokemon Ascended Heroes,26,Ungraded,Normal wear,,From TCGcollector: Ascended Heroes; 086/217; Energy Reverse Holo; Rare,0,1,2026-08-23,,,,
,N's Darmanitan #33,Pokemon Ascended Heroes,14,Ungraded,Normal wear,,From TCGcollector: Ascended Heroes; 033/217; Normal; Uncommon,0,1,2026-08-23,,,,
,N's Darumaka #32,Pokemon Ascended Heroes,18,Ungraded,Normal wear,,From TCGcollector: Ascended Heroes; 032/217; Normal; Common,0,1,2026-08-23,,,,
,N's Vanillish #50,Pokemon Ascended Heroes,12,Ungraded,Normal wear,,From TCGcollector: Ascended Heroes; 050/217; Normal; Common,0,1,2026-08-23,,,,
,N's Vanillish [Poke Ball] #50,Pokemon Ascended Heroes,23,Ungraded,Normal wear,,From TCGcollector: Ascended Heroes; 050/217; Poké Ball Reverse Holo; Common,0,1,2026-08-23,,,,
,N's Vanillite #49,Pokemon Ascended Heroes,9,Ungraded,Normal wear,,From TCGcollector: Ascended Heroes; 049/217; Normal; Common,0,1,2026-08-23,,,,
,N's Vanilluxe #51,Pokemon Ascended Heroes,8,Ungraded,Normal wear,,From TCGcollector: Ascended Heroes; 051/217; Normal; Uncommon,0,1,2026-08-23,,,,
,Night Stretcher #196,Pokemon Ascended Heroes,23,Ungraded,Normal wear,,From TCGcollector: Ascended Heroes; 196/217; Normal; Common,0,1,2026-08-23,,,,
,Nighttime Mine #197,Pokemon Ascended Heroes,24,Ungraded,Normal wear,,From TCGcollector: Ascended Heroes; 197/217; Normal; Uncommon,0,1,2026-08-23,,,,
,Noivern #157,Pokemon Ascended Heroes,12,Ungraded,Normal wear,,From TCGcollector: Ascended Heroes; 157/217; Normal; Uncommon,0,1,2026-08-23,,,,
,Numel #27,Pokemon Ascended Heroes,17,Ungraded,Normal wear,,From TCGcollector: Ascended Heroes; 027/217; Normal; Common,0,1,2026-08-23,,,,
,Pancham #115,Pokemon Ascended Heroes,14,Ungraded,Normal wear,,From TCGcollector: Ascended Heroes; 115/217; Normal; Common,0,1,2026-08-23,,,,
,Pangoro #140,Pokemon Ascended Heroes,8,Ungraded,Normal wear,,From TCGcollector: Ascended Heroes; 140/217; Normal; Uncommon,0,1,2026-08-23,,,,
,Pawniard #146,Pokemon Ascended Heroes,9,Ungraded,Normal wear,,From TCGcollector: Ascended Heroes; 146/217; Normal; Common,0,1,2026-08-23,,,,
,Pecharunt [Holo] #143,Pokemon Ascended Heroes,17,Ungraded,Normal wear,,From TCGcollector: Ascended Heroes; 143/217; Normal Holo; Rare,0,1,2026-08-23,,,,
,Pecharunt [Poke Ball] #143,Pokemon Ascended Heroes,30,Ungraded,Normal wear,,From TCGcollector: Ascended Heroes; 143/217; Poké Ball Reverse Holo; Rare,0,1,2026-08-23,,,,
,Pignite #30,Pokemon Ascended Heroes,16,Ungraded,Normal wear,,From TCGcollector: Ascended Heroes; 030/217; Normal; Uncommon,0,1,2026-08-23,,,,
,Pikachu #55,Pokemon Ascended Heroes,33,Ungraded,Normal wear,,From TCGcollector: Ascended Heroes; 055/217; Normal; Common,0,1,2026-08-23,,,,
,Poké Pad #198,Pokemon Ascended Heroes,37,Ungraded,Normal wear,,From TCGcollector: Ascended Heroes; 198/217; Normal; Common,0,1,2026-08-23,,,,
,Poochyena #128,Pokemon Ascended Heroes,13,Ungraded,Normal wear,,From TCGcollector: Ascended Heroes; 128/217; Normal; Common,0,1,2026-08-23,,,,
,Premium Power Pro #199,Pokemon Ascended Heroes,21,Ungraded,Normal wear,,From TCGcollector: Ascended Heroes; 199/217; Normal; Uncommon,0,1,2026-08-23,,,,
,Premium Power Pro [Reverse Holo] #199,Pokemon Ascended Heroes,27,Ungraded,Normal wear,,From TCGcollector: Ascended Heroes; 199/217; Reverse Holo; Uncommon,0,1,2026-08-23,,,,
,Prism Energy #216,Pokemon Ascended Heroes,18,Ungraded,Normal wear,,From TCGcollector: Ascended Heroes; 216/217; Normal; Uncommon,0,1,2026-08-23,,,,
,Psyduck #39,Pokemon Ascended Heroes,30,Ungraded,Normal wear,,From TCGcollector: Ascended Heroes; 039/217; Normal; Common,0,1,2026-08-23,,,,
,Raboot #37,Pokemon Ascended Heroes,8,Ungraded,Normal wear,,From TCGcollector: Ascended Heroes; 037/217; Normal; Common,0,1,2026-08-23,,,,
,Ralts #87,Pokemon Ascended Heroes,14,Ungraded,Normal wear,,From TCGcollector: Ascended Heroes; 087/217; Normal; Common,0,1,2026-08-23,,,,
,Riolu #112,Pokemon Ascended Heroes,11,Ungraded,Normal wear,,From TCGcollector: Ascended Heroes; 112/217; Normal; Common,0,1,2026-08-23,,,,
,Rolycoly #118,Pokemon Ascended Heroes,8,Ungraded,Normal wear,,From TCGcollector: Ascended Heroes; 118/217; Normal; Common,0,1,2026-08-23,,,,
,Rotom #92,Pokemon Ascended Heroes,15,Ungraded,Normal wear,,From TCGcollector: Ascended Heroes; 092/217; Normal; Common,0,1,2026-08-23,,,,
,Salandit #34,Pokemon Ascended Heroes,9,Ungraded,Normal wear,,From TCGcollector: Ascended Heroes; 034/217; Normal; Common,0,1,2026-08-23,,,,
,Salazzle [Holo] #224,Pokemon Ascended Heroes,249,Ungraded,Normal wear,,From TCGcollector: Ascended Heroes; 224/217; Normal Holo; Illustration Rare,0,1,2026-08-23,,,,
,Scorbunny #36,Pokemon Ascended Heroes,4,Ungraded,Normal wear,,From TCGcollector: Ascended Heroes; 036/217; Normal; Common,0,1,2026-08-23,,,,
,Scraggy #134,Pokemon Ascended Heroes,18,Ungraded,Normal wear,,From TCGcollector: Ascended Heroes; 134/217; Normal; Common,0,1,2026-08-23,,,,
,Shuppet #90,Pokemon Ascended Heroes,10,Ungraded,Normal wear,,From TCGcollector: Ascended Heroes; 090/217; Normal; Common,0,1,2026-08-23,,,,
,Skitty #165,Pokemon Ascended Heroes,16,Ungraded,Normal wear,,From TCGcollector: Ascended Heroes; 165/217; Normal; Common,0,1,2026-08-23,,,,
,Slurpuff #94,Pokemon Ascended Heroes,18,Ungraded,Normal wear,,From TCGcollector: Ascended Heroes; 094/217; Normal; Uncommon,0,1,2026-08-23,,,,
,Slurpuff [Reverse Holo] #94,Pokemon Ascended Heroes,25,Ungraded,Normal wear,,From TCGcollector: Ascended Heroes; 094/217; Energy Reverse Holo; Uncommon,0,1,2026-08-23,,,,
,Sneasel #44,Pokemon Ascended Heroes,9,Ungraded,Normal wear,,From TCGcollector: Ascended Heroes; 044/217; Normal; Common,0,1,2026-08-23,,,,
,Snom #52,Pokemon Ascended Heroes,12,Ungraded,Normal wear,,From TCGcollector: Ascended Heroes; 052/217; Normal; Common,0,1,2026-08-23,,,,
,Snorunt #46,Pokemon Ascended Heroes,19,Ungraded,Normal wear,,From TCGcollector: Ascended Heroes; 046/217; Normal; Common,0,1,2026-08-23,,,,
,Solrock #106,Pokemon Ascended Heroes,20,Ungraded,Normal wear,,From TCGcollector: Ascended Heroes; 106/217; Normal; Uncommon,0,1,2026-08-23,,,,
,Surfer #200,Pokemon Ascended Heroes,17,Ungraded,Normal wear,,From TCGcollector: Ascended Heroes; 200/217; Normal; Common,0,1,2026-08-23,,,,
,Swirlix #93,Pokemon Ascended Heroes,16,Ungraded,Normal wear,,From TCGcollector: Ascended Heroes; 093/217; Normal; Common,0,1,2026-08-23,,,,
,Tapu Koko [Holo] #67,Pokemon Ascended Heroes,16,Ungraded,Normal wear,,From TCGcollector: Ascended Heroes; 067/217; Normal Holo; Rare,0,1,2026-08-23,,,,
,Team Rocket's Archer #201,Pokemon Ascended Heroes,16,Ungraded,Normal wear,,From TCGcollector: Ascended Heroes; 201/217; Normal; Uncommon,0,1,2026-08-23,,,,
,Team Rocket's Diglett #100,Pokemon Ascended Heroes,7,Ungraded,Normal wear,,From TCGcollector: Ascended Heroes; 100/217; Normal; Common,0,1,2026-08-23,,,,
,Team Rocket's Dugtrio #101,Pokemon Ascended Heroes,4,Ungraded,Normal wear,,From TCGcollector: Ascended Heroes; 101/217; Normal; Uncommon,0,1,2026-08-23,,,,
,Team Rocket's Energy #217,Pokemon Ascended Heroes,23,Ungraded,Normal wear,,From TCGcollector: Ascended Heroes; 217/217; Normal; Uncommon,0,1,2026-08-23,,,,
,Team Rocket's Exeggcute #77,Pokemon Ascended Heroes,8,Ungraded,Normal wear,,From TCGcollector: Ascended Heroes; 077/217; Normal; Common,0,1,2026-08-23,,,,
,Team Rocket's Exeggutor [Holo] #78,Pokemon Ascended Heroes,18,Ungraded,Normal wear,,From TCGcollector: Ascended Heroes; 078/217; Normal Holo; Rare,0,1,2026-08-23,,,,
,Team Rocket's Factory #203,Pokemon Ascended Heroes,21,Ungraded,Normal wear,,From TCGcollector: Ascended Heroes; 203/217; Normal; Uncommon,0,1,2026-08-23,,,,
,Team Rocket's Great Ball #205,Pokemon Ascended Heroes,13,Ungraded,Normal wear,,From TCGcollector: Ascended Heroes; 205/217; Normal; Uncommon,0,1,2026-08-23,,,,
,Team Rocket's Hypnotizer #206,Pokemon Ascended Heroes,18,Ungraded,Normal wear,,From TCGcollector: Ascended Heroes; 206/217; Normal; Uncommon,0,1,2026-08-23,,,,
,Team Rocket's Meowth #161,Pokemon Ascended Heroes,13,Ungraded,Normal wear,,From TCGcollector: Ascended Heroes; 161/217; Normal; Common,0,1,2026-08-23,,,,
,Team Rocket's Mimikyu #97,Pokemon Ascended Heroes,20,Ungraded,Normal wear,,From TCGcollector: Ascended Heroes; 097/217; Normal; Uncommon,0,1,2026-08-23,,,,
,Team Rocket's Murkrow #126,Pokemon Ascended Heroes,18,Ungraded,Normal wear,,From TCGcollector: Ascended Heroes; 126/217; Normal; Common,0,1,2026-08-23,,,,
,Team Rocket's Petrel #207,Pokemon Ascended Heroes,32,Ungraded,Normal wear,,From TCGcollector: Ascended Heroes; 207/217; Normal; Uncommon,0,1,2026-08-23,,,,
,Team Rocket's Petrel [Reverse Holo] #207,Pokemon Ascended Heroes,64,Ungraded,Normal wear,,From TCGcollector: Ascended Heroes; 207/217; Reverse Holo; Uncommon,0,1,2026-08-23,,,,
,Team Rocket's Proton #208,Pokemon Ascended Heroes,17,Ungraded,Normal wear,,From TCGcollector: Ascended Heroes; 208/217; Normal; Uncommon,0,1,2026-08-23,,,,
,Team Rocket's Spidops [Holo] #19,Pokemon Ascended Heroes,15,Ungraded,Normal wear,,From TCGcollector: Ascended Heroes; 019/217; Normal Holo; Rare,0,1,2026-08-23,,,,
,Team Rocket's Tarountula #18,Pokemon Ascended Heroes,16,Ungraded,Normal wear,,From TCGcollector: Ascended Heroes; 018/217; Normal; Common,0,1,2026-08-23,,,,
,Team Rocket's Watchtower #210,Pokemon Ascended Heroes,17,Ungraded,Normal wear,,From TCGcollector: Ascended Heroes; 210/217; Normal; Uncommon,0,1,2026-08-23,,,,
,Tepig #29,Pokemon Ascended Heroes,10,Ungraded,Normal wear,,From TCGcollector: Ascended Heroes; 029/217; Normal; Common,0,1,2026-08-23,,,,
,Tepig [Reverse Holo] #29,Pokemon Ascended Heroes,21,Ungraded,Normal wear,,From TCGcollector: Ascended Heroes; 029/217; Energy Reverse Holo; Common,0,1,2026-08-23,,,,
,Thick Scale #211,Pokemon Ascended Heroes,13,Ungraded,Normal wear,,From TCGcollector: Ascended Heroes; 211/217; Normal; Uncommon,0,1,2026-08-23,,,,
,Togepi [Love Ball] #80,Pokemon Ascended Heroes,49,Ungraded,Normal wear,,From TCGcollector: Ascended Heroes; 080/217; Love Ball Reverse Holo; Common,0,1,2026-08-23,,,,
,Togetic #81,Pokemon Ascended Heroes,14,Ungraded,Normal wear,,From TCGcollector: Ascended Heroes; 081/217; Normal; Common,0,1,2026-08-23,,,,
,Totodile #41,Pokemon Ascended Heroes,18,Ungraded,Normal wear,,From TCGcollector: Ascended Heroes; 041/217; Normal; Common,0,1,2026-08-23,,,,
,Tynamo #59,Pokemon Ascended Heroes,14,Ungraded,Normal wear,,From TCGcollector: Ascended Heroes; 059/217; Normal; Common,0,1,2026-08-23,,,,
,Ultra Ball #213,Pokemon Ascended Heroes,20,Ungraded,Normal wear,,From TCGcollector: Ascended Heroes; 213/217; Normal; Common,0,1,2026-08-23,,,,
,Urbain #214,Pokemon Ascended Heroes,14,Ungraded,Normal wear,,From TCGcollector: Ascended Heroes; 214/217; Normal; Uncommon,0,1,2026-08-23,,,,
,Vikavolt #66,Pokemon Ascended Heroes,7,Ungraded,Normal wear,,From TCGcollector: Ascended Heroes; 066/217; Normal; Uncommon,0,1,2026-08-23,,,,
,Voltorb ex [Holo] #58,Pokemon Ascended Heroes,83,Ungraded,Normal wear,,From TCGcollector: Ascended Heroes; 058/217; Normal Holo; Double Rare,0,1,2026-08-23,,,,
,Waitress #215,Pokemon Ascended Heroes,21,Ungraded,Normal wear,,From TCGcollector: Ascended Heroes; 215/217; Normal; Common,0,1,2026-08-23,,,,
,Weavile #45,Pokemon Ascended Heroes,6,Ungraded,Normal wear,,From TCGcollector: Ascended Heroes; 045/217; Normal; Uncommon,0,1,2026-08-23,,,,
,Wurmple #11,Pokemon Ascended Heroes,11,Ungraded,Normal wear,,From TCGcollector: Ascended Heroes; 011/217; Normal; Common,0,1,2026-08-23,,,,
,Abomasnow [Holo] #TG01,Pokemon Astral Radiance,275,Ungraded,Normal wear,,From TCGcollector: Astral Radiance; TG01/TG30; Normal Holo; Rare Holo,0,1,2026-08-23,,,,
,Absol [Reverse Holo] #97,Pokemon Astral Radiance,46,Ungraded,Normal wear,,From TCGcollector: Astral Radiance; 097/189; Reverse Holo; Rare Holo,0,1,2026-08-23,,,,
,Adaman [Holo] #181,Pokemon Astral Radiance,375,Ungraded,Normal wear,,From TCGcollector: Astral Radiance; 181/189; Normal Holo; Rare Ultra,0,1,2026-08-23,,,,
,Azelf #67,Pokemon Astral Radiance,13,Ungraded,Normal wear,,From TCGcollector: Astral Radiance; 067/189; Normal; Uncommon,0,1,2026-08-23,,,,
,Barboach [Reverse Holo] #35,Pokemon Astral Radiance,23,Ungraded,Normal wear,,From TCGcollector: Astral Radiance; 035/189; Reverse Holo; Common,0,1,2026-08-23,,,,
,Bastiodon [Holo] #110,Pokemon Astral Radiance,38,Ungraded,Normal wear,,From TCGcollector: Astral Radiance; 110/189; Normal Holo; Rare Holo,0,1,2026-08-23,,,,
,Beedrill V [Holo] #160,Pokemon Astral Radiance,401,Ungraded,Normal wear,,From TCGcollector: Astral Radiance; 160/189; Normal Holo; Rare Ultra,0,1,2026-08-23,,,,
,Beedrill V [Holo] #161,Pokemon Astral Radiance,7997,Ungraded,Normal wear,,From TCGcollector: Astral Radiance; 161/189; Normal Holo; Rare Ultra,0,1,2026-08-23,,,,
,Bergmite #47,Pokemon Astral Radiance,8,Ungraded,Normal wear,,From TCGcollector: Astral Radiance; 047/189; Normal; Common,0,1,2026-08-23,,,,
,Bisharp #116,Pokemon Astral Radiance,10,Ungraded,Normal wear,,From TCGcollector: Astral Radiance; 116/189; Normal; Uncommon,0,1,2026-08-23,,,,
,Bronzor #111,Pokemon Astral Radiance,4,Ungraded,Normal wear,,From TCGcollector: Astral Radiance; 111/189; Normal; Common,0,1,2026-08-23,,,,
,Chatot #129,Pokemon Astral Radiance,4,Ungraded,Normal wear,,From TCGcollector: Astral Radiance; 129/189; Normal; Common,0,1,2026-08-23,,,,
,Cranidos [Reverse Holo] #76,Pokemon Astral Radiance,28,Ungraded,Normal wear,,From TCGcollector: Astral Radiance; 076/189; Reverse Holo; Uncommon,0,1,2026-08-23,,,,
,Cyndaquil #23,Pokemon Astral Radiance,17,Ungraded,Normal wear,,From TCGcollector: Astral Radiance; 023/189; Normal; Common,0,1,2026-08-23,,,,
,Cyndaquil [Reverse Holo] #23,Pokemon Astral Radiance,33,Ungraded,Normal wear,,From TCGcollector: Astral Radiance; 023/189; Reverse Holo; Common,0,1,2026-08-23,,,,
,Dark Patch #139,Pokemon Astral Radiance,29,Ungraded,Normal wear,,From TCGcollector: Astral Radiance; 139/189; Normal; Uncommon,0,1,2026-08-23,,,,
,Darkrai V [Holo] #98,Pokemon Astral Radiance,198,Ungraded,Normal wear,,From TCGcollector: Astral Radiance; 098/189; Normal Holo; Holo Rare V,0,2,2026-08-23,,,,
,Dartrix [Reverse Holo] #20,Pokemon Astral Radiance,21,Ungraded,Normal wear,,From TCGcollector: Astral Radiance; 020/189; Reverse Holo; Uncommon,0,1,2026-08-23,,,,
,Dewott #42,Pokemon Astral Radiance,19,Ungraded,Normal wear,,From TCGcollector: Astral Radiance; 042/189; Normal; Uncommon,0,1,2026-08-23,,,,
,Diancie [Reverse Holo] #68,Pokemon Astral Radiance,41,Ungraded,Normal wear,,From TCGcollector: Astral Radiance; 068/189; Reverse Holo; Rare Holo,0,1,2026-08-23,,,,
,Drifblim #64,Pokemon Astral Radiance,13,Ungraded,Normal wear,,From TCGcollector: Astral Radiance; 064/189; Normal; Uncommon,0,1,2026-08-23,,,,
,Drifloon #63,Pokemon Astral Radiance,19,Ungraded,Normal wear,,From TCGcollector: Astral Radiance; 063/189; Normal; Common,0,1,2026-08-23,,,,
,Eevee #119,Pokemon Astral Radiance,30,Ungraded,Normal wear,,From TCGcollector: Astral Radiance; 119/189; Normal; Common,0,1,2026-08-23,,,,
,Falinks [Holo] #TG07,Pokemon Astral Radiance,419,Ungraded,Normal wear,,From TCGcollector: Astral Radiance; TG07/TG30; Normal Holo; Rare Holo,0,3,2026-08-23,,,,
,Flapple [Holo] #TG02,Pokemon Astral Radiance,336,Ungraded,Normal wear,,From TCGcollector: Astral Radiance; TG02/TG30; Normal Holo; Rare Holo,0,2,2026-08-23,,,,
,Galarian Mr. Rime V [Holo] #49,Pokemon Astral Radiance,93,Ungraded,Normal wear,,From TCGcollector: Astral Radiance; 049/189; Normal Holo; Holo Rare V,0,2,2026-08-23,,,,
,Gallade [Holo] #62,Pokemon Astral Radiance,41,Ungraded,Normal wear,,From TCGcollector: Astral Radiance; 062/189; Normal Holo; Rare Holo,0,1,2026-08-23,,,,
,Gallade [Reverse Holo] #62,Pokemon Astral Radiance,45,Ungraded,Normal wear,,From TCGcollector: Astral Radiance; 062/189; Reverse Holo; Rare Holo,0,1,2026-08-23,,,,
,Gapejaw Bog [Reverse Holo] #142,Pokemon Astral Radiance,27,Ungraded,Normal wear,,From TCGcollector: Astral Radiance; 142/189; Reverse Holo; Uncommon,0,1,2026-08-23,,,,
,Garchomp V [Holo] #117,Pokemon Astral Radiance,130,Ungraded,Normal wear,,From TCGcollector: Astral Radiance; 117/189; Normal Holo; Holo Rare V,0,1,2026-08-23,,,,
,Gardenia's Vigor #143,Pokemon Astral Radiance,16,Ungraded,Normal wear,,From TCGcollector: Astral Radiance; 143/189; Normal; Uncommon,0,1,2026-08-23,,,,
,Gardenia's Vigor [Reverse Holo] #143,Pokemon Astral Radiance,31,Ungraded,Normal wear,,From TCGcollector: Astral Radiance; 143/189; Reverse Holo; Uncommon,0,1,2026-08-23,,,,
,Glaceon [Reverse Holo] #38,Pokemon Astral Radiance,97,Ungraded,Normal wear,,From TCGcollector: Astral Radiance; 038/189; Reverse Holo; Rare,0,1,2026-08-23,,,,
,Glameow #127,Pokemon Astral Radiance,11,Ungraded,Normal wear,,From TCGcollector: Astral Radiance; 127/189; Normal; Common,0,1,2026-08-23,,,,
,Golduck #29,Pokemon Astral Radiance,14,Ungraded,Normal wear,,From TCGcollector: Astral Radiance; 029/189; Normal; Uncommon,0,1,2026-08-23,,,,
,Golduck [Reverse Holo] #29,Pokemon Astral Radiance,26,Ungraded,Normal wear,,From TCGcollector: Astral Radiance; 029/189; Reverse Holo; Uncommon,0,1,2026-08-23,,,,
,Grant [Reverse Holo] #144,Pokemon Astral Radiance,17,Ungraded,Normal wear,,From TCGcollector: Astral Radiance; 144/189; Reverse Holo; Uncommon,0,1,2026-08-23,,,,
,Gutsy Pickaxe #145,Pokemon Astral Radiance,17,Ungraded,Normal wear,,From TCGcollector: Astral Radiance; 145/189; Normal; Uncommon,0,1,2026-08-23,,,,
,Heatran V [Holo] #25,Pokemon Astral Radiance,91,Ungraded,Normal wear,,From TCGcollector: Astral Radiance; 025/189; Normal Holo; Holo Rare V,0,1,2026-08-23,,,,
,Heatran VMAX [Holo] #191,Pokemon Astral Radiance,672,Ungraded,Normal wear,,From TCGcollector: Astral Radiance; 191/189; Normal Holo; Rare Rainbow,0,1,2026-08-23,,,,
,Heatran VMAX [Holo] #26,Pokemon Astral Radiance,172,Ungraded,Normal wear,,From TCGcollector: Astral Radiance; 026/189; Normal Holo; Holo Rare VMAX,0,1,2026-08-23,,,,
,Hippopotas #79,Pokemon Astral Radiance,10,Ungraded,Normal wear,,From TCGcollector: Astral Radiance; 079/189; Normal; Common,0,1,2026-08-23,,,,
,Hippowdon #80,Pokemon Astral Radiance,10,Ungraded,Normal wear,,From TCGcollector: Astral Radiance; 080/189; Normal; Uncommon,0,1,2026-08-23,,,,
,Hippowdon [Reverse Holo] #80,Pokemon Astral Radiance,28,Ungraded,Normal wear,,From TCGcollector: Astral Radiance; 080/189; Reverse Holo; Uncommon,0,1,2026-08-23,,,,
,Hisuian Basculin #43,Pokemon Astral Radiance,5,Ungraded,Normal wear,,From TCGcollector: Astral Radiance; 043/189; Normal; Common,0,1,2026-08-23,,,,
,Hisuian Basculin [Reverse Holo] #43,Pokemon Astral Radiance,22,Ungraded,Normal wear,,From TCGcollector: Astral Radiance; 043/189; Reverse Holo; Common,0,1,2026-08-23,,,,
,Hisuian Braviary [Reverse Holo] #132,Pokemon Astral Radiance,27,Ungraded,Normal wear,,From TCGcollector: Astral Radiance; 132/189; Reverse Holo; Rare,0,1,2026-08-23,,,,
,Hisuian Decidueye V [Holo] #83,Pokemon Astral Radiance,80,Ungraded,Normal wear,,From TCGcollector: Astral Radiance; 083/189; Normal Holo; Holo Rare V,0,2,2026-08-23,,,,
,Hisuian Growlithe #70,Pokemon Astral Radiance,18,Ungraded,Normal wear,,From TCGcollector: Astral Radiance; 070/189; Normal; Common,0,1,2026-08-23,,,,
,Hisuian Heavy Ball #146,Pokemon Astral Radiance,26,Ungraded,Normal wear,,From TCGcollector: Astral Radiance; 146/189; Normal; Uncommon,0,1,2026-08-23,,,,
,Hisuian Lilligant [Holo] #16,Pokemon Astral Radiance,23,Ungraded,Normal wear,,From TCGcollector: Astral Radiance; 016/189; Normal Holo; Rare Holo,0,1,2026-08-23,,,,
,Hisuian Lilligant V [Holo] #17,Pokemon Astral Radiance,77,Ungraded,Normal wear,,From TCGcollector: Astral Radiance; 017/189; Normal Holo; Holo Rare V,0,1,2026-08-23,,,,
,Hisuian Qwilfish #88,Pokemon Astral Radiance,4,Ungraded,Normal wear,,From TCGcollector: Astral Radiance; 088/189; Normal; Common,0,1,2026-08-23,,,,
,Hisuian Qwilfish #89,Pokemon Astral Radiance,7,Ungraded,Normal wear,,From TCGcollector: Astral Radiance; 089/189; Normal; Common,0,1,2026-08-23,,,,
,Hisuian Samurott VSTAR [Holo] #102,Pokemon Astral Radiance,156,Ungraded,Normal wear,,From TCGcollector: Astral Radiance; 102/189; Normal Holo; Holo Rare VSTAR,0,1,2026-08-23,,,,
,Hisuian Samurott VSTAR [Holo] #209,Pokemon Astral Radiance,905,Ungraded,Normal wear,,From TCGcollector: Astral Radiance; 209/189; Normal Holo; Rare Secret,0,1,2026-08-23,,,,
,Hisuian Sneasler [Reverse Holo] #93,Pokemon Astral Radiance,37,Ungraded,Normal wear,,From TCGcollector: Astral Radiance; 093/189; Reverse Holo; Rare Holo,0,1,2026-08-23,,,,
,Hisuian Sneasler V [Holo] #94,Pokemon Astral Radiance,92,Ungraded,Normal wear,,From TCGcollector: Astral Radiance; 094/189; Normal Holo; Holo Rare V,0,1,2026-08-23,,,,
,Hisuian Typhlosion [Reverse Holo] #52,Pokemon Astral Radiance,60,Ungraded,Normal wear,,From TCGcollector: Astral Radiance; 052/189; Reverse Holo; Rare Holo,0,1,2026-08-23,,,,
,Hisuian Typhlosion V [Holo] #169,Pokemon Astral Radiance,603,Ungraded,Normal wear,,From TCGcollector: Astral Radiance; 169/189; Normal Holo; Rare Ultra,0,1,2026-08-23,,,,
,Hisuian Typhlosion V [Holo] #53,Pokemon Astral Radiance,184,Ungraded,Normal wear,,From TCGcollector: Astral Radiance; 053/189; Normal Holo; Holo Rare V,0,1,2026-08-23,,,,
,Hoothoot #120,Pokemon Astral Radiance,4,Ungraded,Normal wear,,From TCGcollector: Astral Radiance; 120/189; Normal; Common,0,1,2026-08-23,,,,
,Hoothoot [Holo] #TG12,Pokemon Astral Radiance,834,Ungraded,Normal wear,,From TCGcollector: Astral Radiance; TG12/TG30; Normal Holo; Rare Holo,0,1,2026-08-23,,,,
,Jubilife Village #148,Pokemon Astral Radiance,14,Ungraded,Normal wear,,From TCGcollector: Astral Radiance; 148/189; Normal; Uncommon,0,1,2026-08-23,,,,
,Jubilife Village [Reverse Holo] #148,Pokemon Astral Radiance,17,Ungraded,Normal wear,,From TCGcollector: Astral Radiance; 148/189; Reverse Holo; Uncommon,0,1,2026-08-23,,,,
,Kamado #149,Pokemon Astral Radiance,7,Ungraded,Normal wear,,From TCGcollector: Astral Radiance; 149/189; Normal; Uncommon,0,1,2026-08-23,,,,
,Kamado [Reverse Holo] #149,Pokemon Astral Radiance,18,Ungraded,Normal wear,,From TCGcollector: Astral Radiance; 149/189; Reverse Holo; Uncommon,0,1,2026-08-23,,,,
,Kingdra [Holo] #TG03,Pokemon Astral Radiance,1257,Ungraded,Normal wear,,From TCGcollector: Astral Radiance; TG03/TG30; Normal Holo; Rare Holo,0,1,2026-08-23,,,,
,Kleavor [Reverse Holo] #85,Pokemon Astral Radiance,32,Ungraded,Normal wear,,From TCGcollector: Astral Radiance; 085/189; Reverse Holo; Rare,0,1,2026-08-23,,,,
,Kleavor [Holo] #86,Pokemon Astral Radiance,33,Ungraded,Normal wear,,From TCGcollector: Astral Radiance; 086/189; Normal Holo; Rare Holo,0,1,2026-08-23,,,,
,Kleavor [Holo] #TG08,Pokemon Astral Radiance,333,Ungraded,Normal wear,,From TCGcollector: Astral Radiance; TG08/TG30; Normal Holo; Rare Holo,0,1,2026-08-23,,,,
,Leafeon #13,Pokemon Astral Radiance,41,Ungraded,Normal wear,,From TCGcollector: Astral Radiance; 013/189; Normal; Rare,0,1,2026-08-23,,,,
,Lucario V [Holo] #78,Pokemon Astral Radiance,170,Ungraded,Normal wear,,From TCGcollector: Astral Radiance; 078/189; Normal Holo; Holo Rare V,0,2,2026-08-23,,,,
,Machamp V [Holo] #72,Pokemon Astral Radiance,196,Ungraded,Normal wear,,From TCGcollector: Astral Radiance; 072/189; Normal Holo; Holo Rare V,0,1,2026-08-23,,,,
,Mantine [Reverse Holo] #34,Pokemon Astral Radiance,28,Ungraded,Normal wear,,From TCGcollector: Astral Radiance; 034/189; Reverse Holo; Common,0,1,2026-08-23,,,,
,Melony [Holo] #TG26,Pokemon Astral Radiance,496,Ungraded,Normal wear,,From TCGcollector: Astral Radiance; TG26/TG30; Normal Holo; Rare Ultra,0,1,2026-08-23,,,,
,Mesprit [Holo] #66,Pokemon Astral Radiance,37,Ungraded,Normal wear,,From TCGcollector: Astral Radiance; 066/189; Normal Holo; Rare Holo,0,1,2026-08-23,,,,
,Mightyena [Holo] #TG09,Pokemon Astral Radiance,509,Ungraded,Normal wear,,From TCGcollector: Astral Radiance; TG09/TG30; Normal Holo; Rare Holo,0,1,2026-08-23,,,,
,Milo [Holo] #TG27,Pokemon Astral Radiance,282,Ungraded,Normal wear,,From TCGcollector: Astral Radiance; TG27/TG30; Normal Holo; Rare Ultra,0,1,2026-08-23,,,,
,Miltank [Holo] #126,Pokemon Astral Radiance,28,Ungraded,Normal wear,,From TCGcollector: Astral Radiance; 126/189; Normal Holo; Rare Holo,0,1,2026-08-23,,,,
,Nickit #103,Pokemon Astral Radiance,3,Ungraded,Normal wear,,From TCGcollector: Astral Radiance; 103/189; Normal; Common,0,1,2026-08-23,,,,
,Noctowl #121,Pokemon Astral Radiance,13,Ungraded,Normal wear,,From TCGcollector: Astral Radiance; 121/189; Normal; Uncommon,0,1,2026-08-23,,,,
,Noctowl [Reverse Holo] #121,Pokemon Astral Radiance,25,Ungraded,Normal wear,,From TCGcollector: Astral Radiance; 121/189; Reverse Holo; Uncommon,0,1,2026-08-23,,,,
,Origin Forme Dialga V [Holo] #177,Pokemon Astral Radiance,6546,Ungraded,Normal wear,,From TCGcollector: Astral Radiance; 177/189; Normal Holo; Rare Ultra,0,1,2026-08-23,,,,
,Origin Forme Dialga VSTAR [Holo] #114,Pokemon Astral Radiance,195,Ungraded,Normal wear,,From TCGcollector: Astral Radiance; 114/189; Normal Holo; Holo Rare VSTAR,0,1,2026-08-23,,,,
,Oshawott #41,Pokemon Astral Radiance,14,Ungraded,Normal wear,,From TCGcollector: Astral Radiance; 041/189; Normal; Common,0,1,2026-08-23,,,,
,Oshawott [Reverse Holo] #41,Pokemon Astral Radiance,39,Ungraded,Normal wear,,From TCGcollector: Astral Radiance; 041/189; Reverse Holo; Common,0,1,2026-08-23,,,,
,Pawniard #115,Pokemon Astral Radiance,17,Ungraded,Normal wear,,From TCGcollector: Astral Radiance; 115/189; Normal; Common,0,1,2026-08-23,,,,
,Petilil [Reverse Holo] #15,Pokemon Astral Radiance,19,Ungraded,Normal wear,,From TCGcollector: Astral Radiance; 015/189; Reverse Holo; Common,0,1,2026-08-23,,,,
,Ponyta #21,Pokemon Astral Radiance,15,Ungraded,Normal wear,,From TCGcollector: Astral Radiance; 021/189; Normal; Common,0,1,2026-08-23,,,,
,Poochyena #95,Pokemon Astral Radiance,16,Ungraded,Normal wear,,From TCGcollector: Astral Radiance; 095/189; Normal; Common,0,1,2026-08-23,,,,
,Psyduck #28,Pokemon Astral Radiance,25,Ungraded,Normal wear,,From TCGcollector: Astral Radiance; 028/189; Normal; Common,0,1,2026-08-23,,,,
,Purugly #128,Pokemon Astral Radiance,14,Ungraded,Normal wear,,From TCGcollector: Astral Radiance; 128/189; Normal; Uncommon,0,1,2026-08-23,,,,
,Quilava #24,Pokemon Astral Radiance,16,Ungraded,Normal wear,,From TCGcollector: Astral Radiance; 024/189; Normal; Uncommon,0,1,2026-08-23,,,,
,Radiant Greninja [Holo] #46,Pokemon Astral Radiance,360,Ungraded,Normal wear,,From TCGcollector: Astral Radiance; 046/189; Normal Holo; Radiant Rare,0,1,2026-08-23,,,,
,Radiant Hawlucha [Holo] #81,Pokemon Astral Radiance,83,Ungraded,Normal wear,,From TCGcollector: Astral Radiance; 081/189; Normal Holo; Radiant Rare,0,2,2026-08-23,,,,
,Radiant Heatran [Holo] #27,Pokemon Astral Radiance,58,Ungraded,Normal wear,,From TCGcollector: Astral Radiance; 027/189; Normal Holo; Radiant Rare,0,1,2026-08-23,,,,
,Rampardos [Holo] #77,Pokemon Astral Radiance,63,Ungraded,Normal wear,,From TCGcollector: Astral Radiance; 077/189; Normal Holo; Rare Holo,0,1,2026-08-23,,,,
,Rapidash [Reverse Holo] #22,Pokemon Astral Radiance,26,Ungraded,Normal wear,,From TCGcollector: Astral Radiance; 022/189; Reverse Holo; Rare,0,1,2026-08-23,,,,
,Regidrago #118,Pokemon Astral Radiance,23,Ungraded,Normal wear,,From TCGcollector: Astral Radiance; 118/189; Normal; Rare,0,1,2026-08-23,,,,
,Regieleki [Reverse Holo] #51,Pokemon Astral Radiance,29,Ungraded,Normal wear,,From TCGcollector: Astral Radiance; 051/189; Reverse Holo; Rare,0,1,2026-08-23,,,,
,Regigigas [Holo] #130,Pokemon Astral Radiance,37,Ungraded,Normal wear,,From TCGcollector: Astral Radiance; 130/189; Normal Holo; Rare Holo,0,1,2026-08-23,,,,
,Regirock #75,Pokemon Astral Radiance,22,Ungraded,Normal wear,,From TCGcollector: Astral Radiance; 075/189; Normal; Rare,0,1,2026-08-23,,,,
,Registeel [Reverse Holo] #108,Pokemon Astral Radiance,31,Ungraded,Normal wear,,From TCGcollector: Astral Radiance; 108/189; Reverse Holo; Rare,0,1,2026-08-23,,,,
,Rufflet #131,Pokemon Astral Radiance,7,Ungraded,Normal wear,,From TCGcollector: Astral Radiance; 131/189; Normal; Common,0,1,2026-08-23,,,,
,Shadow Rider Calyrex VMAX [Holo] #TG30,Pokemon Astral Radiance,381,Ungraded,Normal wear,,From TCGcollector: Astral Radiance; TG30/TG30; Normal Holo; Rare Secret,0,1,2026-08-23,,,,
,Shaymin [Reverse Holo] #14,Pokemon Astral Radiance,42,Ungraded,Normal wear,,From TCGcollector: Astral Radiance; 014/189; Reverse Holo; Rare,0,1,2026-08-23,,,,
,Spicy Seasoned Curry #151,Pokemon Astral Radiance,12,Ungraded,Normal wear,,From TCGcollector: Astral Radiance; 151/189; Normal; Uncommon,0,1,2026-08-23,,,,
,Stantler #125,Pokemon Astral Radiance,16,Ungraded,Normal wear,,From TCGcollector: Astral Radiance; 125/189; Normal; Common,0,1,2026-08-23,,,,
,Stantler [Reverse Holo] #125,Pokemon Astral Radiance,23,Ungraded,Normal wear,,From TCGcollector: Astral Radiance; 125/189; Reverse Holo; Common,0,1,2026-08-23,,,,
,Sudowoodo #74,Pokemon Astral Radiance,9,Ungraded,Normal wear,,From TCGcollector: Astral Radiance; 074/189; Normal; Common,0,1,2026-08-23,,,,
,Sweet Honey #153,Pokemon Astral Radiance,12,Ungraded,Normal wear,,From TCGcollector: Astral Radiance; 153/189; Normal; Uncommon,0,1,2026-08-23,,,,
,Sweet Honey [Reverse Holo] #153,Pokemon Astral Radiance,25,Ungraded,Normal wear,,From TCGcollector: Astral Radiance; 153/189; Reverse Holo; Uncommon,0,1,2026-08-23,,,,
,Swinub #31,Pokemon Astral Radiance,13,Ungraded,Normal wear,,From TCGcollector: Astral Radiance; 031/189; Normal; Common,0,1,2026-08-23,,,,
,Switch Cart #154,Pokemon Astral Radiance,23,Ungraded,Normal wear,,From TCGcollector: Astral Radiance; 154/189; Normal; Uncommon,0,1,2026-08-23,,,,
,Switch Cart [Reverse Holo] #154,Pokemon Astral Radiance,39,Ungraded,Normal wear,,From TCGcollector: Astral Radiance; 154/189; Reverse Holo; Uncommon,0,1,2026-08-23,,,,
,Togekiss [Holo] #57,Pokemon Astral Radiance,38,Ungraded,Normal wear,,From TCGcollector: Astral Radiance; 057/189; Normal Holo; Rare Holo,0,1,2026-08-23,,,,
,Togepi #55,Pokemon Astral Radiance,17,Ungraded,Normal wear,,From TCGcollector: Astral Radiance; 055/189; Normal; Common,0,1,2026-08-23,,,,
,Togetic #56,Pokemon Astral Radiance,19,Ungraded,Normal wear,,From TCGcollector: Astral Radiance; 056/189; Normal; Uncommon,0,1,2026-08-23,,,,
,Trekking Shoes #156,Pokemon Astral Radiance,14,Ungraded,Normal wear,,From TCGcollector: Astral Radiance; 156/189; Normal; Uncommon,0,1,2026-08-23,,,,
,Ursaring #123,Pokemon Astral Radiance,14,Ungraded,Normal wear,,From TCGcollector: Astral Radiance; 123/189; Normal; Uncommon,0,1,2026-08-23,,,,
,Uxie #65,Pokemon Astral Radiance,11,Ungraded,Normal wear,,From TCGcollector: Astral Radiance; 065/189; Normal; Uncommon,0,1,2026-08-23,,,,
,Vespiquen [Reverse Holo] #12,Pokemon Astral Radiance,20,Ungraded,Normal wear,,From TCGcollector: Astral Radiance; 012/189; Reverse Holo; Rare,0,1,2026-08-23,,,,
,Whiscash #36,Pokemon Astral Radiance,17,Ungraded,Normal wear,,From TCGcollector: Astral Radiance; 036/189; Normal; Uncommon,0,1,2026-08-23,,,,
,Wyrdeer [Reverse Holo] #69,Pokemon Astral Radiance,47,Ungraded,Normal wear,,From TCGcollector: Astral Radiance; 069/189; Reverse Holo; Rare Holo,0,1,2026-08-23,,,,
,Wyrdeer [Holo] #TG06,Pokemon Astral Radiance,278,Ungraded,Normal wear,,From TCGcollector: Astral Radiance; TG06/TG30; Normal Holo; Rare Holo,0,1,2026-08-23,,,,
,Wyrdeer V [Holo] #134,Pokemon Astral Radiance,75,Ungraded,Normal wear,,From TCGcollector: Astral Radiance; 134/189; Normal Holo; Holo Rare V,0,1,2026-08-23,,,,
,Wyrdeer V [Holo] #180,Pokemon Astral Radiance,218,Ungraded,Normal wear,,From TCGcollector: Astral Radiance; 180/189; Normal Holo; Rare Ultra,0,1,2026-08-23,,,,
,Yanma [Reverse Holo] #6,Pokemon Astral Radiance,22,Ungraded,Normal wear,,From TCGcollector: Astral Radiance; 006/189; Reverse Holo; Common,0,1,2026-08-23,,,,
,Zisu #159,Pokemon Astral Radiance,8,Ungraded,Normal wear,,From TCGcollector: Astral Radiance; 159/189; Normal; Uncommon,0,1,2026-08-23,,,,
,Bronzong [Holo] #102,Pokemon Battle Styles,27,Ungraded,Normal wear,,From TCGcollector: Battle Styles; 102/163; Normal Holo; Rare Holo,0,1,2026-08-23,,,,
,Entei [Holo] #20,Pokemon Battle Styles,41,Ungraded,Normal wear,,From TCGcollector: Battle Styles; 020/163; Normal Holo; Rare Holo,0,1,2026-08-23,,,,
,Exp. Share [Reverse Holo] #126,Pokemon Battle Styles,16,Ungraded,Normal wear,,From TCGcollector: Battle Styles; 126/163; Reverse Holo; Uncommon,0,1,2026-08-23,,,,
,Fearow [Reverse Holo] #112,Pokemon Battle Styles,26,Ungraded,Normal wear,,From TCGcollector: Battle Styles; 112/163; Reverse Holo; Uncommon,0,1,2026-08-23,,,,
,Flapple V [Holo] #18,Pokemon Battle Styles,78,Ungraded,Normal wear,,From TCGcollector: Battle Styles; 018/163; Normal Holo; Holo Rare V,0,1,2026-08-23,,,,
,Flapple VMAX [Holo] #19,Pokemon Battle Styles,230,Ungraded,Normal wear,,From TCGcollector: Battle Styles; 019/163; Normal Holo; Holo Rare VMAX,0,1,2026-08-23,,,,
,Korrina's Focus [Holo] #160,Pokemon Battle Styles,425,Ungraded,Normal wear,,From TCGcollector: Battle Styles; 160/163; Normal Holo; Rare Ultra,0,1,2026-08-23,,,,
,Kricketune V [Holo] #6,Pokemon Battle Styles,73,Ungraded,Normal wear,,From TCGcollector: Battle Styles; 006/163; Normal Holo; Holo Rare V,0,1,2026-08-23,,,,
,Level Ball [Reverse Holo] #129,Pokemon Battle Styles,39,Ungraded,Normal wear,,From TCGcollector: Battle Styles; 129/163; Reverse Holo; Uncommon,0,1,2026-08-23,,,,
,Luxray [Holo] #48,Pokemon Battle Styles,41,Ungraded,Normal wear,,From TCGcollector: Battle Styles; 048/163; Normal Holo; Rare Holo,0,1,2026-08-23,,,,
,Meowstic [Holo] #61,Pokemon Battle Styles,44,Ungraded,Normal wear,,From TCGcollector: Battle Styles; 061/163; Normal Holo; Rare Holo,0,1,2026-08-23,,,,
,Necrozma V [Holo] #149,Pokemon Battle Styles,516,Ungraded,Normal wear,,From TCGcollector: Battle Styles; 149/163; Normal Holo; Rare Ultra,0,1,2026-08-23,,,,
,Orbeetle [Holo] #65,Pokemon Battle Styles,23,Ungraded,Normal wear,,From TCGcollector: Battle Styles; 065/163; Normal Holo; Rare Holo,0,1,2026-08-23,,,,
,Rapid Strike Urshifu VMAX [Holo] #88,Pokemon Battle Styles,169,Ungraded,Normal wear,,From TCGcollector: Battle Styles; 088/163; Normal Holo; Holo Rare VMAX,0,1,2026-08-23,,,,
,Salazzle [Reverse Holo] #28,Pokemon Battle Styles,25,Ungraded,Normal wear,,From TCGcollector: Battle Styles; 028/163; Reverse Holo; Rare,0,1,2026-08-23,,,,
,Single Strike Urshifu V [Holo] #85,Pokemon Battle Styles,74,Ungraded,Normal wear,,From TCGcollector: Battle Styles; 085/163; Normal Holo; Holo Rare V,0,1,2026-08-23,,,,
,Stoutland V [Holo] #117,Pokemon Battle Styles,64,Ungraded,Normal wear,,From TCGcollector: Battle Styles; 117/163; Normal Holo; Holo Rare V,0,1,2026-08-23,,,,
,Victini VMAX [Holo] #22,Pokemon Battle Styles,315,Ungraded,Normal wear,,From TCGcollector: Battle Styles; 022/163; Normal Holo; Holo Rare VMAX,0,1,2026-08-23,,,,
,Acerola's Premonition [Reverse Holo] #129,Pokemon Brilliant Stars,22,Ungraded,Normal wear,,From TCGcollector: Brilliant Stars; 129/172; Reverse Holo; Uncommon,0,1,2026-08-23,,,,
,Acerola's Premonition [Holo] #TG24,Pokemon Brilliant Stars,876,Ungraded,Normal wear,,From TCGcollector: Brilliant Stars; TG24/TG30; Normal Holo; Rare Ultra,0,1,2026-08-23,,,,
,Aggron V [Holo] #96,Pokemon Brilliant Stars,95,Ungraded,Normal wear,,From TCGcollector: Brilliant Stars; 096/172; Normal Holo; Holo Rare V,0,1,2026-08-23,,,,
,Alcremie [Reverse Holo] #71,Pokemon Brilliant Stars,37,Ungraded,Normal wear,,From TCGcollector: Brilliant Stars; 071/172; Reverse Holo; Rare,0,1,2026-08-23,,,,
,Arceus V [Holo] #122,Pokemon Brilliant Stars,348,Ungraded,Normal wear,,From TCGcollector: Brilliant Stars; 122/172; Normal Holo; Holo Rare V,0,2,2026-08-23,,,,
,Arceus V [Metal Card] #122,Pokemon Brilliant Stars,1611,Ungraded,Normal wear,,From TCGcollector: Brilliant Stars; 122/172; Metal Card; Holo Rare V,0,1,2026-08-23,,,,
,Arceus V [Holo] #165,Pokemon Brilliant Stars,989,Ungraded,Normal wear,,From TCGcollector: Brilliant Stars; 165/172; Normal Holo; Rare Ultra,0,2,2026-08-23,,,,
,Arceus VSTAR [Metal Card] #123,Pokemon Brilliant Stars,2168,Ungraded,Normal wear,,From TCGcollector: Brilliant Stars; 123/172; Metal Card; Holo Rare VSTAR,0,1,2026-08-23,,,,
,Ariados [Holo] #TG09,Pokemon Brilliant Stars,250,Ungraded,Normal wear,,From TCGcollector: Brilliant Stars; TG09/TG30; Normal Holo; Rare Holo,0,1,2026-08-23,,,,
,Axew [Reverse Holo] #110,Pokemon Brilliant Stars,26,Ungraded,Normal wear,,From TCGcollector: Brilliant Stars; 110/172; Reverse Holo; Common,0,1,2026-08-23,,,,
,Barry [Reverse Holo] #130,Pokemon Brilliant Stars,20,Ungraded,Normal wear,,From TCGcollector: Brilliant Stars; 130/172; Reverse Holo; Uncommon,0,2,2026-08-23,,,,
,Barry [Holo] #167,Pokemon Brilliant Stars,189,Ungraded,Normal wear,,From TCGcollector: Brilliant Stars; 167/172; Normal Holo; Rare Ultra,0,1,2026-08-23,,,,
,Bibarel [Holo] #121,Pokemon Brilliant Stars,36,Ungraded,Normal wear,,From TCGcollector: Brilliant Stars; 121/172; Normal Holo; Rare Holo,0,1,2026-08-23,,,,
,Bidoof [Reverse Holo] #120,Pokemon Brilliant Stars,23,Ungraded,Normal wear,,From TCGcollector: Brilliant Stars; 120/172; Reverse Holo; Common,0,2,2026-08-23,,,,
,Blunder Policy [Reverse Holo] #131,Pokemon Brilliant Stars,18,Ungraded,Normal wear,,From TCGcollector: Brilliant Stars; 131/172; Reverse Holo; Uncommon,0,2,2026-08-23,,,,
,Buizel [Reverse Holo] #38,Pokemon Brilliant Stars,20,Ungraded,Normal wear,,From TCGcollector: Brilliant Stars; 038/172; Reverse Holo; Common,0,1,2026-08-23,,,,
,Castform [Reverse Holo] #116,Pokemon Brilliant Stars,22,Ungraded,Normal wear,,From TCGcollector: Brilliant Stars; 116/172; Reverse Holo; Common,0,2,2026-08-23,,,,
,Charizard V [Holo] #154,Pokemon Brilliant Stars,30345,Ungraded,Normal wear,,From TCGcollector: Brilliant Stars; 154/172; Normal Holo; Rare Ultra,0,1,2026-08-23,,,,
,Charizard VSTAR [Holo] #18,Pokemon Brilliant Stars,1306,Ungraded,Normal wear,,From TCGcollector: Brilliant Stars; 018/172; Normal Holo; Holo Rare VSTAR,0,1,2026-08-23,,,,
,Cheren's Care [Reverse Holo] #134,Pokemon Brilliant Stars,20,Ungraded,Normal wear,,From TCGcollector: Brilliant Stars; 134/172; Reverse Holo; Uncommon,0,1,2026-08-23,,,,
,Cherubi [Reverse Holo] #12,Pokemon Brilliant Stars,21,Ungraded,Normal wear,,From TCGcollector: Brilliant Stars; 012/172; Reverse Holo; Common,0,1,2026-08-23,,,,
,Chimchar [Reverse Holo] #24,Pokemon Brilliant Stars,23,Ungraded,Normal wear,,From TCGcollector: Brilliant Stars; 024/172; Reverse Holo; Common,0,1,2026-08-23,,,,
,Choice Belt [Reverse Holo] #135,Pokemon Brilliant Stars,21,Ungraded,Normal wear,,From TCGcollector: Brilliant Stars; 135/172; Reverse Holo; Uncommon,0,1,2026-08-23,,,,
,Cinccino [Reverse Holo] #125,Pokemon Brilliant Stars,26,Ungraded,Normal wear,,From TCGcollector: Brilliant Stars; 125/172; Reverse Holo; Uncommon,0,2,2026-08-23,,,,
,Cleansing Gloves [Reverse Holo] #136,Pokemon Brilliant Stars,16,Ungraded,Normal wear,,From TCGcollector: Brilliant Stars; 136/172; Reverse Holo; Uncommon,0,1,2026-08-23,,,,
,Clefable [Reverse Holo] #54,Pokemon Brilliant Stars,25,Ungraded,Normal wear,,From TCGcollector: Brilliant Stars; 054/172; Reverse Holo; Rare,0,2,2026-08-23,,,,
,Collapsed Stadium [Reverse Holo] #137,Pokemon Brilliant Stars,22,Ungraded,Normal wear,,From TCGcollector: Brilliant Stars; 137/172; Reverse Holo; Uncommon,0,1,2026-08-23,,,,
,Cynthia's Ambition [Reverse Holo] #138,Pokemon Brilliant Stars,31,Ungraded,Normal wear,,From TCGcollector: Brilliant Stars; 138/172; Reverse Holo; Uncommon,0,1,2026-08-23,,,,
,Cynthia's Ambition [Holo] #169,Pokemon Brilliant Stars,1286,Ungraded,Normal wear,,From TCGcollector: Brilliant Stars; 169/172; Normal Holo; Rare Ultra,0,1,2026-08-23,,,,
,Double Turbo Energy [Reverse Holo] #151,Pokemon Brilliant Stars,33,Ungraded,Normal wear,,From TCGcollector: Brilliant Stars; 151/172; Reverse Holo; Uncommon,0,1,2026-08-23,,,,
,Dracovish V [Holo] #114,Pokemon Brilliant Stars,118,Ungraded,Normal wear,,From TCGcollector: Brilliant Stars; 114/172; Normal Holo; Holo Rare V,0,1,2026-08-23,,,,
,Drampa V [Holo] #128,Pokemon Brilliant Stars,84,Ungraded,Normal wear,,From TCGcollector: Brilliant Stars; 128/172; Normal Holo; Holo Rare V,0,1,2026-08-23,,,,
,Druddigon [Reverse Holo] #113,Pokemon Brilliant Stars,27,Ungraded,Normal wear,,From TCGcollector: Brilliant Stars; 113/172; Reverse Holo; Rare,0,1,2026-08-23,,,,
,Dusclops [Reverse Holo] #61,Pokemon Brilliant Stars,20,Ungraded,Normal wear,,From TCGcollector: Brilliant Stars; 061/172; Reverse Holo; Uncommon,0,2,2026-08-23,,,,
,Dusknoir [Holo] #62,Pokemon Brilliant Stars,18,Ungraded,Normal wear,,From TCGcollector: Brilliant Stars; 062/172; Normal Holo; Rare Holo,0,3,2026-08-23,,,,
,Dusknoir [Holo] #TG06,Pokemon Brilliant Stars,319,Ungraded,Normal wear,,From TCGcollector: Brilliant Stars; TG06/TG30; Normal Holo; Rare Holo,0,1,2026-08-23,,,,
,Eevee [Holo] #TG11,Pokemon Brilliant Stars,2123,Ungraded,Normal wear,,From TCGcollector: Brilliant Stars; TG11/TG30; Normal Holo; Rare Holo,0,1,2026-08-23,,,,
,Electabuzz [Reverse Holo] #46,Pokemon Brilliant Stars,18,Ungraded,Normal wear,,From TCGcollector: Brilliant Stars; 046/172; Reverse Holo; Common,0,2,2026-08-23,,,,
,Electivire [Reverse Holo] #47,Pokemon Brilliant Stars,22,Ungraded,Normal wear,,From TCGcollector: Brilliant Stars; 047/172; Reverse Holo; Rare,0,1,2026-08-23,,,,
,Exeggcute [Reverse Holo] #1,Pokemon Brilliant Stars,22,Ungraded,Normal wear,,From TCGcollector: Brilliant Stars; 001/172; Reverse Holo; Common,0,1,2026-08-23,,,,
,Exeggutor [Reverse Holo] #2,Pokemon Brilliant Stars,22,Ungraded,Normal wear,,From TCGcollector: Brilliant Stars; 002/172; Reverse Holo; Uncommon,0,1,2026-08-23,,,,
,Farfetch'd [Reverse Holo] #115,Pokemon Brilliant Stars,34,Ungraded,Normal wear,,From TCGcollector: Brilliant Stars; 115/172; Reverse Holo; Common,0,2,2026-08-23,,,,
,Flareon [Holo] #TG01,Pokemon Brilliant Stars,2566,Ungraded,Normal wear,,From TCGcollector: Brilliant Stars; TG01/TG30; Normal Holo; Rare Holo,0,1,2026-08-23,,,,
,Floatzel [Reverse Holo] #39,Pokemon Brilliant Stars,22,Ungraded,Normal wear,,From TCGcollector: Brilliant Stars; 039/172; Reverse Holo; Uncommon,0,1,2026-08-23,,,,
,Flygon V [Holo] #106,Pokemon Brilliant Stars,70,Ungraded,Normal wear,,From TCGcollector: Brilliant Stars; 106/172; Normal Holo; Holo Rare V,0,2,2026-08-23,,,,
,Fresh Water Set [Reverse Holo] #139,Pokemon Brilliant Stars,25,Ungraded,Normal wear,,From TCGcollector: Brilliant Stars; 139/172; Reverse Holo; Uncommon,0,1,2026-08-23,,,,
,Gabite [Reverse Holo] #108,Pokemon Brilliant Stars,31,Ungraded,Normal wear,,From TCGcollector: Brilliant Stars; 108/172; Reverse Holo; Uncommon,0,2,2026-08-23,,,,
,Garchomp [Holo] #109,Pokemon Brilliant Stars,41,Ungraded,Normal wear,,From TCGcollector: Brilliant Stars; 109/172; Normal Holo; Rare Holo,0,2,2026-08-23,,,,
,Gible [Reverse Holo] #107,Pokemon Brilliant Stars,26,Ungraded,Normal wear,,From TCGcollector: Brilliant Stars; 107/172; Reverse Holo; Common,0,1,2026-08-23,,,,
,Gloria [Reverse Holo] #141,Pokemon Brilliant Stars,14,Ungraded,Normal wear,,From TCGcollector: Brilliant Stars; 141/172; Reverse Holo; Uncommon,0,1,2026-08-23,,,,
,Grotle [Reverse Holo] #7,Pokemon Brilliant Stars,26,Ungraded,Normal wear,,From TCGcollector: Brilliant Stars; 007/172; Reverse Holo; Uncommon,0,2,2026-08-23,,,,
,Hawlucha [Reverse Holo] #127,Pokemon Brilliant Stars,21,Ungraded,Normal wear,,From TCGcollector: Brilliant Stars; 127/172; Reverse Holo; Common,0,1,2026-08-23,,,,
,Heatran [Reverse Holo] #100,Pokemon Brilliant Stars,19,Ungraded,Normal wear,,From TCGcollector: Brilliant Stars; 100/172; Reverse Holo; Rare,0,1,2026-08-23,,,,
,Honchkrow V [Holo] #162,Pokemon Brilliant Stars,1258,Ungraded,Normal wear,,From TCGcollector: Brilliant Stars; 162/172; Normal Holo; Rare Ultra,0,1,2026-08-23,,,,
,Honchkrow V [Holo] #88,Pokemon Brilliant Stars,75,Ungraded,Normal wear,,From TCGcollector: Brilliant Stars; 088/172; Normal Holo; Holo Rare V,0,3,2026-08-23,,,,
,Houndoom [Holo] #TG10,Pokemon Brilliant Stars,377,Ungraded,Normal wear,,From TCGcollector: Brilliant Stars; TG10/TG30; Normal Holo; Rare Holo,0,2,2026-08-23,,,,
,Hunting Gloves [Reverse Holo] #142,Pokemon Brilliant Stars,14,Ungraded,Normal wear,,From TCGcollector: Brilliant Stars; 142/172; Reverse Holo; Uncommon,0,3,2026-08-23,,,,
,Jolteon [Holo] #TG04,Pokemon Brilliant Stars,2084,Ungraded,Normal wear,,From TCGcollector: Brilliant Stars; TG04/TG30; Normal Holo; Rare Holo,0,1,2026-08-23,,,,
,Kingler V [Holo] #28,Pokemon Brilliant Stars,91,Ungraded,Normal wear,,From TCGcollector: Brilliant Stars; 028/172; Normal Holo; Holo Rare V,0,1,2026-08-23,,,,
,Klang [Reverse Holo] #103,Pokemon Brilliant Stars,23,Ungraded,Normal wear,,From TCGcollector: Brilliant Stars; 103/172; Reverse Holo; Uncommon,0,2,2026-08-23,,,,
,Klinklang [Reverse Holo] #104,Pokemon Brilliant Stars,19,Ungraded,Normal wear,,From TCGcollector: Brilliant Stars; 104/172; Reverse Holo; Rare,0,1,2026-08-23,,,,
,Liepard [Reverse Holo] #91,Pokemon Brilliant Stars,24,Ungraded,Normal wear,,From TCGcollector: Brilliant Stars; 091/172; Reverse Holo; Rare,0,1,2026-08-23,,,,
,Lucario [Holo] #79,Pokemon Brilliant Stars,34,Ungraded,Normal wear,,From TCGcollector: Brilliant Stars; 079/172; Normal Holo; Rare Holo,0,3,2026-08-23,,,,
,Luxray [Reverse Holo] #51,Pokemon Brilliant Stars,29,Ungraded,Normal wear,,From TCGcollector: Brilliant Stars; 051/172; Reverse Holo; Rare,0,1,2026-08-23,,,,
,Manaphy [Reverse Holo] #41,Pokemon Brilliant Stars,37,Ungraded,Normal wear,,From TCGcollector: Brilliant Stars; 041/172; Reverse Holo; Rare,0,1,2026-08-23,,,,
,Mewtwo [Reverse Holo] #56,Pokemon Brilliant Stars,70,Ungraded,Normal wear,,From TCGcollector: Brilliant Stars; 056/172; Reverse Holo; Rare,0,1,2026-08-23,,,,
,Mimikyu V [Holo] #68,Pokemon Brilliant Stars,290,Ungraded,Normal wear,,From TCGcollector: Brilliant Stars; 068/172; Normal Holo; Holo Rare V,0,1,2026-08-23,,,,
,Mimikyu V [Holo] #TG16,Pokemon Brilliant Stars,8624,Ungraded,Normal wear,,From TCGcollector: Brilliant Stars; TG16/TG30; Normal Holo; Holo Rare V,0,1,2026-08-23,,,,
,Minccino [Reverse Holo] #124,Pokemon Brilliant Stars,40,Ungraded,Normal wear,,From TCGcollector: Brilliant Stars; 124/172; Reverse Holo; Common,0,1,2026-08-23,,,,
,Morpeko V [Holo] #95,Pokemon Brilliant Stars,144,Ungraded,Normal wear,,From TCGcollector: Brilliant Stars; 095/172; Normal Holo; Holo Rare V,0,1,2026-08-23,,,,
,Mothim [Reverse Holo] #11,Pokemon Brilliant Stars,32,Ungraded,Normal wear,,From TCGcollector: Brilliant Stars; 011/172; Reverse Holo; Rare,0,1,2026-08-23,,,,
,Muk [Reverse Holo] #85,Pokemon Brilliant Stars,26,Ungraded,Normal wear,,From TCGcollector: Brilliant Stars; 085/172; Reverse Holo; Rare,0,2,2026-08-23,,,,
,Nosepass [Reverse Holo] #73,Pokemon Brilliant Stars,21,Ungraded,Normal wear,,From TCGcollector: Brilliant Stars; 073/172; Reverse Holo; Common,0,1,2026-08-23,,,,
,Octillery [Holo] #TG03,Pokemon Brilliant Stars,372,Ungraded,Normal wear,,From TCGcollector: Brilliant Stars; TG03/TG30; Normal Holo; Rare Holo,0,2,2026-08-23,,,,
,Pachirisu [Reverse Holo] #52,Pokemon Brilliant Stars,25,Ungraded,Normal wear,,From TCGcollector: Brilliant Stars; 052/172; Reverse Holo; Uncommon,0,1,2026-08-23,,,,
,Prinplup [Reverse Holo] #36,Pokemon Brilliant Stars,21,Ungraded,Normal wear,,From TCGcollector: Brilliant Stars; 036/172; Reverse Holo; Uncommon,0,1,2026-08-23,,,,
,Probopass [Reverse Holo] #99,Pokemon Brilliant Stars,21,Ungraded,Normal wear,,From TCGcollector: Brilliant Stars; 099/172; Reverse Holo; Uncommon,0,1,2026-08-23,,,,
,Professor's Research [Reverse Holo] #147,Pokemon Brilliant Stars,26,Ungraded,Normal wear,,From TCGcollector: Brilliant Stars; 147/172; Reverse Holo; Rare Holo,0,3,2026-08-23,,,,
,Purrloin [Reverse Holo] #90,Pokemon Brilliant Stars,23,Ungraded,Normal wear,,From TCGcollector: Brilliant Stars; 090/172; Reverse Holo; Common,0,3,2026-08-23,,,,
,Raichu V [Holo] #45,Pokemon Brilliant Stars,182,Ungraded,Normal wear,,From TCGcollector: Brilliant Stars; 045/172; Normal Holo; Holo Rare V,0,1,2026-08-23,,,,
,Raikou V [Holo] #48,Pokemon Brilliant Stars,198,Ungraded,Normal wear,,From TCGcollector: Brilliant Stars; 048/172; Normal Holo; Holo Rare V,0,1,2026-08-23,,,,
,Rapid Strike Urshifu VMAX [Holo] #TG21,Pokemon Brilliant Stars,1211,Ungraded,Normal wear,,From TCGcollector: Brilliant Stars; TG21/TG30; Normal Holo; Holo Rare VMAX,0,1,2026-08-23,,,,
,Roseanne's Backup [Reverse Holo] #148,Pokemon Brilliant Stars,27,Ungraded,Normal wear,,From TCGcollector: Brilliant Stars; 148/172; Reverse Holo; Uncommon,0,2,2026-08-23,,,,
,Roseanne's Backup [Holo] #180,Pokemon Brilliant Stars,292,Ungraded,Normal wear,,From TCGcollector: Brilliant Stars; 180/172; Normal Holo; Rare Rainbow,0,1,2026-08-23,,,,
,Shaymin V [Holo] #13,Pokemon Brilliant Stars,69,Ungraded,Normal wear,,From TCGcollector: Brilliant Stars; 013/172; Normal Holo; Holo Rare V,0,2,2026-08-23,,,,
,Shaymin VSTAR [Holo] #173,Pokemon Brilliant Stars,636,Ungraded,Normal wear,,From TCGcollector: Brilliant Stars; 173/172; Normal Holo; Rare Rainbow,0,1,2026-08-23,,,,
,Shinx [Reverse Holo] #49,Pokemon Brilliant Stars,26,Ungraded,Normal wear,,From TCGcollector: Brilliant Stars; 049/172; Reverse Holo; Common,0,1,2026-08-23,,,,
,Simisear V [Holo] #27,Pokemon Brilliant Stars,61,Ungraded,Normal wear,,From TCGcollector: Brilliant Stars; 027/172; Normal Holo; Holo Rare V,0,3,2026-08-23,,,,
,Sneasel [Reverse Holo] #86,Pokemon Brilliant Stars,19,Ungraded,Normal wear,,From TCGcollector: Brilliant Stars; 086/172; Reverse Holo; Common,0,1,2026-08-23,,,,
,Spiritomb [Reverse Holo] #89,Pokemon Brilliant Stars,21,Ungraded,Normal wear,,From TCGcollector: Brilliant Stars; 089/172; Reverse Holo; Common,0,3,2026-08-23,,,,
,Staraptor [Reverse Holo] #119,Pokemon Brilliant Stars,21,Ungraded,Normal wear,,From TCGcollector: Brilliant Stars; 119/172; Reverse Holo; Rare,0,2,2026-08-23,,,,
,Staravia [Reverse Holo] #118,Pokemon Brilliant Stars,18,Ungraded,Normal wear,,From TCGcollector: Brilliant Stars; 118/172; Reverse Holo; Uncommon,0,1,2026-08-23,,,,
,Staryu [Reverse Holo] #30,Pokemon Brilliant Stars,32,Ungraded,Normal wear,,From TCGcollector: Brilliant Stars; 030/172; Reverse Holo; Common,0,1,2026-08-23,,,,
,Sylveon V [Holo] #TG14,Pokemon Brilliant Stars,7920,Ungraded,Normal wear,,From TCGcollector: Brilliant Stars; TG14/TG30; Normal Holo; Holo Rare V,0,1,2026-08-23,,,,
,Sylveon VMAX [Holo] #TG15,Pokemon Brilliant Stars,7745,Ungraded,Normal wear,,From TCGcollector: Brilliant Stars; TG15/TG30; Normal Holo; Holo Rare VMAX,0,1,2026-08-23,,,,
,Team Yell's Cheer [Reverse Holo] #149,Pokemon Brilliant Stars,25,Ungraded,Normal wear,,From TCGcollector: Brilliant Stars; 149/172; Reverse Holo; Uncommon,0,2,2026-08-23,,,,
,Ultra Ball [Reverse Holo] #150,Pokemon Brilliant Stars,34,Ungraded,Normal wear,,From TCGcollector: Brilliant Stars; 150/172; Reverse Holo; Uncommon,0,2,2026-08-23,,,,
,Vibrava [Reverse Holo] #75,Pokemon Brilliant Stars,27,Ungraded,Normal wear,,From TCGcollector: Brilliant Stars; 075/172; Reverse Holo; Uncommon,0,1,2026-08-23,,,,
,Weavile [Reverse Holo] #87,Pokemon Brilliant Stars,25,Ungraded,Normal wear,,From TCGcollector: Brilliant Stars; 087/172; Reverse Holo; Uncommon,0,2,2026-08-23,,,,
,Whimsicott V [Holo] #64,Pokemon Brilliant Stars,76,Ungraded,Normal wear,,From TCGcollector: Brilliant Stars; 064/172; Normal Holo; Holo Rare V,0,1,2026-08-23,,,,
,Wormadam [Reverse Holo] #98,Pokemon Brilliant Stars,20,Ungraded,Normal wear,,From TCGcollector: Brilliant Stars; 098/172; Reverse Holo; Rare,0,1,2026-08-23,,,,
,Zamazenta V [Holo] #105,Pokemon Brilliant Stars,72,Ungraded,Normal wear,,From TCGcollector: Brilliant Stars; 105/172; Normal Holo; Holo Rare V,0,1,2026-08-23,,,,
,Zamazenta V [Holo] #163,Pokemon Brilliant Stars,248,Ungraded,Normal wear,,From TCGcollector: Brilliant Stars; 163/172; Normal Holo; Rare Ultra,0,2,2026-08-23,,,,
,Zarude V [Holo] #16,Pokemon Brilliant Stars,72,Ungraded,Normal wear,,From TCGcollector: Brilliant Stars; 016/172; Normal Holo; Holo Rare V,0,1,2026-08-23,,,,
,Cosmoem [Holo] #14,Pokemon Celebrations,27,Ungraded,Normal wear,,From TCGcollector: Celebrations; 014/025; Normal Holo; Rare,0,1,2026-08-23,,,,
,Cosmog [Holo] #13,Pokemon Celebrations,36,Ungraded,Normal wear,,From TCGcollector: Celebrations; 013/025; Normal Holo; Rare,0,1,2026-08-23,,,,
,Dialga [Holo] #20,Pokemon Celebrations,31,Ungraded,Normal wear,,From TCGcollector: Celebrations; 020/025; Normal Holo; Rare,0,1,2026-08-23,,,,
,Flying Pikachu VMAX [Holo] #7,Pokemon Celebrations,875,Ungraded,Normal wear,,From TCGcollector: Celebrations; 007/025; Normal Holo; Holo Rare VMAX,0,1,2026-08-23,,,,
,Kyogre [Holo] #3,Pokemon Celebrations,35,Ungraded,Normal wear,,From TCGcollector: Celebrations; 003/025; Normal Holo; Rare,0,1,2026-08-23,,,,
,Lunala [Holo] #15,Pokemon Celebrations,45,Ungraded,Normal wear,,From TCGcollector: Celebrations; 015/025; Normal Holo; Rare Holo,0,1,2026-08-23,,,,
,Surfing Pikachu V [Holo] #8,Pokemon Celebrations,507,Ungraded,Normal wear,,From TCGcollector: Celebrations; 008/025; Normal Holo; Holo Rare V,0,1,2026-08-23,,,,
,Xerneas [Holo] #12,Pokemon Celebrations,28,Ungraded,Normal wear,,From TCGcollector: Celebrations; 012/025; Normal Holo; Rare,0,1,2026-08-23,,,,
,Zekrom [Holo] #10,Pokemon Celebrations,44,Ungraded,Normal wear,,From TCGcollector: Celebrations; 010/025; Normal Holo; Rare,0,1,2026-08-23,,,,
,Abomasnow [Reverse Holo] #10,Pokemon Chilling Reign,25,Ungraded,Normal wear,,From TCGcollector: Chilling Reign; 010/198; Reverse Holo; Rare,0,1,2026-08-23,,,,
,Avery [Holo] #211,Pokemon Chilling Reign,651,Ungraded,Normal wear,,From TCGcollector: Chilling Reign; 211/198; Normal Holo; Rare Rainbow,0,1,2026-08-23,,,,
,Blaziken V [Holo] #20,Pokemon Chilling Reign,118,Ungraded,Normal wear,,From TCGcollector: Chilling Reign; 020/198; Normal Holo; Holo Rare V,0,1,2026-08-23,,,,
,Blaziken VMAX [Holo] #21,Pokemon Chilling Reign,475,Ungraded,Normal wear,,From TCGcollector: Chilling Reign; 021/198; Normal Holo; Holo Rare VMAX,0,1,2026-08-23,,,,
,Bounsweet [Reverse Holo] #13,Pokemon Chilling Reign,25,Ungraded,Normal wear,,From TCGcollector: Chilling Reign; 013/198; Reverse Holo; Common,0,1,2026-08-23,,,,
,Brawly [Holo] #212,Pokemon Chilling Reign,478,Ungraded,Normal wear,,From TCGcollector: Chilling Reign; 212/198; Normal Holo; Rare Rainbow,0,1,2026-08-23,,,,
,Celebi V [Holo] #7,Pokemon Chilling Reign,137,Ungraded,Normal wear,,From TCGcollector: Chilling Reign; 007/198; Normal Holo; Holo Rare V,0,1,2026-08-23,,,,
,Cinderace [Holo] #28,Pokemon Chilling Reign,36,Ungraded,Normal wear,,From TCGcollector: Chilling Reign; 028/198; Normal Holo; Rare Holo,0,1,2026-08-23,,,,
,Clobbopus [Reverse Holo] #91,Pokemon Chilling Reign,45,Ungraded,Normal wear,,From TCGcollector: Chilling Reign; 091/198; Reverse Holo; Common,0,2,2026-08-23,,,,
,Crabrawler [Reverse Holo] #84,Pokemon Chilling Reign,21,Ungraded,Normal wear,,From TCGcollector: Chilling Reign; 084/198; Reverse Holo; Common,0,1,2026-08-23,,,,
,Cresselia [Holo] #64,Pokemon Chilling Reign,41,Ungraded,Normal wear,,From TCGcollector: Chilling Reign; 064/198; Normal Holo; Rare Holo,0,1,2026-08-23,,,,
,Deerling [Reverse Holo] #11,Pokemon Chilling Reign,21,Ungraded,Normal wear,,From TCGcollector: Chilling Reign; 011/198; Reverse Holo; Common,0,1,2026-08-23,,,,
,Dugtrio #77,Pokemon Chilling Reign,21,Ungraded,Normal wear,,From TCGcollector: Chilling Reign; 077/198; Normal; Rare,0,1,2026-08-23,,,,
,Flaaffy [Reverse Holo] #48,Pokemon Chilling Reign,31,Ungraded,Normal wear,,From TCGcollector: Chilling Reign; 048/198; Reverse Holo; Uncommon,0,2,2026-08-23,,,,
,Froslass [Holo] #36,Pokemon Chilling Reign,27,Ungraded,Normal wear,,From TCGcollector: Chilling Reign; 036/198; Normal Holo; Rare Holo,0,1,2026-08-23,,,,
,Galarian Chestplate [Reverse Holo] #141,Pokemon Chilling Reign,16,Ungraded,Normal wear,,From TCGcollector: Chilling Reign; 141/198; Reverse Holo; Uncommon,0,1,2026-08-23,,,,
,Galarian Runerigus [Holo] #83,Pokemon Chilling Reign,49,Ungraded,Normal wear,,From TCGcollector: Chilling Reign; 083/198; Normal Holo; Rare Holo,0,1,2026-08-23,,,,
,Galarian Sirfetch'd [Reverse Holo] #79,Pokemon Chilling Reign,31,Ungraded,Normal wear,,From TCGcollector: Chilling Reign; 079/198; Reverse Holo; Rare,0,1,2026-08-23,,,,
,Galarian Slowking V [Holo] #179,Pokemon Chilling Reign,11142,Ungraded,Normal wear,,From TCGcollector: Chilling Reign; 179/198; Normal Holo; Rare Ultra,0,1,2026-08-23,,,,
,Gardevoir [Holo] #61,Pokemon Chilling Reign,128,Ungraded,Normal wear,,From TCGcollector: Chilling Reign; 061/198; Normal Holo; Rare Holo,0,1,2026-08-23,,,,
,Golett [Reverse Holo] #65,Pokemon Chilling Reign,24,Ungraded,Normal wear,,From TCGcollector: Chilling Reign; 065/198; Reverse Holo; Common,0,1,2026-08-23,,,,
,Grapploct [Holo] #92,Pokemon Chilling Reign,26,Ungraded,Normal wear,,From TCGcollector: Chilling Reign; 092/198; Normal Holo; Rare Holo,0,1,2026-08-23,,,,
,Greedent [Holo] #128,Pokemon Chilling Reign,30,Ungraded,Normal wear,,From TCGcollector: Chilling Reign; 128/198; Normal Holo; Rare Holo,0,1,2026-08-23,,,,
,Hatterene [Holo] #73,Pokemon Chilling Reign,24,Ungraded,Normal wear,,From TCGcollector: Chilling Reign; 073/198; Normal Holo; Rare Holo,0,1,2026-08-23,,,,
,Honey [Reverse Holo] #142,Pokemon Chilling Reign,20,Ungraded,Normal wear,,From TCGcollector: Chilling Reign; 142/198; Reverse Holo; Uncommon,0,1,2026-08-23,,,,
,Ice Rider Calyrex V [Holo] #164,Pokemon Chilling Reign,2390,Ungraded,Normal wear,,From TCGcollector: Chilling Reign; 164/198; Normal Holo; Rare Ultra,0,1,2026-08-23,,,,
,Ice Rider Calyrex V [Holo] #45,Pokemon Chilling Reign,78,Ungraded,Normal wear,,From TCGcollector: Chilling Reign; 045/198; Normal Holo; Holo Rare V,0,2,2026-08-23,,,,
,Impact Energy [Reverse Holo] #157,Pokemon Chilling Reign,19,Ungraded,Normal wear,,From TCGcollector: Chilling Reign; 157/198; Reverse Holo; Uncommon,0,1,2026-08-23,,,,
,Koffing [Reverse Holo] #94,Pokemon Chilling Reign,24,Ungraded,Normal wear,,From TCGcollector: Chilling Reign; 094/198; Reverse Holo; Common,0,1,2026-08-23,,,,
,Ledian [Reverse Holo] #5,Pokemon Chilling Reign,22,Ungraded,Normal wear,,From TCGcollector: Chilling Reign; 005/198; Reverse Holo; Uncommon,0,1,2026-08-23,,,,
,Ledyba [Reverse Holo] #4,Pokemon Chilling Reign,26,Ungraded,Normal wear,,From TCGcollector: Chilling Reign; 004/198; Reverse Holo; Common,0,1,2026-08-23,,,,
,Liepard V [Holo] #104,Pokemon Chilling Reign,96,Ungraded,Normal wear,,From TCGcollector: Chilling Reign; 104/198; Normal Holo; Holo Rare V,0,1,2026-08-23,,,,
,Lucky Energy [Reverse Holo] #158,Pokemon Chilling Reign,32,Ungraded,Normal wear,,From TCGcollector: Chilling Reign; 158/198; Reverse Holo; Uncommon,0,1,2026-08-23,,,,
,Lycanroc [Holo] #87,Pokemon Chilling Reign,30,Ungraded,Normal wear,,From TCGcollector: Chilling Reign; 087/198; Normal Holo; Rare Holo,0,1,2026-08-23,,,,
,Mareep [Reverse Holo] #47,Pokemon Chilling Reign,35,Ungraded,Normal wear,,From TCGcollector: Chilling Reign; 047/198; Reverse Holo; Common,0,1,2026-08-23,,,,
,Metagross V [Holo] #112,Pokemon Chilling Reign,117,Ungraded,Normal wear,,From TCGcollector: Chilling Reign; 112/198; Normal Holo; Holo Rare V,0,1,2026-08-23,,,,
,Metagross VMAX [Holo] #113,Pokemon Chilling Reign,306,Ungraded,Normal wear,,From TCGcollector: Chilling Reign; 113/198; Normal Holo; Holo Rare VMAX,0,1,2026-08-23,,,,
,Porygon-Z [Holo] #118,Pokemon Chilling Reign,72,Ungraded,Normal wear,,From TCGcollector: Chilling Reign; 118/198; Normal Holo; Rare Holo,0,1,2026-08-23,,,,
,Rapid Strike Scroll of the Skies [Reverse Holo] #151,Pokemon Chilling Reign,19,Ungraded,Normal wear,,From TCGcollector: Chilling Reign; 151/198; Reverse Holo; Uncommon,0,2,2026-08-23,,,,
,Rillaboom [Holo] #18,Pokemon Chilling Reign,25,Ungraded,Normal wear,,From TCGcollector: Chilling Reign; 018/198; Normal Holo; Rare Holo,0,1,2026-08-23,,,,
,Rugged Helmet [Reverse Holo] #152,Pokemon Chilling Reign,18,Ungraded,Normal wear,,From TCGcollector: Chilling Reign; 152/198; Reverse Holo; Uncommon,0,1,2026-08-23,,,,
,Sandaconda V [Holo] #89,Pokemon Chilling Reign,58,Ungraded,Normal wear,,From TCGcollector: Chilling Reign; 089/198; Normal Holo; Holo Rare V,0,2,2026-08-23,,,,
,Scorbunny [Reverse Holo] #26,Pokemon Chilling Reign,25,Ungraded,Normal wear,,From TCGcollector: Chilling Reign; 026/198; Reverse Holo; Common,0,1,2026-08-23,,,,
,Shadow Rider Calyrex VMAX [Holo] #75,Pokemon Chilling Reign,148,Ungraded,Normal wear,,From TCGcollector: Chilling Reign; 075/198; Normal Holo; Holo Rare VMAX,0,1,2026-08-23,,,,
,Single Strike Urshifu [Holo] #108,Pokemon Chilling Reign,42,Ungraded,Normal wear,,From TCGcollector: Chilling Reign; 108/198; Normal Holo; Rare Holo,0,1,2026-08-23,,,,
,Sneasel [Reverse Holo] #30,Pokemon Chilling Reign,20,Ungraded,Normal wear,,From TCGcollector: Chilling Reign; 030/198; Reverse Holo; Common,0,1,2026-08-23,,,,
,Snorunt [Reverse Holo] #35,Pokemon Chilling Reign,24,Ungraded,Normal wear,,From TCGcollector: Chilling Reign; 035/198; Reverse Holo; Common,0,1,2026-08-23,,,,
,Sobble [Reverse Holo] #41,Pokemon Chilling Reign,26,Ungraded,Normal wear,,From TCGcollector: Chilling Reign; 041/198; Reverse Holo; Common,0,1,2026-08-23,,,,
,Spiral Energy [Reverse Holo] #159,Pokemon Chilling Reign,26,Ungraded,Normal wear,,From TCGcollector: Chilling Reign; 159/198; Reverse Holo; Uncommon,0,1,2026-08-23,,,,
,Tapu Fini [Holo] #40,Pokemon Chilling Reign,47,Ungraded,Normal wear,,From TCGcollector: Chilling Reign; 040/198; Normal Holo; Rare Holo,0,1,2026-08-23,,,,
,Tauros [Holo] #115,Pokemon Chilling Reign,27,Ungraded,Normal wear,,From TCGcollector: Chilling Reign; 115/198; Normal Holo; Rare Holo,0,2,2026-08-23,,,,
,Tauros [Reverse Holo] #115,Pokemon Chilling Reign,30,Ungraded,Normal wear,,From TCGcollector: Chilling Reign; 115/198; Reverse Holo; Rare Holo,0,1,2026-08-23,,,,
,Tornadus V [Holo] #124,Pokemon Chilling Reign,71,Ungraded,Normal wear,,From TCGcollector: Chilling Reign; 124/198; Normal Holo; Holo Rare V,0,1,2026-08-23,,,,
,Tornadus V [Holo] #184,Pokemon Chilling Reign,297,Ungraded,Normal wear,,From TCGcollector: Chilling Reign; 184/198; Normal Holo; Rare Ultra,0,1,2026-08-23,,,,
,Tornadus V [Holo] #185,Pokemon Chilling Reign,3262,Ungraded,Normal wear,,From TCGcollector: Chilling Reign; 185/198; Normal Holo; Rare Ultra,0,1,2026-08-23,,,,
,Tornadus VMAX [Holo] #125,Pokemon Chilling Reign,139,Ungraded,Normal wear,,From TCGcollector: Chilling Reign; 125/198; Normal Holo; Holo Rare VMAX,0,1,2026-08-23,,,,
,Tsareena [Reverse Holo] #15,Pokemon Chilling Reign,27,Ungraded,Normal wear,,From TCGcollector: Chilling Reign; 015/198; Reverse Holo; Rare,0,1,2026-08-23,,,,
,Volcanion V [Holo] #25,Pokemon Chilling Reign,76,Ungraded,Normal wear,,From TCGcollector: Chilling Reign; 025/198; Normal Holo; Holo Rare V,0,1,2026-08-23,,,,
,Weavile [Reverse Holo] #31,Pokemon Chilling Reign,32,Ungraded,Normal wear,,From TCGcollector: Chilling Reign; 031/198; Reverse Holo; Rare Holo,0,1,2026-08-23,,,,
,Weeding Gloves [Reverse Holo] #155,Pokemon Chilling Reign,8,Ungraded,Normal wear,,From TCGcollector: Chilling Reign; 155/198; Reverse Holo; Uncommon,0,2,2026-08-23,,,,
,Weedle [Reverse Holo] #1,Pokemon Chilling Reign,23,Ungraded,Normal wear,,From TCGcollector: Chilling Reign; 001/198; Reverse Holo; Common,0,1,2026-08-23,,,,
,Weezing [Reverse Holo] #95,Pokemon Chilling Reign,31,Ungraded,Normal wear,,From TCGcollector: Chilling Reign; 095/198; Reverse Holo; Rare,0,1,2026-08-23,,,,
,Welcoming Lantern [Reverse Holo] #156,Pokemon Chilling Reign,20,Ungraded,Normal wear,,From TCGcollector: Chilling Reign; 156/198; Reverse Holo; Uncommon,0,1,2026-08-23,,,,
,Zangoose [Reverse Holo] #120,Pokemon Chilling Reign,28,Ungraded,Normal wear,,From TCGcollector: Chilling Reign; 120/198; Reverse Holo; Rare,0,1,2026-08-23,,,,
,Zarude [Holo] #19,Pokemon Chilling Reign,28,Ungraded,Normal wear,,From TCGcollector: Chilling Reign; 019/198; Normal Holo; Rare Holo,0,1,2026-08-23,,,,
,Zarude [Reverse Holo] #19,Pokemon Chilling Reign,39,Ungraded,Normal wear,,From TCGcollector: Chilling Reign; 019/198; Reverse Holo; Rare Holo,0,2,2026-08-23,,,,
,Alolan Ninetales [Reverse Holo] #145,Pokemon Cosmic Eclipse,699,Ungraded,Normal wear,,From TCGcollector: Cosmic Eclipse; 145/236; Reverse Holo; Rare Holo,0,1,2026-08-23,,,,
,Blastoise & Piplup-GX [Holo] #38,Pokemon Cosmic Eclipse,8056,Ungraded,Normal wear,,From TCGcollector: Cosmic Eclipse; 38/236; Normal Holo; Rare Holo GX,0,1,2026-08-23,,,,
,Chinchou [Reverse Holo] #71,Pokemon Cosmic Eclipse,34,Ungraded,Normal wear,,From TCGcollector: Cosmic Eclipse; 71/236; Reverse Holo; Common,0,1,2026-08-23,,,,
,Cosmoem [Reverse Holo] #101,Pokemon Cosmic Eclipse,74,Ungraded,Normal wear,,From TCGcollector: Cosmic Eclipse; 101/236; Reverse Holo; Uncommon,0,1,2026-08-23,,,,
,Cosmog [Reverse Holo] #100,Pokemon Cosmic Eclipse,40,Ungraded,Normal wear,,From TCGcollector: Cosmic Eclipse; 100/236; Reverse Holo; Common,0,2,2026-08-23,,,,
,Decidueye [Holo] #20,Pokemon Cosmic Eclipse,104,Ungraded,Normal wear,,From TCGcollector: Cosmic Eclipse; 20/236; Normal Holo; Rare Holo,0,1,2026-08-23,,,,
,Dusclops [Reverse Holo] #84,Pokemon Cosmic Eclipse,64,Ungraded,Normal wear,,From TCGcollector: Cosmic Eclipse; 84/236; Reverse Holo; Uncommon,0,1,2026-08-23,,,,
,Eevee #166,Pokemon Cosmic Eclipse,70,Ungraded,Normal wear,,From TCGcollector: Cosmic Eclipse; 166/236; Normal; Common,0,1,2026-08-23,,,,
,Flareon #25,Pokemon Cosmic Eclipse,93,Ungraded,Normal wear,,From TCGcollector: Cosmic Eclipse; 25/236; Normal; Uncommon,0,1,2026-08-23,,,,
,Guzma & Hala #193,Pokemon Cosmic Eclipse,735,Ungraded,Normal wear,,From TCGcollector: Cosmic Eclipse; 193/236; Normal; Uncommon,0,1,2026-08-23,,,,
,Igglybuff [Reverse Holo] #168,Pokemon Cosmic Eclipse,941,Ungraded,Normal wear,,From TCGcollector: Cosmic Eclipse; 168/236; Reverse Holo; Uncommon,0,1,2026-08-23,,,,
,Jolteon #70,Pokemon Cosmic Eclipse,98,Ungraded,Normal wear,,From TCGcollector: Cosmic Eclipse; 70/236; Normal; Uncommon,0,1,2026-08-23,,,,
,Kirlia [Reverse Holo] #81,Pokemon Cosmic Eclipse,132,Ungraded,Normal wear,,From TCGcollector: Cosmic Eclipse; 81/236; Reverse Holo; Uncommon,0,1,2026-08-23,,,,
,Kommo-o [Holo] #163,Pokemon Cosmic Eclipse,227,Ungraded,Normal wear,,From TCGcollector: Cosmic Eclipse; 163/236; Normal Holo; Rare Holo,0,1,2026-08-23,,,,
,Kricketot [Reverse Holo] #13,Pokemon Cosmic Eclipse,43,Ungraded,Normal wear,,From TCGcollector: Cosmic Eclipse; 13/236; Reverse Holo; Common,0,1,2026-08-23,,,,
,Magneton [Holo] #69,Pokemon Cosmic Eclipse,111,Ungraded,Normal wear,,From TCGcollector: Cosmic Eclipse; 69/236; Normal Holo; Rare Holo,0,1,2026-08-23,,,,
,Mimikyu [Holo] #245,Pokemon Cosmic Eclipse,7431,Ungraded,Normal wear,,From TCGcollector: Cosmic Eclipse; 245/236; Normal Holo; Rare Secret,0,1,2026-08-23,,,,
,Palpitoad [Reverse Holo] #116,Pokemon Cosmic Eclipse,34,Ungraded,Normal wear,,From TCGcollector: Cosmic Eclipse; 116/236; Reverse Holo; Common,0,1,2026-08-23,,,,
,Passimian [Reverse Holo] #125,Pokemon Cosmic Eclipse,29,Ungraded,Normal wear,,From TCGcollector: Cosmic Eclipse; 125/236; Reverse Holo; Common,0,1,2026-08-23,,,,
,Pikachu [Holo] #241,Pokemon Cosmic Eclipse,21751,Ungraded,Normal wear,,From TCGcollector: Cosmic Eclipse; 241/236; Normal Holo; Rare Secret,0,1,2026-08-23,,,,
,Pikachu #66,Pokemon Cosmic Eclipse,190,Ungraded,Normal wear,,From TCGcollector: Cosmic Eclipse; 66/236; Normal; Common,0,1,2026-08-23,,,,
,Piplup [Holo] #239,Pokemon Cosmic Eclipse,6880,Ungraded,Normal wear,,From TCGcollector: Cosmic Eclipse; 239/236; Normal Holo; Rare Secret,0,1,2026-08-23,,,,
,Roller Skater [Reverse Holo] #203,Pokemon Cosmic Eclipse,49,Ungraded,Normal wear,,From TCGcollector: Cosmic Eclipse; 203/236; Reverse Holo; Uncommon,0,1,2026-08-23,,,,
,Steelix [Reverse Holo] #139,Pokemon Cosmic Eclipse,115,Ungraded,Normal wear,,From TCGcollector: Cosmic Eclipse; 139/236; Reverse Holo; Rare Holo,0,1,2026-08-23,,,,
,Stoutland [Holo] #248,Pokemon Cosmic Eclipse,1131,Ungraded,Normal wear,,From TCGcollector: Cosmic Eclipse; 248/236; Normal Holo; Rare Secret,0,1,2026-08-23,,,,
,Sylveon #155,Pokemon Cosmic Eclipse,559,Ungraded,Normal wear,,From TCGcollector: Cosmic Eclipse; 155/236; Normal; Rare,0,1,2026-08-23,,,,
,Torkoal [Holo] #237,Pokemon Cosmic Eclipse,1490,Ungraded,Normal wear,,From TCGcollector: Cosmic Eclipse; 237/236; Normal Holo; Rare Secret,0,1,2026-08-23,,,,
,Will [Reverse Holo] #208,Pokemon Cosmic Eclipse,56,Ungraded,Normal wear,,From TCGcollector: Cosmic Eclipse; 208/236; Reverse Holo; Uncommon,0,1,2026-08-23,,,,
,Absol [Holo] #76,Pokemon Crown Zenith,42,Ungraded,Normal wear,,From TCGcollector: Crown Zenith; 076/159; Normal Holo; Rare Holo,0,2,2026-08-23,,,,
,Absol [Holo] #GG16,Pokemon Crown Zenith,918,Ungraded,Normal wear,,From TCGcollector: Crown Zenith; GG16/GG70; Normal Holo; Rare Holo,0,1,2026-08-23,,,,
,Adaman [Holo] #GG57,Pokemon Crown Zenith,510,Ungraded,Normal wear,,From TCGcollector: Crown Zenith; GG57/GG70; Normal Holo; Rare Ultra,0,1,2026-08-23,,,,
,Aggron [Holo] #89,Pokemon Crown Zenith,31,Ungraded,Normal wear,,From TCGcollector: Crown Zenith; 089/159; Normal Holo; Rare Holo,0,1,2026-08-23,,,,
,Altaria [Holo] #GG19,Pokemon Crown Zenith,1587,Ungraded,Normal wear,,From TCGcollector: Crown Zenith; GG19/GG70; Normal Holo; Rare Holo,0,2,2026-08-23,,,,
,Aron [Reverse Holo] #87,Pokemon Crown Zenith,42,Ungraded,Normal wear,,From TCGcollector: Crown Zenith; 087/159; Reverse Holo; Common,0,1,2026-08-23,,,,
,Bede [Holo] #124,Pokemon Crown Zenith,29,Ungraded,Normal wear,,From TCGcollector: Crown Zenith; 124/159; Normal Holo; Rare Holo,0,2,2026-08-23,,,,
,Bibarel [Holo] #GG25,Pokemon Crown Zenith,386,Ungraded,Normal wear,,From TCGcollector: Crown Zenith; GG25/GG70; Normal Holo; Rare Holo,0,1,2026-08-23,,,,
,Bidoof [Reverse Holo] #111,Pokemon Crown Zenith,27,Ungraded,Normal wear,,From TCGcollector: Crown Zenith; 111/159; Reverse Holo; Common,0,1,2026-08-23,,,,
,Bisharp [Reverse Holo] #93,Pokemon Crown Zenith,37,Ungraded,Normal wear,,From TCGcollector: Crown Zenith; 093/159; Reverse Holo; Uncommon,0,1,2026-08-23,,,,
,Calyrex [Holo] #17,Pokemon Crown Zenith,43,Ungraded,Normal wear,,From TCGcollector: Crown Zenith; 017/159; Normal Holo; Rare Holo,0,1,2026-08-23,,,,
,Calyrex [Reverse Holo] #17,Pokemon Crown Zenith,63,Ungraded,Normal wear,,From TCGcollector: Crown Zenith; 017/159; Reverse Holo; Rare Holo,0,1,2026-08-23,,,,
,Charizard V [Holo] #18,Pokemon Crown Zenith,747,Ungraded,Normal wear,,From TCGcollector: Crown Zenith; 018/159; Normal Holo; Holo Rare V,0,1,2026-08-23,,,,
,Cheren's Care [Holo] #GG58,Pokemon Crown Zenith,352,Ungraded,Normal wear,,From TCGcollector: Crown Zenith; GG58/GG70; Normal Holo; Rare Ultra,0,1,2026-08-23,,,,
,Corphish [Reverse Holo] #33,Pokemon Crown Zenith,31,Ungraded,Normal wear,,From TCGcollector: Crown Zenith; 033/159; Reverse Holo; Common,0,1,2026-08-23,,,,
,Darkrai VSTAR [Holo] #GG50,Pokemon Crown Zenith,9464,Ungraded,Normal wear,,From TCGcollector: Crown Zenith; GG50/GG70; Normal Holo; Holo Rare VSTAR,0,1,2026-08-23,,,,
,Diancie [Holo] #GG13,Pokemon Crown Zenith,511,Ungraded,Normal wear,,From TCGcollector: Crown Zenith; GG13/GG70; Normal Holo; Rare Holo,0,1,2026-08-23,,,,
,Ditto [Holo] #107,Pokemon Crown Zenith,269,Ungraded,Normal wear,,From TCGcollector: Crown Zenith; 107/159; Normal Holo; Rare Holo,0,2,2026-08-23,,,,
,Ditto [Holo] #GG22,Pokemon Crown Zenith,1683,Ungraded,Normal wear,,From TCGcollector: Crown Zenith; GG22/GG70; Normal Holo; Rare Holo,0,1,2026-08-23,,,,
,Duraludon V [Holo] #103,Pokemon Crown Zenith,72,Ungraded,Normal wear,,From TCGcollector: Crown Zenith; 103/159; Normal Holo; Holo Rare V,0,1,2026-08-23,,,,
,Duskull [Holo] #GG28,Pokemon Crown Zenith,624,Ungraded,Normal wear,,From TCGcollector: Crown Zenith; GG28/GG70; Normal Holo; Rare Holo,0,4,2026-08-23,,,,
,Eevee V [Holo] #108,Pokemon Crown Zenith,982,Ungraded,Normal wear,,From TCGcollector: Crown Zenith; 108/159; Normal Holo; Holo Rare V,0,1,2026-08-23,,,,
,Electivire [Holo] #GG08,Pokemon Crown Zenith,993,Ungraded,Normal wear,,From TCGcollector: Crown Zenith; GG08/GG70; Normal Holo; Rare Holo,0,1,2026-08-23,,,,
,Energy Search [Reverse Holo] #128,Pokemon Crown Zenith,33,Ungraded,Normal wear,,From TCGcollector: Crown Zenith; 128/159; Reverse Holo; Common,0,1,2026-08-23,,,,
,Entei [Holo] #21,Pokemon Crown Zenith,39,Ungraded,Normal wear,,From TCGcollector: Crown Zenith; 021/159; Normal Holo; Rare Holo,0,2,2026-08-23,,,,
,Entei [Reverse Holo] #21,Pokemon Crown Zenith,56,Ungraded,Normal wear,,From TCGcollector: Crown Zenith; 021/159; Reverse Holo; Rare Holo,0,1,2026-08-23,,,,
,Entei V [Holo] #GG36,Pokemon Crown Zenith,4903,Ungraded,Normal wear,,From TCGcollector: Crown Zenith; GG36/GG70; Normal Holo; Holo Rare V,0,2,2026-08-23,,,,
,Friends in Hisui [Holo] #148,Pokemon Crown Zenith,678,Ungraded,Normal wear,,From TCGcollector: Crown Zenith; 148/159; Normal Holo; Rare Ultra,0,1,2026-08-23,,,,
,Girafarig [Reverse Holo] #61,Pokemon Crown Zenith,33,Ungraded,Normal wear,,From TCGcollector: Crown Zenith; 061/159; Reverse Holo; Uncommon,0,1,2026-08-23,,,,
,Grant [Holo] #GG62,Pokemon Crown Zenith,255,Ungraded,Normal wear,,From TCGcollector: Crown Zenith; GG62/GG70; Normal Holo; Rare Ultra,0,2,2026-08-23,,,,
,Greedent V [Holo] #120,Pokemon Crown Zenith,96,Ungraded,Normal wear,,From TCGcollector: Crown Zenith; 120/159; Normal Holo; Holo Rare V,0,1,2026-08-23,,,,
,Gumshoos [Reverse Holo] #118,Pokemon Crown Zenith,27,Ungraded,Normal wear,,From TCGcollector: Crown Zenith; 118/159; Reverse Holo; Rare,0,1,2026-08-23,,,,
,Hatterene V [Holo] #65,Pokemon Crown Zenith,88,Ungraded,Normal wear,,From TCGcollector: Crown Zenith; 065/159; Normal Holo; Holo Rare V,0,1,2026-08-23,,,,
,Hatterene VMAX [Holo] #GG47,Pokemon Crown Zenith,870,Ungraded,Normal wear,,From TCGcollector: Crown Zenith; GG47/GG70; Normal Holo; Holo Rare VMAX,0,2,2026-08-23,,,,
,Hisuian Samurott VSTAR [Holo] #GG52,Pokemon Crown Zenith,1462,Ungraded,Normal wear,,From TCGcollector: Crown Zenith; GG52/GG70; Normal Holo; Holo Rare VSTAR,0,1,2026-08-23,,,,
,Hisuian Voltorb [Holo] #GG01,Pokemon Crown Zenith,334,Ungraded,Normal wear,,From TCGcollector: Crown Zenith; GG01/GG70; Normal Holo; Rare Holo,0,1,2026-08-23,,,,
,Hoopa [Holo] #83,Pokemon Crown Zenith,26,Ungraded,Normal wear,,From TCGcollector: Crown Zenith; 083/159; Normal Holo; Rare Holo,0,4,2026-08-23,,,,
,Keldeo [Holo] #GG07,Pokemon Crown Zenith,1872,Ungraded,Normal wear,,From TCGcollector: Crown Zenith; GG07/GG70; Normal Holo; Rare Holo,0,1,2026-08-23,,,,
,Kricketune [Holo] #GG02,Pokemon Crown Zenith,828,Ungraded,Normal wear,,From TCGcollector: Crown Zenith; GG02/GG70; Normal Holo; Rare Holo,0,1,2026-08-23,,,,
,Krokorok [Reverse Holo] #79,Pokemon Crown Zenith,34,Ungraded,Normal wear,,From TCGcollector: Crown Zenith; 079/159; Reverse Holo; Uncommon,0,1,2026-08-23,,,,
,Kyogre [Holo] #36,Pokemon Crown Zenith,33,Ungraded,Normal wear,,From TCGcollector: Crown Zenith; 036/159; Normal Holo; Rare Holo,0,1,2026-08-23,,,,
,Kyogre V [Holo] #37,Pokemon Crown Zenith,106,Ungraded,Normal wear,,From TCGcollector: Crown Zenith; 037/159; Normal Holo; Holo Rare V,0,2,2026-08-23,,,,
,Lapras [Holo] #GG05,Pokemon Crown Zenith,2510,Ungraded,Normal wear,,From TCGcollector: Crown Zenith; GG05/GG70; Normal Holo; Rare Holo,0,1,2026-08-23,,,,
,Latias [Holo] #GG20,Pokemon Crown Zenith,1762,Ungraded,Normal wear,,From TCGcollector: Crown Zenith; GG20/GG70; Normal Holo; Rare Holo,0,2,2026-08-23,,,,
,Lost Vacuum [Reverse Holo] #135,Pokemon Crown Zenith,29,Ungraded,Normal wear,,From TCGcollector: Crown Zenith; 135/159; Reverse Holo; Uncommon,0,1,2026-08-23,,,,
,Lunatone [Holo] #GG11,Pokemon Crown Zenith,1027,Ungraded,Normal wear,,From TCGcollector: Crown Zenith; GG11/GG70; Normal Holo; Rare Holo,0,1,2026-08-23,,,,
,Luxio [Reverse Holo] #42,Pokemon Crown Zenith,35,Ungraded,Normal wear,,From TCGcollector: Crown Zenith; 042/159; Reverse Holo; Uncommon,0,1,2026-08-23,,,,
,Lycanroc [Reverse Holo] #74,Pokemon Crown Zenith,32,Ungraded,Normal wear,,From TCGcollector: Crown Zenith; 074/159; Reverse Holo; Rare,0,2,2026-08-23,,,,
,Mew [Holo] #GG10,Pokemon Crown Zenith,6717,Ungraded,Normal wear,,From TCGcollector: Crown Zenith; GG10/GG70; Normal Holo; Rare Holo,0,2,2026-08-23,,,,
,Mew V [Holo] #60,Pokemon Crown Zenith,666,Ungraded,Normal wear,,From TCGcollector: Crown Zenith; 060/159; Normal Holo; Holo Rare V,0,1,2026-08-23,,,,
,Mewtwo [Holo] #59,Pokemon Crown Zenith,306,Ungraded,Normal wear,,From TCGcollector: Crown Zenith; 059/159; Normal Holo; Rare Holo,0,1,2026-08-23,,,,
,Mewtwo VSTAR [Holo] #GG44,Pokemon Crown Zenith,27081,Ungraded,Normal wear,,From TCGcollector: Crown Zenith; GG44/GG70; Normal Holo; Holo Rare VSTAR,0,1,2026-08-23,,,,
,Miltank [Holo] #GG24,Pokemon Crown Zenith,1278,Ungraded,Normal wear,,From TCGcollector: Crown Zenith; GG24/GG70; Normal Holo; Rare Holo,0,1,2026-08-23,,,,
,Origin Forme Dialga VSTAR [Holo] #GG68,Pokemon Crown Zenith,13412,Ungraded,Normal wear,,From TCGcollector: Crown Zenith; GG68/GG70; Normal Holo; Rare Secret,0,1,2026-08-23,,,,
,Paras [Holo] #GG32,Pokemon Crown Zenith,927,Ungraded,Normal wear,,From TCGcollector: Crown Zenith; GG32/GG70; Normal Holo; Rare Holo,0,1,2026-08-23,,,,
,Pikachu [Holo] #160,Pokemon Crown Zenith,4794,Ungraded,Normal wear,,From TCGcollector: Crown Zenith; 160/159; Normal Holo; Rare Secret,0,1,2026-08-23,,,,
,Pikachu [Holo] #GG30,Pokemon Crown Zenith,4612,Ungraded,Normal wear,,From TCGcollector: Crown Zenith; GG30/GG70; Normal Holo; Rare Holo,0,1,2026-08-23,,,,
,Professor's Research [Holo] #150,Pokemon Crown Zenith,206,Ungraded,Normal wear,,From TCGcollector: Crown Zenith; 150/159; Normal Holo; Rare Ultra,0,1,2026-08-23,,,,
,Radiant Charizard [Holo] #20,Pokemon Crown Zenith,1230,Ungraded,Normal wear,,From TCGcollector: Crown Zenith; 020/159; Normal Holo; Radiant Rare,0,2,2026-08-23,,,,
,Radiant Charjabug [Holo] #51,Pokemon Crown Zenith,67,Ungraded,Normal wear,,From TCGcollector: Crown Zenith; 051/159; Normal Holo; Radiant Rare,0,4,2026-08-23,,,,
,Radiant Eternatus [Holo] #105,Pokemon Crown Zenith,86,Ungraded,Normal wear,,From TCGcollector: Crown Zenith; 105/159; Normal Holo; Radiant Rare,0,2,2026-08-23,,,,
,Raihan [Holo] #140,Pokemon Crown Zenith,33,Ungraded,Normal wear,,From TCGcollector: Crown Zenith; 140/159; Normal Holo; Rare Holo,0,1,2026-08-23,,,,
,Raikou V [Holo] #GG41,Pokemon Crown Zenith,4245,Ungraded,Normal wear,,From TCGcollector: Crown Zenith; GG41/GG70; Normal Holo; Holo Rare V,0,1,2026-08-23,,,,
,Rayquaza V [Holo] #100,Pokemon Crown Zenith,225,Ungraded,Normal wear,,From TCGcollector: Crown Zenith; 100/159; Normal Holo; Holo Rare V,0,1,2026-08-23,,,,
,Rayquaza VMAX [Holo] #102,Pokemon Crown Zenith,1305,Ungraded,Normal wear,,From TCGcollector: Crown Zenith; 102/159; Normal Holo; Holo Rare VMAX,0,1,2026-08-23,,,,
,Regigigas VSTAR [Holo] #GG55,Pokemon Crown Zenith,2676,Ungraded,Normal wear,,From TCGcollector: Crown Zenith; GG55/GG70; Normal Holo; Holo Rare VSTAR,0,1,2026-08-23,,,,
,Riolu [Holo] #GG26,Pokemon Crown Zenith,1162,Ungraded,Normal wear,,From TCGcollector: Crown Zenith; GG26/GG70; Normal Holo; Rare Holo,0,1,2026-08-23,,,,
,Rotom V [Holo] #45,Pokemon Crown Zenith,72,Ungraded,Normal wear,,From TCGcollector: Crown Zenith; 045/159; Normal Holo; Holo Rare V,0,1,2026-08-23,,,,
,Rotom VSTAR [Holo] #46,Pokemon Crown Zenith,148,Ungraded,Normal wear,,From TCGcollector: Crown Zenith; 046/159; Normal Holo; Holo Rare VSTAR,0,1,2026-08-23,,,,
,Shinx [Reverse Holo] #39,Pokemon Crown Zenith,33,Ungraded,Normal wear,,From TCGcollector: Crown Zenith; 039/159; Reverse Holo; Common,0,1,2026-08-23,,,,
,Simisear V [Holo] #22,Pokemon Crown Zenith,71,Ungraded,Normal wear,,From TCGcollector: Crown Zenith; 022/159; Normal Holo; Holo Rare V,0,2,2026-08-23,,,,
,Simisear VSTAR [Holo] #GG37,Pokemon Crown Zenith,3660,Ungraded,Normal wear,,From TCGcollector: Crown Zenith; GG37/GG70; Normal Holo; Holo Rare VSTAR,0,1,2026-08-23,,,,
,Sky Seal Stone [Holo] #143,Pokemon Crown Zenith,22,Ungraded,Normal wear,,From TCGcollector: Crown Zenith; 143/159; Normal Holo; Rare Holo,0,2,2026-08-23,,,,
,Snorlax [Reverse Holo] #109,Pokemon Crown Zenith,1227,Ungraded,Normal wear,,From TCGcollector: Crown Zenith; 109/159; Reverse Holo; Rare,0,1,2026-08-23,,,,
,Solrock [Holo] #GG15,Pokemon Crown Zenith,712,Ungraded,Normal wear,,From TCGcollector: Crown Zenith; GG15/GG70; Normal Holo; Rare Holo,0,1,2026-08-23,,,,
,Stoutland V [Holo] #116,Pokemon Crown Zenith,80,Ungraded,Normal wear,,From TCGcollector: Crown Zenith; 116/159; Normal Holo; Holo Rare V,0,2,2026-08-23,,,,
,Swablu [Holo] #GG27,Pokemon Crown Zenith,627,Ungraded,Normal wear,,From TCGcollector: Crown Zenith; GG27/GG70; Normal Holo; Rare Holo,0,3,2026-08-23,,,,
,Thievul [Holo] #GG17,Pokemon Crown Zenith,292,Ungraded,Normal wear,,From TCGcollector: Crown Zenith; GG17/GG70; Normal Holo; Rare Holo,0,3,2026-08-23,,,,
,Toxtricity [Holo] #GG09,Pokemon Crown Zenith,374,Ungraded,Normal wear,,From TCGcollector: Crown Zenith; GG09/GG70; Normal Holo; Rare Holo,0,1,2026-08-23,,,,
,Trekking Shoes [Reverse Holo] #145,Pokemon Crown Zenith,30,Ungraded,Normal wear,,From TCGcollector: Crown Zenith; 145/159; Reverse Holo; Uncommon,0,1,2026-08-23,,,,
,Volcanion [Reverse Holo] #26,Pokemon Crown Zenith,34,Ungraded,Normal wear,,From TCGcollector: Crown Zenith; 026/159; Reverse Holo; Rare Holo,0,1,2026-08-23,,,,
,Volo [Holo] #151,Pokemon Crown Zenith,139,Ungraded,Normal wear,,From TCGcollector: Crown Zenith; 151/159; Normal Holo; Rare Ultra,0,1,2026-08-23,,,,
,Zacian VSTAR [Holo] #96,Pokemon Crown Zenith,163,Ungraded,Normal wear,,From TCGcollector: Crown Zenith; 096/159; Normal Holo; Holo Rare VSTAR,0,2,2026-08-23,,,,
,Zamazenta [Holo] #97,Pokemon Crown Zenith,35,Ungraded,Normal wear,,From TCGcollector: Crown Zenith; 097/159; Normal Holo; Rare Holo,0,1,2026-08-23,,,,
,Zarude [Holo] #16,Pokemon Crown Zenith,25,Ungraded,Normal wear,,From TCGcollector: Crown Zenith; 016/159; Normal Holo; Rare Holo,0,1,2026-08-23,,,,
,Zeraora VMAX [Holo] #54,Pokemon Crown Zenith,301,Ungraded,Normal wear,,From TCGcollector: Crown Zenith; 054/159; Normal Holo; Holo Rare VMAX,0,2,2026-08-23,,,,
,Zeraora VMAX [Holo] #GG42,Pokemon Crown Zenith,2805,Ungraded,Normal wear,,From TCGcollector: Crown Zenith; GG42/GG70; Normal Holo; Holo Rare VMAX,0,1,2026-08-23,,,,
,Zeraora VSTAR [Holo] #55,Pokemon Crown Zenith,170,Ungraded,Normal wear,,From TCGcollector: Crown Zenith; 055/159; Normal Holo; Holo Rare VSTAR,0,1,2026-08-23,,,,
,Mimikyu [Cosmos Holo] #81,Pokemon Darkness Ablaze,208,Ungraded,Normal wear,,From TCGcollector: Darkness Ablaze; 081/189; Cosmos Holo; Rare,0,1,2026-08-23,,,,
,Dracozolt V [Holo] #58,Pokemon Evolving Skies,125,Ungraded,Normal wear,,From TCGcollector: Evolving Skies; 058/203; Normal Holo; Holo Rare V,0,2,2026-08-23,,,,
,Eevee #125,Pokemon Evolving Skies,47,Ungraded,Normal wear,,From TCGcollector: Evolving Skies; 125/203; Normal; Common,0,1,2026-08-23,,,,
,Eldegoss [Holo] #16,Pokemon Evolving Skies,32,Ungraded,Normal wear,,From TCGcollector: Evolving Skies; 016/203; Normal Holo; Rare Holo,0,1,2026-08-23,,,,
,Entei [Holo] #19,Pokemon Evolving Skies,34,Ungraded,Normal wear,,From TCGcollector: Evolving Skies; 019/203; Normal Holo; Rare Holo,0,1,2026-08-23,,,,
,Espeon V [Holo] #64,Pokemon Evolving Skies,323,Ungraded,Normal wear,,From TCGcollector: Evolving Skies; 064/203; Normal Holo; Holo Rare V,0,1,2026-08-23,,,,
,Espeon VMAX [Holo] #65,Pokemon Evolving Skies,1559,Ungraded,Normal wear,,From TCGcollector: Evolving Skies; 065/203; Normal Holo; Holo Rare VMAX,0,1,2026-08-23,,,,
,Florges [Holo] #73,Pokemon Evolving Skies,27,Ungraded,Normal wear,,From TCGcollector: Evolving Skies; 073/203; Normal Holo; Rare Holo,0,1,2026-08-23,,,,
,Garbodor V [Holo] #100,Pokemon Evolving Skies,93,Ungraded,Normal wear,,From TCGcollector: Evolving Skies; 100/203; Normal Holo; Holo Rare V,0,1,2026-08-23,,,,
,Glaceon V [Holo] #40,Pokemon Evolving Skies,305,Ungraded,Normal wear,,From TCGcollector: Evolving Skies; 040/203; Normal Holo; Holo Rare V,0,2,2026-08-23,,,,
,Glaceon VMAX [Holo] #41,Pokemon Evolving Skies,815,Ungraded,Normal wear,,From TCGcollector: Evolving Skies; 041/203; Normal Holo; Holo Rare VMAX,0,1,2026-08-23,,,,
,Golurk V [Holo] #182,Pokemon Evolving Skies,3951,Ungraded,Normal wear,,From TCGcollector: Evolving Skies; 182/203; Normal Holo; Rare Ultra,0,1,2026-08-23,,,,
,Gyarados V [Holo] #28,Pokemon Evolving Skies,241,Ungraded,Normal wear,,From TCGcollector: Evolving Skies; 028/203; Normal Holo; Holo Rare V,0,2,2026-08-23,,,,
,Jumpluff [Holo] #4,Pokemon Evolving Skies,33,Ungraded,Normal wear,,From TCGcollector: Evolving Skies; 004/203; Normal Holo; Rare Holo,0,1,2026-08-23,,,,
,Marshadow [Holo] #80,Pokemon Evolving Skies,32,Ungraded,Normal wear,,From TCGcollector: Evolving Skies; 080/203; Normal Holo; Rare Holo,0,1,2026-08-23,,,,
,Medicham V [Holo] #83,Pokemon Evolving Skies,75,Ungraded,Normal wear,,From TCGcollector: Evolving Skies; 083/203; Normal Holo; Holo Rare V,0,1,2026-08-23,,,,
,Noivern V [Holo] #117,Pokemon Evolving Skies,86,Ungraded,Normal wear,,From TCGcollector: Evolving Skies; 117/203; Normal Holo; Holo Rare V,0,2,2026-08-23,,,,
,Regieleki [Holo] #60,Pokemon Evolving Skies,32,Ungraded,Normal wear,,From TCGcollector: Evolving Skies; 060/203; Normal Holo; Rare Holo,0,1,2026-08-23,,,,
,Salamence [Holo] #109,Pokemon Evolving Skies,76,Ungraded,Normal wear,,From TCGcollector: Evolving Skies; 109/203; Normal Holo; Rare Holo,0,1,2026-08-23,,,,
,Single Strike Scroll of the Fanged Dragon #158,Pokemon Evolving Skies,5,Ungraded,Normal wear,,From TCGcollector: Evolving Skies; 158/203; Normal; Uncommon,0,1,2026-08-23,,,,
,Suicune V [Holo] #31,Pokemon Evolving Skies,141,Ungraded,Normal wear,,From TCGcollector: Evolving Skies; 031/203; Normal Holo; Holo Rare V,0,1,2026-08-23,,,,
,Sylveon V [Holo] #74,Pokemon Evolving Skies,843,Ungraded,Normal wear,,From TCGcollector: Evolving Skies; 074/203; Normal Holo; Holo Rare V,0,1,2026-08-23,,,,
,Trevenant V [Holo] #13,Pokemon Evolving Skies,82,Ungraded,Normal wear,,From TCGcollector: Evolving Skies; 013/203; Normal Holo; Holo Rare V,0,1,2026-08-23,,,,
,Umbreon VMAX [Holo] #215,Pokemon Evolving Skies,241066,Ungraded,Normal wear,,From TCGcollector: Evolving Skies; 215/203; Normal Holo; Rare Rainbow,0,1,2026-08-23,,,,
,Vaporeon VMAX [Holo] #30,Pokemon Evolving Skies,1168,Ungraded,Normal wear,,From TCGcollector: Evolving Skies; 030/203; Normal Holo; Holo Rare VMAX,0,1,2026-08-23,,,,
,Zygarde [Holo] #118,Pokemon Evolving Skies,32,Ungraded,Normal wear,,From TCGcollector: Evolving Skies; 118/203; Normal Holo; Rare Holo,0,1,2026-08-23,,,,
,Appletun V [Holo] #26,Pokemon Fusion Strike,101,Ungraded,Normal wear,,From TCGcollector: Fusion Strike; 026/264; Normal Holo; Holo Rare V,0,1,2026-08-23,,,,
,Baltoy [Reverse Holo] #144,Pokemon Fusion Strike,8,Ungraded,Normal wear,,From TCGcollector: Fusion Strike; 144/264; Reverse Holo; Common,0,1,2026-08-23,,,,
,Battle VIP Pass [Reverse Holo] #225,Pokemon Fusion Strike,44,Ungraded,Normal wear,,From TCGcollector: Fusion Strike; 225/264; Reverse Holo; Uncommon,0,1,2026-08-23,,,,
,Boltund V [Holo] #249,Pokemon Fusion Strike,263,Ungraded,Normal wear,,From TCGcollector: Fusion Strike; 249/264; Normal Holo; Rare Ultra,0,1,2026-08-23,,,,
,Breloom V [Holo] #6,Pokemon Fusion Strike,75,Ungraded,Normal wear,,From TCGcollector: Fusion Strike; 006/264; Normal Holo; Holo Rare V,0,1,2026-08-23,,,,
,Caterpie [Reverse Holo] #1,Pokemon Fusion Strike,27,Ungraded,Normal wear,,From TCGcollector: Fusion Strike; 001/264; Reverse Holo; Common,0,3,2026-08-23,,,,
,Centiskorch [Reverse Holo] #48,Pokemon Fusion Strike,17,Ungraded,Normal wear,,From TCGcollector: Fusion Strike; 048/264; Reverse Holo; Rare,0,1,2026-08-23,,,,
,Chandelure V [Holo] #39,Pokemon Fusion Strike,92,Ungraded,Normal wear,,From TCGcollector: Fusion Strike; 039/264; Normal Holo; Holo Rare V,0,1,2026-08-23,,,,
,Chandelure VMAX [Holo] #265,Pokemon Fusion Strike,1019,Ungraded,Normal wear,,From TCGcollector: Fusion Strike; 265/264; Normal Holo; Rare Rainbow,0,1,2026-08-23,,,,
,Chandelure VMAX [Holo] #40,Pokemon Fusion Strike,323,Ungraded,Normal wear,,From TCGcollector: Fusion Strike; 040/264; Normal Holo; Holo Rare VMAX,0,2,2026-08-23,,,,
,Chewtle [Reverse Holo] #80,Pokemon Fusion Strike,30,Ungraded,Normal wear,,From TCGcollector: Fusion Strike; 080/264; Reverse Holo; Common,0,1,2026-08-23,,,,
,Cinderace V [Holo] #43,Pokemon Fusion Strike,66,Ungraded,Normal wear,,From TCGcollector: Fusion Strike; 043/264; Normal Holo; Holo Rare V,0,1,2026-08-23,,,,
,Cinderace V [Holo] #44,Pokemon Fusion Strike,80,Ungraded,Normal wear,,From TCGcollector: Fusion Strike; 044/264; Normal Holo; Holo Rare V,0,1,2026-08-23,,,,
,Cinderace VMAX [Holo] #45,Pokemon Fusion Strike,262,Ungraded,Normal wear,,From TCGcollector: Fusion Strike; 045/264; Normal Holo; Holo Rare VMAX,0,1,2026-08-23,,,,
,Clamperl [Reverse Holo] #65,Pokemon Fusion Strike,26,Ungraded,Normal wear,,From TCGcollector: Fusion Strike; 065/264; Reverse Holo; Common,0,2,2026-08-23,,,,
,Clawitzer [Reverse Holo] #75,Pokemon Fusion Strike,31,Ungraded,Normal wear,,From TCGcollector: Fusion Strike; 075/264; Reverse Holo; Uncommon,0,1,2026-08-23,,,,
,Clobbopus [Reverse Holo] #152,Pokemon Fusion Strike,30,Ungraded,Normal wear,,From TCGcollector: Fusion Strike; 152/264; Reverse Holo; Common,0,1,2026-08-23,,,,
,Corviknight [Reverse Holo] #190,Pokemon Fusion Strike,34,Ungraded,Normal wear,,From TCGcollector: Fusion Strike; 190/264; Reverse Holo; Rare,0,1,2026-08-23,,,,
,Crabominable V [Holo] #248,Pokemon Fusion Strike,120,Ungraded,Normal wear,,From TCGcollector: Fusion Strike; 248/264; Normal Holo; Rare Ultra,0,1,2026-08-23,,,,
,Crabominable V [Holo] #76,Pokemon Fusion Strike,66,Ungraded,Normal wear,,From TCGcollector: Fusion Strike; 076/264; Normal Holo; Holo Rare V,0,1,2026-08-23,,,,
,Dancer [Reverse Holo] #232,Pokemon Fusion Strike,22,Ungraded,Normal wear,,From TCGcollector: Fusion Strike; 232/264; Reverse Holo; Uncommon,0,1,2026-08-23,,,,
,Delcatty [Reverse Holo] #211,Pokemon Fusion Strike,37,Ungraded,Normal wear,,From TCGcollector: Fusion Strike; 211/264; Reverse Holo; Uncommon,0,1,2026-08-23,,,,
,Dewpider [Reverse Holo] #19,Pokemon Fusion Strike,18,Ungraded,Normal wear,,From TCGcollector: Fusion Strike; 019/264; Reverse Holo; Common,0,1,2026-08-23,,,,
,Eelektross [Reverse Holo] #97,Pokemon Fusion Strike,19,Ungraded,Normal wear,,From TCGcollector: Fusion Strike; 097/264; Reverse Holo; Rare,0,1,2026-08-23,,,,
,Eevee [Reverse Holo] #205,Pokemon Fusion Strike,91,Ungraded,Normal wear,,From TCGcollector: Fusion Strike; 205/264; Reverse Holo; Common,0,1,2026-08-23,,,,
,Eldegoss [Reverse Holo] #25,Pokemon Fusion Strike,13,Ungraded,Normal wear,,From TCGcollector: Fusion Strike; 025/264; Reverse Holo; Uncommon,0,1,2026-08-23,,,,
,Electrode [Reverse Holo] #88,Pokemon Fusion Strike,27,Ungraded,Normal wear,,From TCGcollector: Fusion Strike; 088/264; Reverse Holo; Rare,0,1,2026-08-23,,,,
,Elesa's Sparkle [Reverse Holo] #233,Pokemon Fusion Strike,27,Ungraded,Normal wear,,From TCGcollector: Fusion Strike; 233/264; Reverse Holo; Uncommon,0,1,2026-08-23,,,,
,Excadrill [Reverse Holo] #183,Pokemon Fusion Strike,21,Ungraded,Normal wear,,From TCGcollector: Fusion Strike; 183/264; Reverse Holo; Uncommon,0,1,2026-08-23,,,,
,Falinks [Reverse Holo] #155,Pokemon Fusion Strike,16,Ungraded,Normal wear,,From TCGcollector: Fusion Strike; 155/264; Reverse Holo; Common,0,1,2026-08-23,,,,
,Feraligatr [Holo] #57,Pokemon Fusion Strike,38,Ungraded,Normal wear,,From TCGcollector: Fusion Strike; 057/264; Normal Holo; Rare Holo,0,1,2026-08-23,,,,
,Frosmoth [Reverse Holo] #85,Pokemon Fusion Strike,14,Ungraded,Normal wear,,From TCGcollector: Fusion Strike; 085/264; Reverse Holo; Uncommon,0,1,2026-08-23,,,,
,Galarian Corsola [Reverse Holo] #117,Pokemon Fusion Strike,29,Ungraded,Normal wear,,From TCGcollector: Fusion Strike; 117/264; Reverse Holo; Common,0,1,2026-08-23,,,,
,Galarian Cursola [Reverse Holo] #118,Pokemon Fusion Strike,39,Ungraded,Normal wear,,From TCGcollector: Fusion Strike; 118/264; Reverse Holo; Rare,0,1,2026-08-23,,,,
,Galarian Darmanitan [Reverse Holo] #72,Pokemon Fusion Strike,29,Ungraded,Normal wear,,From TCGcollector: Fusion Strike; 072/264; Reverse Holo; Uncommon,0,1,2026-08-23,,,,
,Galarian Meowth [Reverse Holo] #180,Pokemon Fusion Strike,39,Ungraded,Normal wear,,From TCGcollector: Fusion Strike; 180/264; Reverse Holo; Common,0,1,2026-08-23,,,,
,Galarian Obstagoon [Holo] #161,Pokemon Fusion Strike,26,Ungraded,Normal wear,,From TCGcollector: Fusion Strike; 161/264; Normal Holo; Rare Holo,0,1,2026-08-23,,,,
,Galarian Perrserker [Reverse Holo] #181,Pokemon Fusion Strike,30,Ungraded,Normal wear,,From TCGcollector: Fusion Strike; 181/264; Reverse Holo; Uncommon,0,2,2026-08-23,,,,
,Genesect V [Holo] #185,Pokemon Fusion Strike,69,Ungraded,Normal wear,,From TCGcollector: Fusion Strike; 185/264; Normal Holo; Holo Rare V,0,1,2026-08-23,,,,
,Genesect V [Holo] #254,Pokemon Fusion Strike,408,Ungraded,Normal wear,,From TCGcollector: Fusion Strike; 254/264; Normal Holo; Rare Ultra,0,1,2026-08-23,,,,
,Gengar V [Holo] #156,Pokemon Fusion Strike,1121,Ungraded,Normal wear,,From TCGcollector: Fusion Strike; 156/264; Normal Holo; Holo Rare V,0,1,2026-08-23,,,,
,Gligar [Reverse Holo] #140,Pokemon Fusion Strike,25,Ungraded,Normal wear,,From TCGcollector: Fusion Strike; 140/264; Reverse Holo; Common,0,1,2026-08-23,,,,
,Gorebyss [Reverse Holo] #67,Pokemon Fusion Strike,18,Ungraded,Normal wear,,From TCGcollector: Fusion Strike; 067/264; Reverse Holo; Rare,0,1,2026-08-23,,,,
,Graveler #136,Pokemon Fusion Strike,3,Ungraded,Normal wear,,From TCGcollector: Fusion Strike; 136/264; Normal; Uncommon,0,1,2026-08-23,,,,
,Grimmsnarl [Holo] #178,Pokemon Fusion Strike,18,Ungraded,Normal wear,,From TCGcollector: Fusion Strike; 178/264; Normal Holo; Rare Holo,0,1,2026-08-23,,,,
,Grubbin [Reverse Holo] #18,Pokemon Fusion Strike,41,Ungraded,Normal wear,,From TCGcollector: Fusion Strike; 018/264; Reverse Holo; Common,0,1,2026-08-23,,,,
,Heliolisk [Reverse Holo] #99,Pokemon Fusion Strike,22,Ungraded,Normal wear,,From TCGcollector: Fusion Strike; 099/264; Reverse Holo; Uncommon,0,2,2026-08-23,,,,
,Impidimp [Reverse Holo] #176,Pokemon Fusion Strike,24,Ungraded,Normal wear,,From TCGcollector: Fusion Strike; 176/264; Reverse Holo; Common,0,1,2026-08-23,,,,
,Jynx [Reverse Holo] #112,Pokemon Fusion Strike,26,Ungraded,Normal wear,,From TCGcollector: Fusion Strike; 112/264; Reverse Holo; Common,0,1,2026-08-23,,,,
,Kangaskhan [Reverse Holo] #204,Pokemon Fusion Strike,34,Ungraded,Normal wear,,From TCGcollector: Fusion Strike; 204/264; Reverse Holo; Rare,0,1,2026-08-23,,,,
,Latias [Reverse Holo] #193,Pokemon Fusion Strike,54,Ungraded,Normal wear,,From TCGcollector: Fusion Strike; 193/264; Reverse Holo; Rare,0,1,2026-08-23,,,,
,Leavanny [Reverse Holo] #11,Pokemon Fusion Strike,33,Ungraded,Normal wear,,From TCGcollector: Fusion Strike; 011/264; Reverse Holo; Rare,0,1,2026-08-23,,,,
,Lopunny [Reverse Holo] #213,Pokemon Fusion Strike,130,Ungraded,Normal wear,,From TCGcollector: Fusion Strike; 213/264; Reverse Holo; Uncommon,0,1,2026-08-23,,,,
,Luxio [Reverse Holo] #92,Pokemon Fusion Strike,33,Ungraded,Normal wear,,From TCGcollector: Fusion Strike; 092/264; Reverse Holo; Uncommon,0,1,2026-08-23,,,,
,Mandibuzz [Reverse Holo] #173,Pokemon Fusion Strike,26,Ungraded,Normal wear,,From TCGcollector: Fusion Strike; 173/264; Reverse Holo; Uncommon,0,2,2026-08-23,,,,
,Mantine [Reverse Holo] #61,Pokemon Fusion Strike,25,Ungraded,Normal wear,,From TCGcollector: Fusion Strike; 061/264; Reverse Holo; Common,0,2,2026-08-23,,,,
,Melmetal [Holo] #189,Pokemon Fusion Strike,18,Ungraded,Normal wear,,From TCGcollector: Fusion Strike; 189/264; Normal Holo; Rare Holo,0,1,2026-08-23,,,,
,Melmetal [Reverse Holo] #189,Pokemon Fusion Strike,17,Ungraded,Normal wear,,From TCGcollector: Fusion Strike; 189/264; Reverse Holo; Rare Holo,0,1,2026-08-23,,,,
,Metapod [Reverse Holo] #2,Pokemon Fusion Strike,25,Ungraded,Normal wear,,From TCGcollector: Fusion Strike; 002/264; Reverse Holo; Uncommon,0,1,2026-08-23,,,,
,Mew VMAX [Holo] #114,Pokemon Fusion Strike,1533,Ungraded,Normal wear,,From TCGcollector: Fusion Strike; 114/264; Normal Holo; Holo Rare VMAX,0,1,2026-08-23,,,,
,Minun [Reverse Holo] #90,Pokemon Fusion Strike,33,Ungraded,Normal wear,,From TCGcollector: Fusion Strike; 090/264; Reverse Holo; Common,0,1,2026-08-23,,,,
,Munna [Reverse Holo] #121,Pokemon Fusion Strike,29,Ungraded,Normal wear,,From TCGcollector: Fusion Strike; 121/264; Reverse Holo; Common,0,1,2026-08-23,,,,
,Oricorio [Reverse Holo] #42,Pokemon Fusion Strike,26,Ungraded,Normal wear,,From TCGcollector: Fusion Strike; 042/264; Reverse Holo; Rare,0,1,2026-08-23,,,,
,Pancham [Reverse Holo] #149,Pokemon Fusion Strike,28,Ungraded,Normal wear,,From TCGcollector: Fusion Strike; 149/264; Reverse Holo; Common,0,1,2026-08-23,,,,
,Pangoro [Reverse Holo] #174,Pokemon Fusion Strike,29,Ungraded,Normal wear,,From TCGcollector: Fusion Strike; 174/264; Reverse Holo; Uncommon,0,3,2026-08-23,,,,
,Pansage [Reverse Holo] #7,Pokemon Fusion Strike,23,Ungraded,Normal wear,,From TCGcollector: Fusion Strike; 007/264; Reverse Holo; Common,0,1,2026-08-23,,,,
,Phantump [Reverse Holo] #16,Pokemon Fusion Strike,28,Ungraded,Normal wear,,From TCGcollector: Fusion Strike; 016/264; Reverse Holo; Common,0,2,2026-08-23,,,,
,Pikachu V [Holo] #86,Pokemon Fusion Strike,404,Ungraded,Normal wear,,From TCGcollector: Fusion Strike; 086/264; Normal Holo; Holo Rare V,0,2,2026-08-23,,,,
,Plusle [Reverse Holo] #89,Pokemon Fusion Strike,31,Ungraded,Normal wear,,From TCGcollector: Fusion Strike; 089/264; Reverse Holo; Common,0,1,2026-08-23,,,,
,Rillaboom V [Holo] #22,Pokemon Fusion Strike,69,Ungraded,Normal wear,,From TCGcollector: Fusion Strike; 022/264; Normal Holo; Holo Rare V,0,2,2026-08-23,,,,
,Rillaboom VMAX [Holo] #23,Pokemon Fusion Strike,188,Ungraded,Normal wear,,From TCGcollector: Fusion Strike; 023/264; Normal Holo; Holo Rare VMAX,0,2,2026-08-23,,,,
,Rookidee [Reverse Holo] #219,Pokemon Fusion Strike,27,Ungraded,Normal wear,,From TCGcollector: Fusion Strike; 219/264; Reverse Holo; Common,0,1,2026-08-23,,,,
,Rotom [Reverse Holo] #94,Pokemon Fusion Strike,26,Ungraded,Normal wear,,From TCGcollector: Fusion Strike; 094/264; Reverse Holo; Common,0,1,2026-08-23,,,,
,Sandshrew [Reverse Holo] #131,Pokemon Fusion Strike,73,Ungraded,Normal wear,,From TCGcollector: Fusion Strike; 131/264; Reverse Holo; Common,0,1,2026-08-23,,,,
,Schoolboy [Reverse Holo] #238,Pokemon Fusion Strike,21,Ungraded,Normal wear,,From TCGcollector: Fusion Strike; 238/264; Reverse Holo; Uncommon,0,2,2026-08-23,,,,
,Schoolgirl [Holo] #277,Pokemon Fusion Strike,368,Ungraded,Normal wear,,From TCGcollector: Fusion Strike; 277/264; Normal Holo; Rare Rainbow,0,1,2026-08-23,,,,
,Sharpedo [Reverse Holo] #163,Pokemon Fusion Strike,23,Ungraded,Normal wear,,From TCGcollector: Fusion Strike; 163/264; Reverse Holo; Uncommon,0,2,2026-08-23,,,,
,Shellder [Reverse Holo] #50,Pokemon Fusion Strike,22,Ungraded,Normal wear,,From TCGcollector: Fusion Strike; 050/264; Reverse Holo; Common,0,1,2026-08-23,,,,
,Shelmet [Reverse Holo] #13,Pokemon Fusion Strike,33,Ungraded,Normal wear,,From TCGcollector: Fusion Strike; 013/264; Reverse Holo; Common,0,1,2026-08-23,,,,
,Sidney [Reverse Holo] #241,Pokemon Fusion Strike,24,Ungraded,Normal wear,,From TCGcollector: Fusion Strike; 241/264; Reverse Holo; Uncommon,0,1,2026-08-23,,,,
,Simisage [Reverse Holo] #8,Pokemon Fusion Strike,24,Ungraded,Normal wear,,From TCGcollector: Fusion Strike; 008/264; Reverse Holo; Uncommon,0,1,2026-08-23,,,,
,Sizzlipede [Reverse Holo] #47,Pokemon Fusion Strike,18,Ungraded,Normal wear,,From TCGcollector: Fusion Strike; 047/264; Reverse Holo; Common,0,2,2026-08-23,,,,
,Skarmory [Reverse Holo] #182,Pokemon Fusion Strike,30,Ungraded,Normal wear,,From TCGcollector: Fusion Strike; 182/264; Reverse Holo; Common,0,1,2026-08-23,,,,
,Skitty [Reverse Holo] #210,Pokemon Fusion Strike,34,Ungraded,Normal wear,,From TCGcollector: Fusion Strike; 210/264; Reverse Holo; Common,0,3,2026-08-23,,,,
,Slugma [Reverse Holo] #34,Pokemon Fusion Strike,23,Ungraded,Normal wear,,From TCGcollector: Fusion Strike; 034/264; Reverse Holo; Common,0,1,2026-08-23,,,,
,Snom [Reverse Holo] #84,Pokemon Fusion Strike,57,Ungraded,Normal wear,,From TCGcollector: Fusion Strike; 084/264; Reverse Holo; Common,0,1,2026-08-23,,,,
,Snorlax [Reverse Holo] #206,Pokemon Fusion Strike,151,Ungraded,Normal wear,,From TCGcollector: Fusion Strike; 206/264; Reverse Holo; Common,0,1,2026-08-23,,,,
,Spongy Gloves [Reverse Holo] #243,Pokemon Fusion Strike,6,Ungraded,Normal wear,,From TCGcollector: Fusion Strike; 243/264; Reverse Holo; Uncommon,0,1,2026-08-23,,,,
,Starmie [Holo] #53,Pokemon Fusion Strike,29,Ungraded,Normal wear,,From TCGcollector: Fusion Strike; 053/264; Normal Holo; Rare Holo,0,1,2026-08-23,,,,
,Starmie [Reverse Holo] #53,Pokemon Fusion Strike,42,Ungraded,Normal wear,,From TCGcollector: Fusion Strike; 053/264; Reverse Holo; Rare Holo,0,1,2026-08-23,,,,
,Swadloon [Reverse Holo] #10,Pokemon Fusion Strike,33,Ungraded,Normal wear,,From TCGcollector: Fusion Strike; 010/264; Reverse Holo; Uncommon,0,1,2026-08-23,,,,
,Swampert [Holo] #64,Pokemon Fusion Strike,71,Ungraded,Normal wear,,From TCGcollector: Fusion Strike; 064/264; Normal Holo; Rare Holo,0,1,2026-08-23,,,,
,Toxel [Reverse Holo] #105,Pokemon Fusion Strike,28,Ungraded,Normal wear,,From TCGcollector: Fusion Strike; 105/264; Reverse Holo; Common,0,2,2026-08-23,,,,
,Toxel [Reverse Holo] #106,Pokemon Fusion Strike,26,Ungraded,Normal wear,,From TCGcollector: Fusion Strike; 106/264; Reverse Holo; Common,0,1,2026-08-23,,,,
,Toxtricity [Holo] #107,Pokemon Fusion Strike,27,Ungraded,Normal wear,,From TCGcollector: Fusion Strike; 107/264; Normal Holo; Rare Holo,0,1,2026-08-23,,,,
,Toxtricity [Holo] #108,Pokemon Fusion Strike,26,Ungraded,Normal wear,,From TCGcollector: Fusion Strike; 108/264; Normal Holo; Rare Holo,0,1,2026-08-23,,,,
,Tsareena V [Holo] #21,Pokemon Fusion Strike,77,Ungraded,Normal wear,,From TCGcollector: Fusion Strike; 021/264; Normal Holo; Holo Rare V,0,1,2026-08-23,,,,
,Turtonator [Reverse Holo] #198,Pokemon Fusion Strike,17,Ungraded,Normal wear,,From TCGcollector: Fusion Strike; 198/264; Reverse Holo; Uncommon,0,3,2026-08-23,,,,
,Tynamo [Reverse Holo] #95,Pokemon Fusion Strike,31,Ungraded,Normal wear,,From TCGcollector: Fusion Strike; 095/264; Reverse Holo; Common,0,2,2026-08-23,,,,
,Tyranitar V [Holo] #158,Pokemon Fusion Strike,138,Ungraded,Normal wear,,From TCGcollector: Fusion Strike; 158/264; Normal Holo; Holo Rare V,0,1,2026-08-23,,,,
,Vikavolt [Reverse Holo] #101,Pokemon Fusion Strike,23,Ungraded,Normal wear,,From TCGcollector: Fusion Strike; 101/264; Reverse Holo; Rare,0,1,2026-08-23,,,,
,Vullaby [Reverse Holo] #172,Pokemon Fusion Strike,22,Ungraded,Normal wear,,From TCGcollector: Fusion Strike; 172/264; Reverse Holo; Common,0,1,2026-08-23,,,,
,Vulpix [Reverse Holo] #28,Pokemon Fusion Strike,33,Ungraded,Normal wear,,From TCGcollector: Fusion Strike; 028/264; Reverse Holo; Common,0,1,2026-08-23,,,,
,Wooloo [Reverse Holo] #221,Pokemon Fusion Strike,26,Ungraded,Normal wear,,From TCGcollector: Fusion Strike; 221/264; Reverse Holo; Common,0,1,2026-08-23,,,,
,Zarude [Reverse Holo] #27,Pokemon Fusion Strike,30,Ungraded,Normal wear,,From TCGcollector: Fusion Strike; 027/264; Reverse Holo; Uncommon,0,2,2026-08-23,,,,
,Zoroark [Reverse Holo] #171,Pokemon Fusion Strike,33,Ungraded,Normal wear,,From TCGcollector: Fusion Strike; 171/264; Reverse Holo; Uncommon,0,2,2026-08-23,,,,
,Aerodactyl V [Holo] #92,Pokemon Lost Origin,101,Ungraded,Normal wear,,From TCGcollector: Lost Origin; 092/196; Normal Holo; Holo Rare V,0,3,2026-08-23,,,,
,Aerodactyl VSTAR [Holo] #93,Pokemon Lost Origin,138,Ungraded,Normal wear,,From TCGcollector: Lost Origin; 093/196; Normal Holo; Holo Rare VSTAR,0,2,2026-08-23,,,,
,Banette [Holo] #TG07,Pokemon Lost Origin,320,Ungraded,Normal wear,,From TCGcollector: Lost Origin; TG07/TG30; Normal Holo; Rare Holo,0,1,2026-08-23,,,,
,Barbaracle [Holo] #107,Pokemon Lost Origin,23,Ungraded,Normal wear,,From TCGcollector: Lost Origin; 107/196; Normal Holo; Rare Holo,0,2,2026-08-23,,,,
,Boss's Orders [Holo] #TG24,Pokemon Lost Origin,978,Ungraded,Normal wear,,From TCGcollector: Lost Origin; TG24/TG30; Normal Holo; Rare Ultra,0,1,2026-08-23,,,,
,Box of Disaster [Reverse Holo] #154,Pokemon Lost Origin,14,Ungraded,Normal wear,,From TCGcollector: Lost Origin; 154/196; Reverse Holo; Uncommon,0,2,2026-08-23,,,,
,Chandelure [Holo] #26,Pokemon Lost Origin,33,Ungraded,Normal wear,,From TCGcollector: Lost Origin; 026/196; Normal Holo; Rare Holo,0,1,2026-08-23,,,,
,Charizard [Holo] #TG03,Pokemon Lost Origin,2974,Ungraded,Normal wear,,From TCGcollector: Lost Origin; TG03/TG30; Normal Holo; Rare Holo,0,1,2026-08-23,,,,
,Dark Patch [Holo] #216,Pokemon Lost Origin,252,Ungraded,Normal wear,,From TCGcollector: Lost Origin; 216/196; Normal Holo; Rare Secret,0,1,2026-08-23,,,,
,Delphox V [Holo] #27,Pokemon Lost Origin,93,Ungraded,Normal wear,,From TCGcollector: Lost Origin; 027/196; Normal Holo; Holo Rare V,0,2,2026-08-23,,,,
,Drapion V [Holo] #118,Pokemon Lost Origin,70,Ungraded,Normal wear,,From TCGcollector: Lost Origin; 118/196; Normal Holo; Holo Rare V,0,2,2026-08-23,,,,
,Drapion V [Holo] #182,Pokemon Lost Origin,183,Ungraded,Normal wear,,From TCGcollector: Lost Origin; 182/196; Normal Holo; Rare Ultra,0,1,2026-08-23,,,,
,Dustox [Reverse Holo] #10,Pokemon Lost Origin,22,Ungraded,Normal wear,,From TCGcollector: Lost Origin; 010/196; Reverse Holo; Rare,0,1,2026-08-23,,,,
,Enamorus V [Holo] #82,Pokemon Lost Origin,76,Ungraded,Normal wear,,From TCGcollector: Lost Origin; 082/196; Normal Holo; Holo Rare V,0,2,2026-08-23,,,,
,Eternatus V [Holo] #TG21,Pokemon Lost Origin,583,Ungraded,Normal wear,,From TCGcollector: Lost Origin; TG21/TG30; Normal Holo; Holo Rare V,0,1,2026-08-23,,,,
,Galarian Perrserker V [Holo] #129,Pokemon Lost Origin,78,Ungraded,Normal wear,,From TCGcollector: Lost Origin; 129/196; Normal Holo; Holo Rare V,0,1,2026-08-23,,,,
,Galarian Perrserker V [Holo] #183,Pokemon Lost Origin,186,Ungraded,Normal wear,,From TCGcollector: Lost Origin; 183/196; Normal Holo; Rare Ultra,0,1,2026-08-23,,,,
,Gengar [Holo] #66,Pokemon Lost Origin,378,Ungraded,Normal wear,,From TCGcollector: Lost Origin; 066/196; Normal Holo; Rare Holo,0,1,2026-08-23,,,,
,Giratina V [Holo] #130,Pokemon Lost Origin,192,Ungraded,Normal wear,,From TCGcollector: Lost Origin; 130/196; Normal Holo; Holo Rare V,0,1,2026-08-23,,,,
,Giratina VSTAR [Holo] #131,Pokemon Lost Origin,235,Ungraded,Normal wear,,From TCGcollector: Lost Origin; 131/196; Normal Holo; Holo Rare VSTAR,0,3,2026-08-23,,,,
,Giratina VSTAR [Holo] #212,Pokemon Lost Origin,1821,Ungraded,Normal wear,,From TCGcollector: Lost Origin; 212/196; Normal Holo; Rare Secret,0,1,2026-08-23,,,,
,Glastrier [Holo] #51,Pokemon Lost Origin,33,Ungraded,Normal wear,,From TCGcollector: Lost Origin; 051/196; Normal Holo; Rare Holo,0,1,2026-08-23,,,,
,Hisuian Arcanine [Holo] #84,Pokemon Lost Origin,33,Ungraded,Normal wear,,From TCGcollector: Lost Origin; 084/196; Normal Holo; Rare Holo,0,2,2026-08-23,,,,
,Hisuian Arcanine [Holo] #TG08,Pokemon Lost Origin,542,Ungraded,Normal wear,,From TCGcollector: Lost Origin; TG08/TG30; Normal Holo; Rare Holo,0,2,2026-08-23,,,,
,Hisuian Basculegion [Holo] #45,Pokemon Lost Origin,38,Ungraded,Normal wear,,From TCGcollector: Lost Origin; 045/196; Normal Holo; Rare Holo,0,2,2026-08-23,,,,
,Hisuian Goodra [Holo] #134,Pokemon Lost Origin,34,Ungraded,Normal wear,,From TCGcollector: Lost Origin; 134/196; Normal Holo; Rare Holo,0,1,2026-08-23,,,,
,Hisuian Goodra [Reverse Holo] #134,Pokemon Lost Origin,35,Ungraded,Normal wear,,From TCGcollector: Lost Origin; 134/196; Reverse Holo; Rare Holo,0,2,2026-08-23,,,,
,Hisuian Goodra V [Holo] #135,Pokemon Lost Origin,71,Ungraded,Normal wear,,From TCGcollector: Lost Origin; 135/196; Normal Holo; Holo Rare V,0,3,2026-08-23,,,,
,Hisuian Sliggoo [Reverse Holo] #133,Pokemon Lost Origin,37,Ungraded,Normal wear,,From TCGcollector: Lost Origin; 133/196; Reverse Holo; Uncommon,0,1,2026-08-23,,,,
,Hisuian Zoroark [Holo] #76,Pokemon Lost Origin,38,Ungraded,Normal wear,,From TCGcollector: Lost Origin; 076/196; Normal Holo; Rare Holo,0,1,2026-08-23,,,,
,Hisuian Zoroark V [Holo] #146,Pokemon Lost Origin,80,Ungraded,Normal wear,,From TCGcollector: Lost Origin; 146/196; Normal Holo; Holo Rare V,0,1,2026-08-23,,,,
,Hisuian Zoroark VSTAR [Holo] #147,Pokemon Lost Origin,129,Ungraded,Normal wear,,From TCGcollector: Lost Origin; 147/196; Normal Holo; Holo Rare VSTAR,0,3,2026-08-23,,,,
,Kingdra [Holo] #37,Pokemon Lost Origin,39,Ungraded,Normal wear,,From TCGcollector: Lost Origin; 037/196; Normal Holo; Rare Holo,0,4,2026-08-23,,,,
,Kyurem V [Holo] #48,Pokemon Lost Origin,82,Ungraded,Normal wear,,From TCGcollector: Lost Origin; 048/196; Normal Holo; Holo Rare V,0,1,2026-08-23,,,,
,Kyurem VMAX [Holo] #49,Pokemon Lost Origin,225,Ungraded,Normal wear,,From TCGcollector: Lost Origin; 049/196; Normal Holo; Holo Rare VMAX,0,1,2026-08-23,,,,
,Machamp [Holo] #88,Pokemon Lost Origin,47,Ungraded,Normal wear,,From TCGcollector: Lost Origin; 088/196; Normal Holo; Rare Holo,0,2,2026-08-23,,,,
,Magnezone V [Holo] #175,Pokemon Lost Origin,191,Ungraded,Normal wear,,From TCGcollector: Lost Origin; 175/196; Normal Holo; Rare Ultra,0,1,2026-08-23,,,,
,Magnezone V [Holo] #56,Pokemon Lost Origin,68,Ungraded,Normal wear,,From TCGcollector: Lost Origin; 056/196; Normal Holo; Holo Rare V,0,2,2026-08-23,,,,
,Magnezone VSTAR [Holo] #57,Pokemon Lost Origin,106,Ungraded,Normal wear,,From TCGcollector: Lost Origin; 057/196; Normal Holo; Holo Rare VSTAR,0,2,2026-08-23,,,,
,Opal [Holo] #TG28,Pokemon Lost Origin,243,Ungraded,Normal wear,,From TCGcollector: Lost Origin; TG28/TG30; Normal Holo; Rare Ultra,0,1,2026-08-23,,,,
,Parasect [Holo] #TG01,Pokemon Lost Origin,511,Ungraded,Normal wear,,From TCGcollector: Lost Origin; TG01/TG30; Normal Holo; Rare Holo,0,1,2026-08-23,,,,
,Pidgeot V [Holo] #137,Pokemon Lost Origin,71,Ungraded,Normal wear,,From TCGcollector: Lost Origin; 137/196; Normal Holo; Holo Rare V,0,1,2026-08-23,,,,
,Pikachu #52,Pokemon Lost Origin,145,Ungraded,Normal wear,,From TCGcollector: Lost Origin; 052/196; Normal; Common,0,1,2026-08-23,,,,
,Pikachu [Holo] #TG05,Pokemon Lost Origin,4643,Ungraded,Normal wear,,From TCGcollector: Lost Origin; TG05/TG30; Normal Holo; Rare Holo,0,1,2026-08-23,,,,
,Pikachu VMAX [Holo] #TG29,Pokemon Lost Origin,2710,Ungraded,Normal wear,,From TCGcollector: Lost Origin; TG29/TG30; Normal Holo; Rare Secret,0,1,2026-08-23,,,,
,Porygon [Reverse Holo] #140,Pokemon Lost Origin,21,Ungraded,Normal wear,,From TCGcollector: Lost Origin; 140/196; Reverse Holo; Common,0,1,2026-08-23,,,,
,Pyroar [Holo] #29,Pokemon Lost Origin,25,Ungraded,Normal wear,,From TCGcollector: Lost Origin; 029/196; Normal Holo; Rare Holo,0,1,2026-08-23,,,,
,Radiant Gardevoir [Holo] #69,Pokemon Lost Origin,162,Ungraded,Normal wear,,From TCGcollector: Lost Origin; 069/196; Normal Holo; Radiant Rare,0,2,2026-08-23,,,,
,Radiant Hisuian Sneasler [Holo] #123,Pokemon Lost Origin,68,Ungraded,Normal wear,,From TCGcollector: Lost Origin; 123/196; Normal Holo; Radiant Rare,0,3,2026-08-23,,,,
,Radiant Steelix [Holo] #124,Pokemon Lost Origin,108,Ungraded,Normal wear,,From TCGcollector: Lost Origin; 124/196; Normal Holo; Radiant Rare,0,3,2026-08-23,,,,
,Roserade [Holo] #TG02,Pokemon Lost Origin,298,Ungraded,Normal wear,,From TCGcollector: Lost Origin; TG02/TG30; Normal Holo; Rare Holo,0,1,2026-08-23,,,,
,Rotom V [Holo] #177,Pokemon Lost Origin,3100,Ungraded,Normal wear,,From TCGcollector: Lost Origin; 177/196; Normal Holo; Rare Ultra,0,1,2026-08-23,,,,
,Rotom V [Holo] #58,Pokemon Lost Origin,77,Ungraded,Normal wear,,From TCGcollector: Lost Origin; 058/196; Normal Holo; Holo Rare V,0,2,2026-08-23,,,,
,Sableye [Holo] #70,Pokemon Lost Origin,53,Ungraded,Normal wear,,From TCGcollector: Lost Origin; 070/196; Normal Holo; Rare Holo,0,2,2026-08-23,,,,
,Spiritomb [Holo] #TG09,Pokemon Lost Origin,290,Ungraded,Normal wear,,From TCGcollector: Lost Origin; TG09/TG30; Normal Holo; Rare Holo,0,2,2026-08-23,,,,
,Torkoal [Reverse Holo] #23,Pokemon Lost Origin,20,Ungraded,Normal wear,,From TCGcollector: Lost Origin; 023/196; Reverse Holo; Uncommon,0,1,2026-08-23,,,,
,Trevenant [Holo] #17,Pokemon Lost Origin,21,Ungraded,Normal wear,,From TCGcollector: Lost Origin; 017/196; Normal Holo; Rare Holo,0,1,2026-08-23,,,,
,Volo [Holo] #196,Pokemon Lost Origin,257,Ungraded,Normal wear,,From TCGcollector: Lost Origin; 196/196; Normal Holo; Rare Ultra,0,1,2026-08-23,,,,
,Volo [Holo] #211,Pokemon Lost Origin,479,Ungraded,Normal wear,,From TCGcollector: Lost Origin; 211/196; Normal Holo; Rare Rainbow,0,1,2026-08-23,,,,
,Absol ex [Holo] #135,Pokemon Obsidian Flames,111,Ungraded,Normal wear,,From TCGcollector: Obsidian Flames; 135/197; Normal Holo; Double Rare,0,1,2026-08-23,,,,
,Altaria [Reverse Holo] #160,Pokemon Obsidian Flames,29,Ungraded,Normal wear,,From TCGcollector: Obsidian Flames; 160/197; Reverse Holo; Uncommon,0,1,2026-08-23,,,,
,Artazon [Holo] #229,Pokemon Obsidian Flames,128,Ungraded,Normal wear,,From TCGcollector: Obsidian Flames; 229/197; Normal Holo; Hyper Rare,0,1,2026-08-23,,,,
,Arven [Reverse Holo] #186,Pokemon Obsidian Flames,227,Ungraded,Normal wear,,From TCGcollector: Obsidian Flames; 186/197; Reverse Holo; Uncommon,0,1,2026-08-23,,,,
,Audino [Reverse Holo] #173,Pokemon Obsidian Flames,27,Ungraded,Normal wear,,From TCGcollector: Obsidian Flames; 173/197; Reverse Holo; Common,0,3,2026-08-23,,,,
,Baltoy [Reverse Holo] #94,Pokemon Obsidian Flames,16,Ungraded,Normal wear,,From TCGcollector: Obsidian Flames; 094/197; Reverse Holo; Common,0,1,2026-08-23,,,,
,Barboach [Reverse Holo] #108,Pokemon Obsidian Flames,21,Ungraded,Normal wear,,From TCGcollector: Obsidian Flames; 108/197; Reverse Holo; Common,0,3,2026-08-23,,,,
,Basic Fire Energy [Holo] #230,Pokemon Obsidian Flames,376,Ungraded,Normal wear,,From TCGcollector: Obsidian Flames; 230/197; Normal Holo; Hyper Rare,0,1,2026-08-23,,,,
,Beartic [Reverse Holo] #54,Pokemon Obsidian Flames,22,Ungraded,Normal wear,,From TCGcollector: Obsidian Flames; 054/197; Reverse Holo; Uncommon,0,2,2026-08-23,,,,
,Bellibolt [Holo] #201,Pokemon Obsidian Flames,576,Ungraded,Normal wear,,From TCGcollector: Obsidian Flames; 201/197; Normal Holo; Illustration Rare,0,2,2026-08-23,,,,
,Bellibolt [Reverse Holo] #78,Pokemon Obsidian Flames,30,Ungraded,Normal wear,,From TCGcollector: Obsidian Flames; 078/197; Reverse Holo; Uncommon,0,1,2026-08-23,,,,
,Bisharp [Reverse Holo] #149,Pokemon Obsidian Flames,20,Ungraded,Normal wear,,From TCGcollector: Obsidian Flames; 149/197; Reverse Holo; Common,0,1,2026-08-23,,,,
,Bonsly [Reverse Holo] #110,Pokemon Obsidian Flames,31,Ungraded,Normal wear,,From TCGcollector: Obsidian Flames; 110/197; Reverse Holo; Common,0,2,2026-08-23,,,,
,Bounsweet [Reverse Holo] #16,Pokemon Obsidian Flames,23,Ungraded,Normal wear,,From TCGcollector: Obsidian Flames; 016/197; Reverse Holo; Common,0,3,2026-08-23,,,,
,Brassius [Reverse Holo] #187,Pokemon Obsidian Flames,31,Ungraded,Normal wear,,From TCGcollector: Obsidian Flames; 187/197; Reverse Holo; Uncommon,0,2,2026-08-23,,,,
,Bronzong [Reverse Holo] #145,Pokemon Obsidian Flames,23,Ungraded,Normal wear,,From TCGcollector: Obsidian Flames; 145/197; Reverse Holo; Uncommon,0,1,2026-08-23,,,,
,Bronzor [Reverse Holo] #144,Pokemon Obsidian Flames,31,Ungraded,Normal wear,,From TCGcollector: Obsidian Flames; 144/197; Reverse Holo; Common,0,4,2026-08-23,,,,
,Buizel [Reverse Holo] #48,Pokemon Obsidian Flames,21,Ungraded,Normal wear,,From TCGcollector: Obsidian Flames; 048/197; Reverse Holo; Common,0,7,2026-08-23,,,,
,Bunnelby [Reverse Holo] #175,Pokemon Obsidian Flames,21,Ungraded,Normal wear,,From TCGcollector: Obsidian Flames; 175/197; Reverse Holo; Common,0,3,2026-08-23,,,,
,Capsakid [Reverse Holo] #23,Pokemon Obsidian Flames,23,Ungraded,Normal wear,,From TCGcollector: Obsidian Flames; 023/197; Reverse Holo; Common,0,1,2026-08-23,,,,
,Carvanha [Reverse Holo] #46,Pokemon Obsidian Flames,17,Ungraded,Normal wear,,From TCGcollector: Obsidian Flames; 046/197; Reverse Holo; Common,0,3,2026-08-23,,,,
,Charcadet [Reverse Holo] #43,Pokemon Obsidian Flames,20,Ungraded,Normal wear,,From TCGcollector: Obsidian Flames; 043/197; Reverse Holo; Common,0,1,2026-08-23,,,,
,Charizard ex [Holo] #215,Pokemon Obsidian Flames,2222,Ungraded,Normal wear,,From TCGcollector: Obsidian Flames; 215/197; Normal Holo; Ultra Rare,0,2,2026-08-23,,,,
,Claydol [Holo] #95,Pokemon Obsidian Flames,12,Ungraded,Normal wear,,From TCGcollector: Obsidian Flames; 095/197; Normal Holo; Rare,0,11,2026-08-23,,,,
,Clefable ex [Holo] #82,Pokemon Obsidian Flames,124,Ungraded,Normal wear,,From TCGcollector: Obsidian Flames; 082/197; Normal Holo; Double Rare,0,1,2026-08-23,,,,
,Clefairy [Reverse Holo] #81,Pokemon Obsidian Flames,46,Ungraded,Normal wear,,From TCGcollector: Obsidian Flames; 081/197; Reverse Holo; Common,0,1,2026-08-23,,,,
,Cleffa [Holo] #202,Pokemon Obsidian Flames,3856,Ungraded,Normal wear,,From TCGcollector: Obsidian Flames; 202/197; Normal Holo; Illustration Rare,0,1,2026-08-23,,,,
,Cleffa [Reverse Holo] #80,Pokemon Obsidian Flames,42,Ungraded,Normal wear,,From TCGcollector: Obsidian Flames; 080/197; Reverse Holo; Common,0,1,2026-08-23,,,,
,Combee [Reverse Holo] #8,Pokemon Obsidian Flames,21,Ungraded,Normal wear,,From TCGcollector: Obsidian Flames; 008/197; Reverse Holo; Common,0,5,2026-08-23,,,,
,Crabominable [Reverse Holo] #115,Pokemon Obsidian Flames,24,Ungraded,Normal wear,,From TCGcollector: Obsidian Flames; 115/197; Reverse Holo; Uncommon,0,3,2026-08-23,,,,
,Crabrawler [Reverse Holo] #114,Pokemon Obsidian Flames,18,Ungraded,Normal wear,,From TCGcollector: Obsidian Flames; 114/197; Reverse Holo; Common,0,3,2026-08-23,,,,
,Cryogonal [Reverse Holo] #55,Pokemon Obsidian Flames,18,Ungraded,Normal wear,,From TCGcollector: Obsidian Flames; 055/197; Reverse Holo; Common,0,2,2026-08-23,,,,
,Cubchoo [Reverse Holo] #53,Pokemon Obsidian Flames,19,Ungraded,Normal wear,,From TCGcollector: Obsidian Flames; 053/197; Reverse Holo; Common,0,4,2026-08-23,,,,
,Darkrai [Holo] #136,Pokemon Obsidian Flames,21,Ungraded,Normal wear,,From TCGcollector: Obsidian Flames; 136/197; Normal Holo; Rare,0,15,2026-08-23,,,,
,Darkrai [Reverse Holo] #136,Pokemon Obsidian Flames,27,Ungraded,Normal wear,,From TCGcollector: Obsidian Flames; 136/197; Reverse Holo; Rare,0,1,2026-08-23,,,,
,Decidueye ex [Holo] #15,Pokemon Obsidian Flames,82,Ungraded,Normal wear,,From TCGcollector: Obsidian Flames; 015/197; Normal Holo; Double Rare,0,1,2026-08-23,,,,
,Diggersby [Reverse Holo] #113,Pokemon Obsidian Flames,24,Ungraded,Normal wear,,From TCGcollector: Obsidian Flames; 113/197; Reverse Holo; Uncommon,0,1,2026-08-23,,,,
,Diglett [Reverse Holo] #103,Pokemon Obsidian Flames,22,Ungraded,Normal wear,,From TCGcollector: Obsidian Flames; 103/197; Reverse Holo; Common,0,2,2026-08-23,,,,
,Dragonair [Reverse Holo] #158,Pokemon Obsidian Flames,37,Ungraded,Normal wear,,From TCGcollector: Obsidian Flames; 158/197; Reverse Holo; Uncommon,0,3,2026-08-23,,,,
,Dragonite ex [Holo] #159,Pokemon Obsidian Flames,307,Ungraded,Normal wear,,From TCGcollector: Obsidian Flames; 159/197; Normal Holo; Double Rare,0,1,2026-08-23,,,,
,Drampa [Reverse Holo] #161,Pokemon Obsidian Flames,31,Ungraded,Normal wear,,From TCGcollector: Obsidian Flames; 161/197; Reverse Holo; Uncommon,0,5,2026-08-23,,,,
,Dratini [Reverse Holo] #157,Pokemon Obsidian Flames,27,Ungraded,Normal wear,,From TCGcollector: Obsidian Flames; 157/197; Reverse Holo; Common,0,2,2026-08-23,,,,
,Drilbur [Reverse Holo] #111,Pokemon Obsidian Flames,17,Ungraded,Normal wear,,From TCGcollector: Obsidian Flames; 111/197; Reverse Holo; Common,0,1,2026-08-23,,,,
,Dugtrio [Reverse Holo] #104,Pokemon Obsidian Flames,24,Ungraded,Normal wear,,From TCGcollector: Obsidian Flames; 104/197; Reverse Holo; Uncommon,0,1,2026-08-23,,,,
,Eelektrik [Reverse Holo] #68,Pokemon Obsidian Flames,19,Ungraded,Normal wear,,From TCGcollector: Obsidian Flames; 068/197; Reverse Holo; Common,0,3,2026-08-23,,,,
,Eelektross [Reverse Holo] #69,Pokemon Obsidian Flames,24,Ungraded,Normal wear,,From TCGcollector: Obsidian Flames; 069/197; Reverse Holo; Uncommon,0,3,2026-08-23,,,,
,Eevee [Reverse Holo] #166,Pokemon Obsidian Flames,47,Ungraded,Normal wear,,From TCGcollector: Obsidian Flames; 166/197; Reverse Holo; Common,0,2,2026-08-23,,,,
,Eiscue ex [Holo] #222,Pokemon Obsidian Flames,614,Ungraded,Normal wear,,From TCGcollector: Obsidian Flames; 222/197; Normal Holo; Special Illustration Rare,0,1,2026-08-23,,,,
,Entei [Holo] #30,Pokemon Obsidian Flames,21,Ungraded,Normal wear,,From TCGcollector: Obsidian Flames; 030/197; Normal Holo; Rare,0,12,2026-08-23,,,,
,Espeon [Reverse Holo] #86,Pokemon Obsidian Flames,111,Ungraded,Normal wear,,From TCGcollector: Obsidian Flames; 086/197; Reverse Holo; Uncommon,0,3,2026-08-23,,,,
,Excadrill [Reverse Holo] #147,Pokemon Obsidian Flames,24,Ungraded,Normal wear,,From TCGcollector: Obsidian Flames; 147/197; Reverse Holo; Uncommon,0,3,2026-08-23,,,,
,Finizen [Reverse Holo] #60,Pokemon Obsidian Flames,35,Ungraded,Normal wear,,From TCGcollector: Obsidian Flames; 060/197; Reverse Holo; Common,0,6,2026-08-23,,,,
,Finizen [Reverse Holo] #61,Pokemon Obsidian Flames,29,Ungraded,Normal wear,,From TCGcollector: Obsidian Flames; 061/197; Reverse Holo; Common,0,2,2026-08-23,,,,
,Flamigo [Reverse Holo] #185,Pokemon Obsidian Flames,31,Ungraded,Normal wear,,From TCGcollector: Obsidian Flames; 185/197; Reverse Holo; Uncommon,0,1,2026-08-23,,,,
,Floatzel [Reverse Holo] #49,Pokemon Obsidian Flames,21,Ungraded,Normal wear,,From TCGcollector: Obsidian Flames; 049/197; Reverse Holo; Uncommon,0,2,2026-08-23,,,,
,Foongus [Reverse Holo] #9,Pokemon Obsidian Flames,24,Ungraded,Normal wear,,From TCGcollector: Obsidian Flames; 009/197; Reverse Holo; Common,0,1,2026-08-23,,,,
,Froakie [Reverse Holo] #56,Pokemon Obsidian Flames,29,Ungraded,Normal wear,,From TCGcollector: Obsidian Flames; 056/197; Reverse Holo; Common,0,1,2026-08-23,,,,
,Frogadier [Reverse Holo] #57,Pokemon Obsidian Flames,27,Ungraded,Normal wear,,From TCGcollector: Obsidian Flames; 057/197; Reverse Holo; Uncommon,0,1,2026-08-23,,,,
,Geeta [Holo] #188,Pokemon Obsidian Flames,13,Ungraded,Normal wear,,From TCGcollector: Obsidian Flames; 188/197; Normal Holo; Rare,0,14,2026-08-23,,,,
,Geeta [Reverse Holo] #188,Pokemon Obsidian Flames,21,Ungraded,Normal wear,,From TCGcollector: Obsidian Flames; 188/197; Reverse Holo; Rare,0,1,2026-08-23,,,,
,Geeta [Holo] #218,Pokemon Obsidian Flames,109,Ungraded,Normal wear,,From TCGcollector: Obsidian Flames; 218/197; Normal Holo; Ultra Rare,0,2,2026-08-23,,,,
,Geeta [Holo] #226,Pokemon Obsidian Flames,323,Ungraded,Normal wear,,From TCGcollector: Obsidian Flames; 226/197; Normal Holo; Special Illustration Rare,0,1,2026-08-23,,,,
,Glimmet [Reverse Holo] #121,Pokemon Obsidian Flames,20,Ungraded,Normal wear,,From TCGcollector: Obsidian Flames; 121/197; Reverse Holo; Common,0,1,2026-08-23,,,,
,Granbull [Reverse Holo] #88,Pokemon Obsidian Flames,29,Ungraded,Normal wear,,From TCGcollector: Obsidian Flames; 088/197; Reverse Holo; Uncommon,0,2,2026-08-23,,,,
,Greavard [Reverse Holo] #100,Pokemon Obsidian Flames,21,Ungraded,Normal wear,,From TCGcollector: Obsidian Flames; 100/197; Reverse Holo; Common,0,3,2026-08-23,,,,
,Greavard [Reverse Holo] #99,Pokemon Obsidian Flames,27,Ungraded,Normal wear,,From TCGcollector: Obsidian Flames; 099/197; Reverse Holo; Common,0,1,2026-08-23,,,,
,Greedent ex [Holo] #179,Pokemon Obsidian Flames,86,Ungraded,Normal wear,,From TCGcollector: Obsidian Flames; 179/197; Normal Holo; Double Rare,0,1,2026-08-23,,,,
,Grumpig [Reverse Holo] #91,Pokemon Obsidian Flames,21,Ungraded,Normal wear,,From TCGcollector: Obsidian Flames; 091/197; Reverse Holo; Uncommon,0,4,2026-08-23,,,,
,Gumshoos [Reverse Holo] #177,Pokemon Obsidian Flames,23,Ungraded,Normal wear,,From TCGcollector: Obsidian Flames; 177/197; Reverse Holo; Uncommon,0,2,2026-08-23,,,,
,Heatmor [Reverse Holo] #39,Pokemon Obsidian Flames,18,Ungraded,Normal wear,,From TCGcollector: Obsidian Flames; 039/197; Reverse Holo; Common,0,2,2026-08-23,,,,
,Herdier [Reverse Holo] #171,Pokemon Obsidian Flames,24,Ungraded,Normal wear,,From TCGcollector: Obsidian Flames; 171/197; Reverse Holo; Common,0,1,2026-08-23,,,,
,Houndoom [Reverse Holo] #133,Pokemon Obsidian Flames,30,Ungraded,Normal wear,,From TCGcollector: Obsidian Flames; 133/197; Reverse Holo; Uncommon,0,2,2026-08-23,,,,
,Houndour [Reverse Holo] #131,Pokemon Obsidian Flames,28,Ungraded,Normal wear,,From TCGcollector: Obsidian Flames; 131/197; Reverse Holo; Common,0,1,2026-08-23,,,,
,Inkay [Reverse Holo] #137,Pokemon Obsidian Flames,19,Ungraded,Normal wear,,From TCGcollector: Obsidian Flames; 137/197; Reverse Holo; Common,0,3,2026-08-23,,,,
,Kangaskhan [Reverse Holo] #165,Pokemon Obsidian Flames,23,Ungraded,Normal wear,,From TCGcollector: Obsidian Flames; 165/197; Reverse Holo; Uncommon,0,2,2026-08-23,,,,
,Kingambit [Reverse Holo] #150,Pokemon Obsidian Flames,34,Ungraded,Normal wear,,From TCGcollector: Obsidian Flames; 150/197; Reverse Holo; Uncommon,0,2,2026-08-23,,,,
,Klawf ex [Holo] #120,Pokemon Obsidian Flames,86,Ungraded,Normal wear,,From TCGcollector: Obsidian Flames; 120/197; Normal Holo; Double Rare,0,1,2026-08-23,,,,
,Koraidon ex [Holo] #124,Pokemon Obsidian Flames,82,Ungraded,Normal wear,,From TCGcollector: Obsidian Flames; 124/197; Normal Holo; Double Rare,0,1,2026-08-23,,,,
,Lapras [Reverse Holo] #45,Pokemon Obsidian Flames,34,Ungraded,Normal wear,,From TCGcollector: Obsidian Flames; 045/197; Reverse Holo; Uncommon,0,4,2026-08-23,,,,
,Larvesta [Reverse Holo] #40,Pokemon Obsidian Flames,23,Ungraded,Normal wear,,From TCGcollector: Obsidian Flames; 040/197; Reverse Holo; Common,0,1,2026-08-23,,,,
,Larvitar [Reverse Holo] #105,Pokemon Obsidian Flames,17,Ungraded,Normal wear,,From TCGcollector: Obsidian Flames; 105/197; Reverse Holo; Common,0,3,2026-08-23,,,,
,Larvitar [Holo] #203,Pokemon Obsidian Flames,667,Ungraded,Normal wear,,From TCGcollector: Obsidian Flames; 203/197; Normal Holo; Illustration Rare,0,1,2026-08-23,,,,
,Lechonk [Reverse Holo] #180,Pokemon Obsidian Flames,37,Ungraded,Normal wear,,From TCGcollector: Obsidian Flames; 180/197; Reverse Holo; Common,0,1,2026-08-23,,,,
,Lechonk [Reverse Holo] #181,Pokemon Obsidian Flames,36,Ungraded,Normal wear,,From TCGcollector: Obsidian Flames; 181/197; Reverse Holo; Common,0,4,2026-08-23,,,,
,Lechonk [Reverse Holo] #182,Pokemon Obsidian Flames,27,Ungraded,Normal wear,,From TCGcollector: Obsidian Flames; 182/197; Reverse Holo; Common,0,2,2026-08-23,,,,
,Lechonk [Holo] #209,Pokemon Obsidian Flames,1409,Ungraded,Normal wear,,From TCGcollector: Obsidian Flames; 209/197; Normal Holo; Illustration Rare,0,1,2026-08-23,,,,
,Letter of Encouragement [Reverse Holo] #189,Pokemon Obsidian Flames,33,Ungraded,Normal wear,,From TCGcollector: Obsidian Flames; 189/197; Reverse Holo; Uncommon,0,3,2026-08-23,,,,
,Lillipup [Reverse Holo] #170,Pokemon Obsidian Flames,33,Ungraded,Normal wear,,From TCGcollector: Obsidian Flames; 170/197; Reverse Holo; Common,0,1,2026-08-23,,,,
,Linoone [Reverse Holo] #168,Pokemon Obsidian Flames,22,Ungraded,Normal wear,,From TCGcollector: Obsidian Flames; 168/197; Reverse Holo; Uncommon,0,2,2026-08-23,,,,
,Litwick [Reverse Holo] #36,Pokemon Obsidian Flames,22,Ungraded,Normal wear,,From TCGcollector: Obsidian Flames; 036/197; Reverse Holo; Common,0,3,2026-08-23,,,,
,Lycanroc [Reverse Holo] #117,Pokemon Obsidian Flames,32,Ungraded,Normal wear,,From TCGcollector: Obsidian Flames; 117/197; Reverse Holo; Uncommon,0,3,2026-08-23,,,,
,Magnemite [Reverse Holo] #63,Pokemon Obsidian Flames,24,Ungraded,Normal wear,,From TCGcollector: Obsidian Flames; 063/197; Reverse Holo; Common,0,1,2026-08-23,,,,
,Magneton [Reverse Holo] #64,Pokemon Obsidian Flames,23,Ungraded,Normal wear,,From TCGcollector: Obsidian Flames; 064/197; Reverse Holo; Common,0,2,2026-08-23,,,,
,Magnezone [Reverse Holo] #65,Pokemon Obsidian Flames,26,Ungraded,Normal wear,,From TCGcollector: Obsidian Flames; 065/197; Reverse Holo; Uncommon,0,1,2026-08-23,,,,
,Malamar [Reverse Holo] #138,Pokemon Obsidian Flames,23,Ungraded,Normal wear,,From TCGcollector: Obsidian Flames; 138/197; Reverse Holo; Uncommon,0,2,2026-08-23,,,,
,Masquerain [Reverse Holo] #7,Pokemon Obsidian Flames,25,Ungraded,Normal wear,,From TCGcollector: Obsidian Flames; 007/197; Reverse Holo; Uncommon,0,2,2026-08-23,,,,
,Mawile [Reverse Holo] #143,Pokemon Obsidian Flames,27,Ungraded,Normal wear,,From TCGcollector: Obsidian Flames; 143/197; Reverse Holo; Uncommon,0,2,2026-08-23,,,,
,Mawile [Reverse Holo] #89,Pokemon Obsidian Flames,24,Ungraded,Normal wear,,From TCGcollector: Obsidian Flames; 089/197; Reverse Holo; Common,0,1,2026-08-23,,,,
,Melmetal ex [Holo] #153,Pokemon Obsidian Flames,78,Ungraded,Normal wear,,From TCGcollector: Obsidian Flames; 153/197; Normal Holo; Double Rare,0,1,2026-08-23,,,,
,Miraidon ex [Holo] #79,Pokemon Obsidian Flames,102,Ungraded,Normal wear,,From TCGcollector: Obsidian Flames; 079/197; Normal Holo; Double Rare,0,1,2026-08-23,,,,
,Ninetales [Holo] #199,Pokemon Obsidian Flames,4073,Ungraded,Normal wear,,From TCGcollector: Obsidian Flames; 199/197; Normal Holo; Illustration Rare,0,1,2026-08-23,,,,
,Nosepass [Reverse Holo] #107,Pokemon Obsidian Flames,18,Ungraded,Normal wear,,From TCGcollector: Obsidian Flames; 107/197; Reverse Holo; Common,0,3,2026-08-23,,,,
,Oddish [Reverse Holo] #1,Pokemon Obsidian Flames,20,Ungraded,Normal wear,,From TCGcollector: Obsidian Flames; 001/197; Reverse Holo; Common,0,4,2026-08-23,,,,
,Oinkologne [Reverse Holo] #184,Pokemon Obsidian Flames,26,Ungraded,Normal wear,,From TCGcollector: Obsidian Flames; 184/197; Reverse Holo; Uncommon,0,3,2026-08-23,,,,
,Ortega [Reverse Holo] #190,Pokemon Obsidian Flames,26,Ungraded,Normal wear,,From TCGcollector: Obsidian Flames; 190/197; Reverse Holo; Uncommon,0,4,2026-08-23,,,,
,Ortega [Holo] #219,Pokemon Obsidian Flames,108,Ungraded,Normal wear,,From TCGcollector: Obsidian Flames; 219/197; Normal Holo; Ultra Rare,0,1,2026-08-23,,,,
,Palafin [Holo] #200,Pokemon Obsidian Flames,549,Ungraded,Normal wear,,From TCGcollector: Obsidian Flames; 200/197; Normal Holo; Illustration Rare,0,1,2026-08-23,,,,
,Palafin [Holo] #62,Pokemon Obsidian Flames,12,Ungraded,Normal wear,,From TCGcollector: Obsidian Flames; 062/197; Normal Holo; Rare,0,15,2026-08-23,,,,
,Palafin [Reverse Holo] #62,Pokemon Obsidian Flames,22,Ungraded,Normal wear,,From TCGcollector: Obsidian Flames; 062/197; Reverse Holo; Rare,0,3,2026-08-23,,,,
,Paldean Clodsire [Reverse Holo] #129,Pokemon Obsidian Flames,37,Ungraded,Normal wear,,From TCGcollector: Obsidian Flames; 129/197; Reverse Holo; Uncommon,0,4,2026-08-23,,,,
,Paldean Wooper [Reverse Holo] #126,Pokemon Obsidian Flames,29,Ungraded,Normal wear,,From TCGcollector: Obsidian Flames; 126/197; Reverse Holo; Common,0,2,2026-08-23,,,,
,Paldean Wooper [Reverse Holo] #127,Pokemon Obsidian Flames,34,Ungraded,Normal wear,,From TCGcollector: Obsidian Flames; 127/197; Reverse Holo; Common,0,1,2026-08-23,,,,
,Palpitoad [Reverse Holo] #51,Pokemon Obsidian Flames,25,Ungraded,Normal wear,,From TCGcollector: Obsidian Flames; 051/197; Reverse Holo; Common,0,4,2026-08-23,,,,
,Patrol Cap [Reverse Holo] #191,Pokemon Obsidian Flames,31,Ungraded,Normal wear,,From TCGcollector: Obsidian Flames; 191/197; Reverse Holo; Uncommon,0,5,2026-08-23,,,,
,Pawmot ex [Holo] #73,Pokemon Obsidian Flames,92,Ungraded,Normal wear,,From TCGcollector: Obsidian Flames; 073/197; Normal Holo; Double Rare,0,1,2026-08-23,,,,
,Pawniard [Reverse Holo] #148,Pokemon Obsidian Flames,20,Ungraded,Normal wear,,From TCGcollector: Obsidian Flames; 148/197; Reverse Holo; Common,0,2,2026-08-23,,,,
,Pidgeot ex [Holo] #164,Pokemon Obsidian Flames,122,Ungraded,Normal wear,,From TCGcollector: Obsidian Flames; 164/197; Normal Holo; Double Rare,0,1,2026-08-23,,,,
,Pidgeot ex [Holo] #217,Pokemon Obsidian Flames,215,Ungraded,Normal wear,,From TCGcollector: Obsidian Flames; 217/197; Normal Holo; Ultra Rare,0,1,2026-08-23,,,,
,Pidgeot ex [Holo] #225,Pokemon Obsidian Flames,1939,Ungraded,Normal wear,,From TCGcollector: Obsidian Flames; 225/197; Normal Holo; Special Illustration Rare,0,1,2026-08-23,,,,
,Pidgeotto [Holo] #208,Pokemon Obsidian Flames,1210,Ungraded,Normal wear,,From TCGcollector: Obsidian Flames; 208/197; Normal Holo; Illustration Rare,0,1,2026-08-23,,,,
,Pidgey [Reverse Holo] #162,Pokemon Obsidian Flames,28,Ungraded,Normal wear,,From TCGcollector: Obsidian Flames; 162/197; Reverse Holo; Common,0,4,2026-08-23,,,,
,Pidgey [Holo] #207,Pokemon Obsidian Flames,1541,Ungraded,Normal wear,,From TCGcollector: Obsidian Flames; 207/197; Normal Holo; Illustration Rare,0,1,2026-08-23,,,,
,Pokémon League Headquarters [Reverse Holo] #192,Pokemon Obsidian Flames,36,Ungraded,Normal wear,,From TCGcollector: Obsidian Flames; 192/197; Reverse Holo; Uncommon,0,3,2026-08-23,,,,
,Poppy [Holo] #220,Pokemon Obsidian Flames,115,Ungraded,Normal wear,,From TCGcollector: Obsidian Flames; 220/197; Normal Holo; Ultra Rare,0,1,2026-08-23,,,,
,Poppy [Holo] #227,Pokemon Obsidian Flames,331,Ungraded,Normal wear,,From TCGcollector: Obsidian Flames; 227/197; Normal Holo; Special Illustration Rare,0,1,2026-08-23,,,,
,Pupitar [Reverse Holo] #106,Pokemon Obsidian Flames,23,Ungraded,Normal wear,,From TCGcollector: Obsidian Flames; 106/197; Reverse Holo; Uncommon,0,2,2026-08-23,,,,
,Revavroom ex [Holo] #156,Pokemon Obsidian Flames,69,Ungraded,Normal wear,,From TCGcollector: Obsidian Flames; 156/197; Normal Holo; Double Rare,0,1,2026-08-23,,,,
,Revavroom ex [Holo] #216,Pokemon Obsidian Flames,93,Ungraded,Normal wear,,From TCGcollector: Obsidian Flames; 216/197; Normal Holo; Ultra Rare,0,2,2026-08-23,,,,
,Revavroom ex [Holo] #224,Pokemon Obsidian Flames,563,Ungraded,Normal wear,,From TCGcollector: Obsidian Flames; 224/197; Normal Holo; Special Illustration Rare,0,2,2026-08-23,,,,
,Rockruff [Reverse Holo] #116,Pokemon Obsidian Flames,21,Ungraded,Normal wear,,From TCGcollector: Obsidian Flames; 116/197; Reverse Holo; Common,0,5,2026-08-23,,,,
,Rowlet [Reverse Holo] #13,Pokemon Obsidian Flames,30,Ungraded,Normal wear,,From TCGcollector: Obsidian Flames; 013/197; Reverse Holo; Common,0,1,2026-08-23,,,,
,Ryme [Reverse Holo] #194,Pokemon Obsidian Flames,21,Ungraded,Normal wear,,From TCGcollector: Obsidian Flames; 194/197; Reverse Holo; Common,0,2,2026-08-23,,,,
,Ryme [Holo] #221,Pokemon Obsidian Flames,87,Ungraded,Normal wear,,From TCGcollector: Obsidian Flames; 221/197; Normal Holo; Ultra Rare,0,2,2026-08-23,,,,
,Salandit [Reverse Holo] #139,Pokemon Obsidian Flames,22,Ungraded,Normal wear,,From TCGcollector: Obsidian Flames; 139/197; Reverse Holo; Common,0,5,2026-08-23,,,,
,Salazzle [Reverse Holo] #140,Pokemon Obsidian Flames,27,Ungraded,Normal wear,,From TCGcollector: Obsidian Flames; 140/197; Reverse Holo; Uncommon,0,2,2026-08-23,,,,
,Scizor [Holo] #141,Pokemon Obsidian Flames,16,Ungraded,Normal wear,,From TCGcollector: Obsidian Flames; 141/197; Normal Holo; Rare,0,12,2026-08-23,,,,
,Scizor [Reverse Holo] #141,Pokemon Obsidian Flames,26,Ungraded,Normal wear,,From TCGcollector: Obsidian Flames; 141/197; Reverse Holo; Rare,0,1,2026-08-23,,,,
,Scizor [Holo] #205,Pokemon Obsidian Flames,1496,Ungraded,Normal wear,,From TCGcollector: Obsidian Flames; 205/197; Normal Holo; Illustration Rare,0,1,2026-08-23,,,,
,Scovillain [Holo] #25,Pokemon Obsidian Flames,10,Ungraded,Normal wear,,From TCGcollector: Obsidian Flames; 025/197; Normal Holo; Rare,0,13,2026-08-23,,,,
,Scovillain [Reverse Holo] #25,Pokemon Obsidian Flames,26,Ungraded,Normal wear,,From TCGcollector: Obsidian Flames; 025/197; Reverse Holo; Rare,0,1,2026-08-23,,,,
,Scyther [Reverse Holo] #4,Pokemon Obsidian Flames,26,Ungraded,Normal wear,,From TCGcollector: Obsidian Flames; 004/197; Reverse Holo; Common,0,2,2026-08-23,,,,
,Seismitoad [Reverse Holo] #52,Pokemon Obsidian Flames,26,Ungraded,Normal wear,,From TCGcollector: Obsidian Flames; 052/197; Reverse Holo; Uncommon,0,1,2026-08-23,,,,
,Sharpedo [Reverse Holo] #47,Pokemon Obsidian Flames,23,Ungraded,Normal wear,,From TCGcollector: Obsidian Flames; 047/197; Reverse Holo; Uncommon,0,3,2026-08-23,,,,
,Sinistea [Reverse Holo] #97,Pokemon Obsidian Flames,37,Ungraded,Normal wear,,From TCGcollector: Obsidian Flames; 097/197; Reverse Holo; Common,0,4,2026-08-23,,,,
,Skarmory [Reverse Holo] #142,Pokemon Obsidian Flames,31,Ungraded,Normal wear,,From TCGcollector: Obsidian Flames; 142/197; Reverse Holo; Uncommon,0,3,2026-08-23,,,,
,Skwovet [Reverse Holo] #178,Pokemon Obsidian Flames,14,Ungraded,Normal wear,,From TCGcollector: Obsidian Flames; 178/197; Reverse Holo; Common,0,1,2026-08-23,,,,
,Smoliv [Reverse Holo] #19,Pokemon Obsidian Flames,18,Ungraded,Normal wear,,From TCGcollector: Obsidian Flames; 019/197; Reverse Holo; Common,0,4,2026-08-23,,,,
,Snubbull [Reverse Holo] #87,Pokemon Obsidian Flames,22,Ungraded,Normal wear,,From TCGcollector: Obsidian Flames; 087/197; Reverse Holo; Common,0,2,2026-08-23,,,,
,Solrock [Reverse Holo] #93,Pokemon Obsidian Flames,24,Ungraded,Normal wear,,From TCGcollector: Obsidian Flames; 093/197; Reverse Holo; Uncommon,0,1,2026-08-23,,,,
,Spoink [Reverse Holo] #90,Pokemon Obsidian Flames,18,Ungraded,Normal wear,,From TCGcollector: Obsidian Flames; 090/197; Reverse Holo; Common,0,3,2026-08-23,,,,
,Steenee [Reverse Holo] #17,Pokemon Obsidian Flames,21,Ungraded,Normal wear,,From TCGcollector: Obsidian Flames; 017/197; Reverse Holo; Common,0,1,2026-08-23,,,,
,Stoutland [Reverse Holo] #172,Pokemon Obsidian Flames,28,Ungraded,Normal wear,,From TCGcollector: Obsidian Flames; 172/197; Reverse Holo; Uncommon,0,1,2026-08-23,,,,
,Surskit [Reverse Holo] #6,Pokemon Obsidian Flames,18,Ungraded,Normal wear,,From TCGcollector: Obsidian Flames; 006/197; Reverse Holo; Common,0,3,2026-08-23,,,,
,Swablu [Reverse Holo] #169,Pokemon Obsidian Flames,18,Ungraded,Normal wear,,From TCGcollector: Obsidian Flames; 169/197; Reverse Holo; Common,0,1,2026-08-23,,,,
,Tadbulb [Reverse Holo] #75,Pokemon Obsidian Flames,27,Ungraded,Normal wear,,From TCGcollector: Obsidian Flames; 075/197; Reverse Holo; Common,0,2,2026-08-23,,,,
,Tadbulb [Reverse Holo] #76,Pokemon Obsidian Flames,18,Ungraded,Normal wear,,From TCGcollector: Obsidian Flames; 076/197; Reverse Holo; Common,0,1,2026-08-23,,,,
,Team Star Grunt [Reverse Holo] #195,Pokemon Obsidian Flames,29,Ungraded,Normal wear,,From TCGcollector: Obsidian Flames; 195/197; Reverse Holo; Uncommon,0,5,2026-08-23,,,,
,Thundurus [Holo] #70,Pokemon Obsidian Flames,19,Ungraded,Normal wear,,From TCGcollector: Obsidian Flames; 070/197; Normal Holo; Rare,0,16,2026-08-23,,,,
,Toedscool [Reverse Holo] #118,Pokemon Obsidian Flames,18,Ungraded,Normal wear,,From TCGcollector: Obsidian Flames; 118/197; Reverse Holo; Common,0,4,2026-08-23,,,,
,Toedscruel [Reverse Holo] #119,Pokemon Obsidian Flames,17,Ungraded,Normal wear,,From TCGcollector: Obsidian Flames; 119/197; Reverse Holo; Uncommon,0,2,2026-08-23,,,,
,Togekiss [Holo] #85,Pokemon Obsidian Flames,18,Ungraded,Normal wear,,From TCGcollector: Obsidian Flames; 085/197; Normal Holo; Rare,0,8,2026-08-23,,,,
,Togekiss [Reverse Holo] #85,Pokemon Obsidian Flames,29,Ungraded,Normal wear,,From TCGcollector: Obsidian Flames; 085/197; Reverse Holo; Rare,0,2,2026-08-23,,,,
,Togepi [Reverse Holo] #83,Pokemon Obsidian Flames,29,Ungraded,Normal wear,,From TCGcollector: Obsidian Flames; 083/197; Reverse Holo; Common,0,4,2026-08-23,,,,
,Town Store [Reverse Holo] #196,Pokemon Obsidian Flames,35,Ungraded,Normal wear,,From TCGcollector: Obsidian Flames; 196/197; Reverse Holo; Common,0,1,2026-08-23,,,,
,Toxel [Reverse Holo] #71,Pokemon Obsidian Flames,26,Ungraded,Normal wear,,From TCGcollector: Obsidian Flames; 071/197; Reverse Holo; Common,0,1,2026-08-23,,,,
,Toxtricity [Holo] #72,Pokemon Obsidian Flames,18,Ungraded,Normal wear,,From TCGcollector: Obsidian Flames; 072/197; Normal Holo; Rare,0,16,2026-08-23,,,,
,Toxtricity [Reverse Holo] #72,Pokemon Obsidian Flames,22,Ungraded,Normal wear,,From TCGcollector: Obsidian Flames; 072/197; Reverse Holo; Rare,0,2,2026-08-23,,,,
,Tsareena [Reverse Holo] #18,Pokemon Obsidian Flames,24,Ungraded,Normal wear,,From TCGcollector: Obsidian Flames; 018/197; Reverse Holo; Uncommon,0,2,2026-08-23,,,,
,Tympole [Reverse Holo] #50,Pokemon Obsidian Flames,18,Ungraded,Normal wear,,From TCGcollector: Obsidian Flames; 050/197; Reverse Holo; Common,0,5,2026-08-23,,,,
,Tynamo [Reverse Holo] #67,Pokemon Obsidian Flames,17,Ungraded,Normal wear,,From TCGcollector: Obsidian Flames; 067/197; Reverse Holo; Common,0,2,2026-08-23,,,,
,Tyranitar ex [Holo] #66,Pokemon Obsidian Flames,139,Ungraded,Normal wear,,From TCGcollector: Obsidian Flames; 066/197; Normal Holo; Double Rare,0,1,2026-08-23,,,,
,Varoom [Reverse Holo] #154,Pokemon Obsidian Flames,28,Ungraded,Normal wear,,From TCGcollector: Obsidian Flames; 154/197; Reverse Holo; Common,0,1,2026-08-23,,,,
,Varoom [Reverse Holo] #155,Pokemon Obsidian Flames,29,Ungraded,Normal wear,,From TCGcollector: Obsidian Flames; 155/197; Reverse Holo; Common,0,1,2026-08-23,,,,
,Varoom [Holo] #206,Pokemon Obsidian Flames,286,Ungraded,Normal wear,,From TCGcollector: Obsidian Flames; 206/197; Normal Holo; Illustration Rare,0,1,2026-08-23,,,,
,Vengeful Punch [Reverse Holo] #197,Pokemon Obsidian Flames,36,Ungraded,Normal wear,,From TCGcollector: Obsidian Flames; 197/197; Reverse Holo; Uncommon,0,2,2026-08-23,,,,
,Vespiquen ex [Holo] #212,Pokemon Obsidian Flames,149,Ungraded,Normal wear,,From TCGcollector: Obsidian Flames; 212/197; Normal Holo; Ultra Rare,0,1,2026-08-23,,,,
,Vulpix [Reverse Holo] #28,Pokemon Obsidian Flames,28,Ungraded,Normal wear,,From TCGcollector: Obsidian Flames; 028/197; Reverse Holo; Common,0,1,2026-08-23,,,,
,Whiscash [Reverse Holo] #109,Pokemon Obsidian Flames,23,Ungraded,Normal wear,,From TCGcollector: Obsidian Flames; 109/197; Reverse Holo; Uncommon,0,2,2026-08-23,,,,
,Wiglett [Reverse Holo] #58,Pokemon Obsidian Flames,20,Ungraded,Normal wear,,From TCGcollector: Obsidian Flames; 058/197; Reverse Holo; Common,0,4,2026-08-23,,,,
,Wugtrio [Reverse Holo] #59,Pokemon Obsidian Flames,23,Ungraded,Normal wear,,From TCGcollector: Obsidian Flames; 059/197; Reverse Holo; Uncommon,0,1,2026-08-23,,,,
,Yungoos [Reverse Holo] #176,Pokemon Obsidian Flames,17,Ungraded,Normal wear,,From TCGcollector: Obsidian Flames; 176/197; Reverse Holo; Common,0,6,2026-08-23,,,,
,Zigzagoon [Reverse Holo] #167,Pokemon Obsidian Flames,21,Ungraded,Normal wear,,From TCGcollector: Obsidian Flames; 167/197; Reverse Holo; Common,0,2,2026-08-23,,,,
,Abomasnow [Holo] #11,Pokemon Paldea Evolved,4,Ungraded,Normal wear,,From TCGcollector: Paldea Evolved; 011/193; Normal Holo; Rare,0,2,2026-08-23,,,,
,Annihilape ex [Holo] #242,Pokemon Paldea Evolved,471,Ungraded,Normal wear,,From TCGcollector: Paldea Evolved; 242/193; Normal Holo; Ultra Rare,0,1,2026-08-23,,,,
,Baxcalibur [Holo] #60,Pokemon Paldea Evolved,22,Ungraded,Normal wear,,From TCGcollector: Paldea Evolved; 060/193; Normal Holo; Rare,0,1,2026-08-23,,,,
,Baxcalibur [Reverse Holo] #60,Pokemon Paldea Evolved,34,Ungraded,Normal wear,,From TCGcollector: Paldea Evolved; 060/193; Reverse Holo; Rare,0,1,2026-08-23,,,,
,Bellibolt ex [Holo] #79,Pokemon Paldea Evolved,80,Ungraded,Normal wear,,From TCGcollector: Paldea Evolved; 079/193; Normal Holo; Double Rare,0,1,2026-08-23,,,,
,Boss's Orders [Holo] #172,Pokemon Paldea Evolved,33,Ungraded,Normal wear,,From TCGcollector: Paldea Evolved; 172/193; Normal Holo; Rare,0,1,2026-08-23,,,,
,Boss's Orders [Holo] #248,Pokemon Paldea Evolved,988,Ungraded,Normal wear,,From TCGcollector: Paldea Evolved; 248/193; Normal Holo; Ultra Rare,0,1,2026-08-23,,,,
,Ceruledge [Holo] #98,Pokemon Paldea Evolved,22,Ungraded,Normal wear,,From TCGcollector: Paldea Evolved; 098/193; Normal Holo; Rare,0,3,2026-08-23,,,,
,Cetoddle [Reverse Holo] #53,Pokemon Paldea Evolved,19,Ungraded,Normal wear,,From TCGcollector: Paldea Evolved; 053/193; Reverse Holo; Common,0,1,2026-08-23,,,,
,Charcadet [Reverse Holo] #39,Pokemon Paldea Evolved,22,Ungraded,Normal wear,,From TCGcollector: Paldea Evolved; 039/193; Reverse Holo; Common,0,1,2026-08-23,,,,
,Chi-Yu ex [Holo] #259,Pokemon Paldea Evolved,5395,Ungraded,Normal wear,,From TCGcollector: Paldea Evolved; 259/193; Normal Holo; Special Illustration Rare,0,1,2026-08-23,,,,
,Chi-Yu ex [Holo] #40,Pokemon Paldea Evolved,71,Ungraded,Normal wear,,From TCGcollector: Paldea Evolved; 040/193; Normal Holo; Double Rare,0,1,2026-08-23,,,,
,Chien-Pao ex [Holo] #61,Pokemon Paldea Evolved,101,Ungraded,Normal wear,,From TCGcollector: Paldea Evolved; 061/193; Normal Holo; Double Rare,0,1,2026-08-23,,,,
,Copperajah ex [Holo] #150,Pokemon Paldea Evolved,70,Ungraded,Normal wear,,From TCGcollector: Paldea Evolved; 150/193; Normal Holo; Double Rare,0,1,2026-08-23,,,,
,Croagunk [Reverse Holo] #114,Pokemon Paldea Evolved,13,Ungraded,Normal wear,,From TCGcollector: Paldea Evolved; 114/193; Reverse Holo; Common,0,1,2026-08-23,,,,
,Dedenne ex [Holo] #93,Pokemon Paldea Evolved,112,Ungraded,Normal wear,,From TCGcollector: Paldea Evolved; 093/193; Normal Holo; Double Rare,0,1,2026-08-23,,,,
,Deino [Reverse Holo] #138,Pokemon Paldea Evolved,17,Ungraded,Normal wear,,From TCGcollector: Paldea Evolved; 138/193; Reverse Holo; Common,0,1,2026-08-23,,,,
,Delibird [Reverse Holo] #46,Pokemon Paldea Evolved,17,Ungraded,Normal wear,,From TCGcollector: Paldea Evolved; 046/193; Reverse Holo; Common,0,1,2026-08-23,,,,
,Delivery Drone [Reverse Holo] #178,Pokemon Paldea Evolved,11,Ungraded,Normal wear,,From TCGcollector: Paldea Evolved; 178/193; Reverse Holo; Uncommon,0,1,2026-08-23,,,,
,Dendra [Reverse Holo] #179,Pokemon Paldea Evolved,17,Ungraded,Normal wear,,From TCGcollector: Paldea Evolved; 179/193; Reverse Holo; Uncommon,0,1,2026-08-23,,,,
,Dudunsparce [Reverse Holo] #157,Pokemon Paldea Evolved,25,Ungraded,Normal wear,,From TCGcollector: Paldea Evolved; 157/193; Reverse Holo; Uncommon,0,1,2026-08-23,,,,
,Electrode [Reverse Holo] #67,Pokemon Paldea Evolved,23,Ungraded,Normal wear,,From TCGcollector: Paldea Evolved; 067/193; Reverse Holo; Uncommon,0,1,2026-08-23,,,,
,Falinks [Reverse Holo] #119,Pokemon Paldea Evolved,17,Ungraded,Normal wear,,From TCGcollector: Paldea Evolved; 119/193; Reverse Holo; Common,0,1,2026-08-23,,,,
,Falkner [Holo] #251,Pokemon Paldea Evolved,130,Ungraded,Normal wear,,From TCGcollector: Paldea Evolved; 251/193; Normal Holo; Ultra Rare,0,1,2026-08-23,,,,
,Fighting Au Lait [Reverse Holo] #181,Pokemon Paldea Evolved,17,Ungraded,Normal wear,,From TCGcollector: Paldea Evolved; 181/193; Reverse Holo; Uncommon,0,1,2026-08-23,,,,
,Flamigo [Holo] #227,Pokemon Paldea Evolved,1208,Ungraded,Normal wear,,From TCGcollector: Paldea Evolved; 227/193; Normal Holo; Illustration Rare,0,1,2026-08-23,,,,
,Fletchling [Reverse Holo] #163,Pokemon Paldea Evolved,17,Ungraded,Normal wear,,From TCGcollector: Paldea Evolved; 163/193; Reverse Holo; Common,0,1,2026-08-23,,,,
,Forretress ex [Holo] #5,Pokemon Paldea Evolved,66,Ungraded,Normal wear,,From TCGcollector: Paldea Evolved; 005/193; Normal Holo; Double Rare,0,1,2026-08-23,,,,
,Frigibax [Reverse Holo] #57,Pokemon Paldea Evolved,18,Ungraded,Normal wear,,From TCGcollector: Paldea Evolved; 057/193; Reverse Holo; Common,0,1,2026-08-23,,,,
,Fuecoco [Holo] #201,Pokemon Paldea Evolved,5842,Ungraded,Normal wear,,From TCGcollector: Paldea Evolved; 201/193; Normal Holo; Illustration Rare,0,1,2026-08-23,,,,
,Garganacl [Holo] #123,Pokemon Paldea Evolved,16,Ungraded,Normal wear,,From TCGcollector: Paldea Evolved; 123/193; Normal Holo; Rare,0,2,2026-08-23,,,,
,Glimmora [Holo] #126,Pokemon Paldea Evolved,4,Ungraded,Normal wear,,From TCGcollector: Paldea Evolved; 126/193; Normal Holo; Rare,0,2,2026-08-23,,,,
,Grusha [Holo] #253,Pokemon Paldea Evolved,364,Ungraded,Normal wear,,From TCGcollector: Paldea Evolved; 253/193; Normal Holo; Ultra Rare,0,1,2026-08-23,,,,
,Gyarados [Holo] #43,Pokemon Paldea Evolved,32,Ungraded,Normal wear,,From TCGcollector: Paldea Evolved; 043/193; Normal Holo; Rare,0,2,2026-08-23,,,,
,Hariyama [Holo] #113,Pokemon Paldea Evolved,6,Ungraded,Normal wear,,From TCGcollector: Paldea Evolved; 113/193; Normal Holo; Rare,0,4,2026-08-23,,,,
,Hydreigon [Holo] #140,Pokemon Paldea Evolved,18,Ungraded,Normal wear,,From TCGcollector: Paldea Evolved; 140/193; Normal Holo; Rare,0,3,2026-08-23,,,,
,Hydreigon [Reverse Holo] #140,Pokemon Paldea Evolved,22,Ungraded,Normal wear,,From TCGcollector: Paldea Evolved; 140/193; Reverse Holo; Rare,0,1,2026-08-23,,,,
,Iono [Reverse Holo] #185,Pokemon Paldea Evolved,36,Ungraded,Normal wear,,From TCGcollector: Paldea Evolved; 185/193; Reverse Holo; Uncommon,0,1,2026-08-23,,,,
,Jet Energy [Reverse Holo] #190,Pokemon Paldea Evolved,35,Ungraded,Normal wear,,From TCGcollector: Paldea Evolved; 190/193; Reverse Holo; Uncommon,0,1,2026-08-23,,,,
,Jigglypuff [Reverse Holo] #83,Pokemon Paldea Evolved,27,Ungraded,Normal wear,,From TCGcollector: Paldea Evolved; 083/193; Reverse Holo; Common,0,1,2026-08-23,,,,
,Jumpluff [Holo] #3,Pokemon Paldea Evolved,28,Ungraded,Normal wear,,From TCGcollector: Paldea Evolved; 003/193; Normal Holo; Rare,0,2,2026-08-23,,,,
,Kilowattrel [Reverse Holo] #82,Pokemon Paldea Evolved,17,Ungraded,Normal wear,,From TCGcollector: Paldea Evolved; 082/193; Reverse Holo; Uncommon,0,1,2026-08-23,,,,
,Lokix [Holo] #21,Pokemon Paldea Evolved,7,Ungraded,Normal wear,,From TCGcollector: Paldea Evolved; 021/193; Normal Holo; Rare,0,1,2026-08-23,,,,
,Luvdisc [Reverse Holo] #47,Pokemon Paldea Evolved,20,Ungraded,Normal wear,,From TCGcollector: Paldea Evolved; 047/193; Reverse Holo; Common,0,1,2026-08-23,,,,
,Luxray [Holo] #71,Pokemon Paldea Evolved,22,Ungraded,Normal wear,,From TCGcollector: Paldea Evolved; 071/193; Normal Holo; Rare,0,1,2026-08-23,,,,
,Mabosstiff [Reverse Holo] #143,Pokemon Paldea Evolved,19,Ungraded,Normal wear,,From TCGcollector: Paldea Evolved; 143/193; Reverse Holo; Uncommon,0,1,2026-08-23,,,,
,Magikarp [Holo] #203,Pokemon Paldea Evolved,38370,Ungraded,Normal wear,,From TCGcollector: Paldea Evolved; 203/193; Normal Holo; Illustration Rare,0,1,2026-08-23,,,,
,Makuhita [Reverse Holo] #112,Pokemon Paldea Evolved,17,Ungraded,Normal wear,,From TCGcollector: Paldea Evolved; 112/193; Reverse Holo; Common,0,1,2026-08-23,,,,
,Maushold [Reverse Holo] #168,Pokemon Paldea Evolved,36,Ungraded,Normal wear,,From TCGcollector: Paldea Evolved; 168/193; Reverse Holo; Uncommon,0,1,2026-08-23,,,,
,Meowscarada ex [Holo] #15,Pokemon Paldea Evolved,87,Ungraded,Normal wear,,From TCGcollector: Paldea Evolved; 015/193; Normal Holo; Double Rare,0,1,2026-08-23,,,,
,Meowscarada ex [Holo] #271,Pokemon Paldea Evolved,895,Ungraded,Normal wear,,From TCGcollector: Paldea Evolved; 271/193; Normal Holo; Hyper Rare,0,1,2026-08-23,,,,
,Mimikyu [Holo] #97,Pokemon Paldea Evolved,27,Ungraded,Normal wear,,From TCGcollector: Paldea Evolved; 097/193; Normal Holo; Rare,0,3,2026-08-23,,,,
,Misdreavus [Reverse Holo] #87,Pokemon Paldea Evolved,21,Ungraded,Normal wear,,From TCGcollector: Paldea Evolved; 087/193; Reverse Holo; Common,0,1,2026-08-23,,,,
,Nacli [Holo] #220,Pokemon Paldea Evolved,727,Ungraded,Normal wear,,From TCGcollector: Paldea Evolved; 220/193; Normal Holo; Illustration Rare,0,1,2026-08-23,,,,
,Noibat [Reverse Holo] #152,Pokemon Paldea Evolved,16,Ungraded,Normal wear,,From TCGcollector: Paldea Evolved; 152/193; Reverse Holo; Common,0,1,2026-08-23,,,,
,Noivern ex [Holo] #153,Pokemon Paldea Evolved,72,Ungraded,Normal wear,,From TCGcollector: Paldea Evolved; 153/193; Normal Holo; Double Rare,0,1,2026-08-23,,,,
,Oricorio [Holo] #33,Pokemon Paldea Evolved,15,Ungraded,Normal wear,,From TCGcollector: Paldea Evolved; 033/193; Normal Holo; Rare,0,1,2026-08-23,,,,
,Orthworm [Holo] #151,Pokemon Paldea Evolved,18,Ungraded,Normal wear,,From TCGcollector: Paldea Evolved; 151/193; Normal Holo; Rare,0,1,2026-08-23,,,,
,Orthworm [Holo] #224,Pokemon Paldea Evolved,655,Ungraded,Normal wear,,From TCGcollector: Paldea Evolved; 224/193; Normal Holo; Illustration Rare,0,1,2026-08-23,,,,
,Paldean Clodsire ex [Holo] #130,Pokemon Paldea Evolved,73,Ungraded,Normal wear,,From TCGcollector: Paldea Evolved; 130/193; Normal Holo; Double Rare,0,1,2026-08-23,,,,
,Paldean Tauros [Reverse Holo] #108,Pokemon Paldea Evolved,16,Ungraded,Normal wear,,From TCGcollector: Paldea Evolved; 108/193; Reverse Holo; Uncommon,0,1,2026-08-23,,,,
,Pawmi [Reverse Holo] #74,Pokemon Paldea Evolved,25,Ungraded,Normal wear,,From TCGcollector: Paldea Evolved; 074/193; Reverse Holo; Common,0,1,2026-08-23,,,,
,Pawmot [Holo] #76,Pokemon Paldea Evolved,9,Ungraded,Normal wear,,From TCGcollector: Paldea Evolved; 076/193; Normal Holo; Rare,0,1,2026-08-23,,,,
,Pikachu ex [Holo] #63,Pokemon Paldea Evolved,443,Ungraded,Normal wear,,From TCGcollector: Paldea Evolved; 063/193; Normal Holo; Double Rare,0,1,2026-08-23,,,,
,Pincurchin [Reverse Holo] #72,Pokemon Paldea Evolved,28,Ungraded,Normal wear,,From TCGcollector: Paldea Evolved; 072/193; Reverse Holo; Common,0,1,2026-08-23,,,,
,Quaxly [Reverse Holo] #50,Pokemon Paldea Evolved,16,Ungraded,Normal wear,,From TCGcollector: Paldea Evolved; 050/193; Reverse Holo; Common,0,1,2026-08-23,,,,
,Rabsca [Holo] #215,Pokemon Paldea Evolved,634,Ungraded,Normal wear,,From TCGcollector: Paldea Evolved; 215/193; Normal Holo; Illustration Rare,0,1,2026-08-23,,,,
,Rabsca [Holo] #99,Pokemon Paldea Evolved,12,Ungraded,Normal wear,,From TCGcollector: Paldea Evolved; 099/193; Normal Holo; Rare,0,2,2026-08-23,,,,
,Rockruff [Reverse Holo] #116,Pokemon Paldea Evolved,19,Ungraded,Normal wear,,From TCGcollector: Paldea Evolved; 116/193; Reverse Holo; Common,0,1,2026-08-23,,,,
,Rookidee [Reverse Holo] #164,Pokemon Paldea Evolved,16,Ungraded,Normal wear,,From TCGcollector: Paldea Evolved; 164/193; Reverse Holo; Common,0,1,2026-08-23,,,,
,Sableye [Holo] #136,Pokemon Paldea Evolved,21,Ungraded,Normal wear,,From TCGcollector: Paldea Evolved; 136/193; Normal Holo; Rare,0,2,2026-08-23,,,,
,Saguaro [Holo] #255,Pokemon Paldea Evolved,119,Ungraded,Normal wear,,From TCGcollector: Paldea Evolved; 255/193; Normal Holo; Ultra Rare,0,1,2026-08-23,,,,
,Shinx [Reverse Holo] #69,Pokemon Paldea Evolved,23,Ungraded,Normal wear,,From TCGcollector: Paldea Evolved; 069/193; Reverse Holo; Common,0,1,2026-08-23,,,,
,Shroodle [Reverse Holo] #144,Pokemon Paldea Evolved,23,Ungraded,Normal wear,,From TCGcollector: Paldea Evolved; 144/193; Reverse Holo; Common,0,1,2026-08-23,,,,
,Shroodle [Reverse Holo] #145,Pokemon Paldea Evolved,18,Ungraded,Normal wear,,From TCGcollector: Paldea Evolved; 145/193; Reverse Holo; Common,0,1,2026-08-23,,,,
,Slaking [Holo] #162,Pokemon Paldea Evolved,25,Ungraded,Normal wear,,From TCGcollector: Paldea Evolved; 162/193; Normal Holo; Rare,0,3,2026-08-23,,,,
,Slowking ex [Holo] #238,Pokemon Paldea Evolved,1222,Ungraded,Normal wear,,From TCGcollector: Paldea Evolved; 238/193; Normal Holo; Ultra Rare,0,1,2026-08-23,,,,
,Slowpoke [Reverse Holo] #85,Pokemon Paldea Evolved,30,Ungraded,Normal wear,,From TCGcollector: Paldea Evolved; 085/193; Reverse Holo; Common,0,1,2026-08-23,,,,
,Sneasel [Reverse Holo] #133,Pokemon Paldea Evolved,15,Ungraded,Normal wear,,From TCGcollector: Paldea Evolved; 133/193; Reverse Holo; Common,0,1,2026-08-23,,,,
,Spiritomb [Holo] #89,Pokemon Paldea Evolved,13,Ungraded,Normal wear,,From TCGcollector: Paldea Evolved; 089/193; Normal Holo; Rare,0,2,2026-08-23,,,,
,Sprigatito [Reverse Holo] #12,Pokemon Paldea Evolved,22,Ungraded,Normal wear,,From TCGcollector: Paldea Evolved; 012/193; Reverse Holo; Common,0,1,2026-08-23,,,,
,Superior Energy Retrieval [Holo] #277,Pokemon Paldea Evolved,249,Ungraded,Normal wear,,From TCGcollector: Paldea Evolved; 277/193; Normal Holo; Hyper Rare,0,1,2026-08-23,,,,
,Tinkaton [Holo] #105,Pokemon Paldea Evolved,21,Ungraded,Normal wear,,From TCGcollector: Paldea Evolved; 105/193; Normal Holo; Rare,0,1,2026-08-23,,,,
,Tyranitar [Holo] #135,Pokemon Paldea Evolved,15,Ungraded,Normal wear,,From TCGcollector: Paldea Evolved; 135/193; Normal Holo; Rare,0,2,2026-08-23,,,,
,Veluza [Holo] #56,Pokemon Paldea Evolved,5,Ungraded,Normal wear,,From TCGcollector: Paldea Evolved; 056/193; Normal Holo; Rare,0,2,2026-08-23,,,,
,Wattrel [Reverse Holo] #81,Pokemon Paldea Evolved,22,Ungraded,Normal wear,,From TCGcollector: Paldea Evolved; 081/193; Reverse Holo; Common,0,1,2026-08-23,,,,
,Weavile [Holo] #134,Pokemon Paldea Evolved,14,Ungraded,Normal wear,,From TCGcollector: Paldea Evolved; 134/193; Normal Holo; Rare,0,2,2026-08-23,,,,
,Wigglytuff [Holo] #84,Pokemon Paldea Evolved,26,Ungraded,Normal wear,,From TCGcollector: Paldea Evolved; 084/193; Normal Holo; Rare,0,4,2026-08-23,,,,
,Wo-Chien ex [Holo] #257,Pokemon Paldea Evolved,1912,Ungraded,Normal wear,,From TCGcollector: Paldea Evolved; 257/193; Normal Holo; Special Illustration Rare,0,1,2026-08-23,,,,
,Aegislash [Holo] #210,Pokemon Paradox Rift,1204,Ungraded,Normal wear,,From TCGcollector: Paradox Rift; 210/182; Normal Holo; Illustration Rare,0,1,2026-08-23,,,,
,Aegislash ex [Holo] #135,Pokemon Paradox Rift,74,Ungraded,Normal wear,,From TCGcollector: Paradox Rift; 135/182; Normal Holo; Double Rare,0,1,2026-08-23,,,,
,Bombirdier ex [Holo] #156,Pokemon Paradox Rift,58,Ungraded,Normal wear,,From TCGcollector: Paradox Rift; 156/182; Normal Holo; Double Rare,0,1,2026-08-23,,,,
,Brute Bonnet [Holo] #123,Pokemon Paradox Rift,21,Ungraded,Normal wear,,From TCGcollector: Paradox Rift; 123/182; Normal Holo; Rare,0,1,2026-08-23,,,,
,Brute Bonnet [Holo] #207,Pokemon Paradox Rift,1870,Ungraded,Normal wear,,From TCGcollector: Paradox Rift; 207/182; Normal Holo; Illustration Rare,0,1,2026-08-23,,,,
,Counter Catcher [Holo] #264,Pokemon Paradox Rift,207,Ungraded,Normal wear,,From TCGcollector: Paradox Rift; 264/182; Normal Holo; Hyper Rare,0,1,2026-08-23,,,,
,Froslass ex [Holo] #3,Pokemon Paradox Rift,78,Ungraded,Normal wear,,From TCGcollector: Paradox Rift; 003/182; Normal Holo; Double Rare,0,1,2026-08-23,,,,
,Garchomp ex [Holo] #219,Pokemon Paradox Rift,806,Ungraded,Normal wear,,From TCGcollector: Paradox Rift; 219/182; Normal Holo; Ultra Rare,0,1,2026-08-23,,,,
,Gholdengo ex [Holo] #231,Pokemon Paradox Rift,362,Ungraded,Normal wear,,From TCGcollector: Paradox Rift; 231/182; Normal Holo; Ultra Rare,0,1,2026-08-23,,,,
,Hoopa ex [Holo] #98,Pokemon Paradox Rift,88,Ungraded,Normal wear,,From TCGcollector: Paradox Rift; 098/182; Normal Holo; Double Rare,0,1,2026-08-23,,,,
,Iron Hands ex [Holo] #223,Pokemon Paradox Rift,177,Ungraded,Normal wear,,From TCGcollector: Paradox Rift; 223/182; Normal Holo; Ultra Rare,0,1,2026-08-23,,,,
,Iron Jugulis [Holo] #216,Pokemon Paradox Rift,1069,Ungraded,Normal wear,,From TCGcollector: Paradox Rift; 216/182; Normal Holo; Illustration Rare,0,1,2026-08-23,,,,
,Iron Valiant ex [Holo] #225,Pokemon Paradox Rift,274,Ungraded,Normal wear,,From TCGcollector: Paradox Rift; 225/182; Normal Holo; Ultra Rare,0,2,2026-08-23,,,,
,Tapu Koko ex [Holo] #247,Pokemon Paradox Rift,1811,Ungraded,Normal wear,,From TCGcollector: Paradox Rift; 247/182; Normal Holo; Special Illustration Rare,0,1,2026-08-23,,,,
,Archaludon [Holo] #70,Pokemon Prismatic Evolutions,11,Ungraded,Normal wear,,From TCGcollector: Prismatic Evolutions; 070/131; Normal Holo; Rare,0,2,2026-08-23,,,,
,Archaludon [Reverse] #70,Pokemon Prismatic Evolutions,14,Ungraded,Normal wear,,From TCGcollector: Prismatic Evolutions; 070/131; Reverse Holo; Rare,0,2,2026-08-23,,,,
,Black Belt's Training [Reverse] #97,Pokemon Prismatic Evolutions,9,Ungraded,Normal wear,,From TCGcollector: Prismatic Evolutions; 097/131; Reverse Holo; Common,0,1,2026-08-23,,,,
,Bloodmoon Ursaluna [Holo] #54,Pokemon Prismatic Evolutions,18,Ungraded,Normal wear,,From TCGcollector: Prismatic Evolutions; 054/131; Normal Holo; Rare,0,4,2026-08-23,,,,
,Bloodmoon Ursaluna [Reverse] #54,Pokemon Prismatic Evolutions,23,Ungraded,Normal wear,,From TCGcollector: Prismatic Evolutions; 054/131; Reverse Holo; Rare,0,1,2026-08-23,,,,
,Bronzor [Reverse] #66,Pokemon Prismatic Evolutions,14,Ungraded,Normal wear,,From TCGcollector: Prismatic Evolutions; 066/131; Reverse Holo; Common,0,2,2026-08-23,,,,
,Budew [Reverse] #4,Pokemon Prismatic Evolutions,25,Ungraded,Normal wear,,From TCGcollector: Prismatic Evolutions; 004/131; Reverse Holo; Common,0,3,2026-08-23,,,,
,Buneary [Reverse] #83,Pokemon Prismatic Evolutions,13,Ungraded,Normal wear,,From TCGcollector: Prismatic Evolutions; 083/131; Reverse Holo; Common,0,1,2026-08-23,,,,
,Cottonee [Reverse] #7,Pokemon Prismatic Evolutions,12,Ungraded,Normal wear,,From TCGcollector: Prismatic Evolutions; 007/131; Reverse Holo; Common,0,1,2026-08-23,,,,
,Dipplin [Reverse] #10,Pokemon Prismatic Evolutions,30,Ungraded,Normal wear,,From TCGcollector: Prismatic Evolutions; 010/131; Reverse Holo; Uncommon,0,1,2026-08-23,,,,
,Dunsparce [Reverse] #79,Pokemon Prismatic Evolutions,25,Ungraded,Normal wear,,From TCGcollector: Prismatic Evolutions; 079/131; Reverse Holo; Common,0,1,2026-08-23,,,,
,Festival Grounds [Reverse] #108,Pokemon Prismatic Evolutions,22,Ungraded,Normal wear,,From TCGcollector: Prismatic Evolutions; 108/131; Reverse Holo; Uncommon,0,1,2026-08-23,,,,
,Fezandipiti [Holo] #45,Pokemon Prismatic Evolutions,12,Ungraded,Normal wear,,From TCGcollector: Prismatic Evolutions; 045/131; Normal Holo; Rare,0,2,2026-08-23,,,,
,Flutter Mane [Holo] #43,Pokemon Prismatic Evolutions,13,Ungraded,Normal wear,,From TCGcollector: Prismatic Evolutions; 043/131; Normal Holo; Rare,0,4,2026-08-23,,,,
,Glaceon [Holo] #25,Pokemon Prismatic Evolutions,36,Ungraded,Normal wear,,From TCGcollector: Prismatic Evolutions; 025/131; Normal Holo; Rare,0,4,2026-08-23,,,,
,Glass Trumpet [Reverse] #110,Pokemon Prismatic Evolutions,17,Ungraded,Normal wear,,From TCGcollector: Prismatic Evolutions; 110/131; Reverse Holo; Uncommon,0,1,2026-08-23,,,,
,Goldeen [Reverse] #20,Pokemon Prismatic Evolutions,22,Ungraded,Normal wear,,From TCGcollector: Prismatic Evolutions; 020/131; Reverse Holo; Common,0,1,2026-08-23,,,,
,Groudon [Holo] #49,Pokemon Prismatic Evolutions,7,Ungraded,Normal wear,,From TCGcollector: Prismatic Evolutions; 049/131; Normal Holo; Rare,0,3,2026-08-23,,,,
,Hippowdon [Reverse] #53,Pokemon Prismatic Evolutions,18,Ungraded,Normal wear,,From TCGcollector: Prismatic Evolutions; 053/131; Reverse Holo; Common,0,1,2026-08-23,,,,
,Iron Boulder [Holo] #46,Pokemon Prismatic Evolutions,17,Ungraded,Normal wear,,From TCGcollector: Prismatic Evolutions; 046/131; Normal Holo; Rare,0,4,2026-08-23,,,,
,Janine's Secret Art [Reverse] #112,Pokemon Prismatic Evolutions,25,Ungraded,Normal wear,,From TCGcollector: Prismatic Evolutions; 112/131; Reverse Holo; Uncommon,0,1,2026-08-23,,,,
,Jolteon [Holo] #29,Pokemon Prismatic Evolutions,37,Ungraded,Normal wear,,From TCGcollector: Prismatic Evolutions; 029/131; Normal Holo; Rare,0,2,2026-08-23,,,,
,Kieran [Reverse] #113,Pokemon Prismatic Evolutions,24,Ungraded,Normal wear,,From TCGcollector: Prismatic Evolutions; 113/131; Reverse Holo; Uncommon,0,1,2026-08-23,,,,
,Leafeon [Holo] #5,Pokemon Prismatic Evolutions,35,Ungraded,Normal wear,,From TCGcollector: Prismatic Evolutions; 005/131; Normal Holo; Rare,0,2,2026-08-23,,,,
,Litleo [Reverse] #15,Pokemon Prismatic Evolutions,11,Ungraded,Normal wear,,From TCGcollector: Prismatic Evolutions; 015/131; Reverse Holo; Common,0,3,2026-08-23,,,,
,Lucario ex [Holo] #51,Pokemon Prismatic Evolutions,87,Ungraded,Normal wear,,From TCGcollector: Prismatic Evolutions; 051/131; Normal Holo; Double Rare,0,1,2026-08-23,,,,
,Munkidori [Holo] #44,Pokemon Prismatic Evolutions,28,Ungraded,Normal wear,,From TCGcollector: Prismatic Evolutions; 044/131; Normal Holo; Rare,0,1,2026-08-23,,,,
,Noctowl [Holo] #78,Pokemon Prismatic Evolutions,18,Ungraded,Normal wear,,From TCGcollector: Prismatic Evolutions; 078/131; Normal Holo; Rare,0,3,2026-08-23,,,,
,Noctowl [Reverse] #78,Pokemon Prismatic Evolutions,25,Ungraded,Normal wear,,From TCGcollector: Prismatic Evolutions; 078/131; Reverse Holo; Rare,0,1,2026-08-23,,,,
,Noibat [Reverse] #90,Pokemon Prismatic Evolutions,18,Ungraded,Normal wear,,From TCGcollector: Prismatic Evolutions; 090/131; Reverse Holo; Common,0,1,2026-08-23,,,,
,Ogre's Mask [Reverse] #118,Pokemon Prismatic Evolutions,16,Ungraded,Normal wear,,From TCGcollector: Prismatic Evolutions; 118/131; Reverse Holo; Uncommon,0,1,2026-08-23,,,,
,Okidogi [Holo] #57,Pokemon Prismatic Evolutions,8,Ungraded,Normal wear,,From TCGcollector: Prismatic Evolutions; 057/131; Normal Holo; Rare,0,2,2026-08-23,,,,
,Professor's Research #122,Pokemon Prismatic Evolutions,20,Ungraded,Normal wear,,From TCGcollector: Prismatic Evolutions; 122/131; Normal; Common,0,1,2026-08-23,,,,
,Professor's Research [Reverse] #122,Pokemon Prismatic Evolutions,21,Ungraded,Normal wear,,From TCGcollector: Prismatic Evolutions; 122/131; Reverse Holo; Common,0,1,2026-08-23,,,,
,Professor's Research #123,Pokemon Prismatic Evolutions,10,Ungraded,Normal wear,,From TCGcollector: Prismatic Evolutions; 123/131; Normal; Common,0,1,2026-08-23,,,,
,Professor's Research #124,Pokemon Prismatic Evolutions,10,Ungraded,Normal wear,,From TCGcollector: Prismatic Evolutions; 124/131; Normal; Common,0,1,2026-08-23,,,,
,Professor's Research [Reverse] #124,Pokemon Prismatic Evolutions,20,Ungraded,Normal wear,,From TCGcollector: Prismatic Evolutions; 124/131; Reverse Holo; Common,0,2,2026-08-23,,,,
,Professor's Research #125,Pokemon Prismatic Evolutions,6,Ungraded,Normal wear,,From TCGcollector: Prismatic Evolutions; 125/131; Normal; Common,0,1,2026-08-23,,,,
,Professor's Research [Reverse] #125,Pokemon Prismatic Evolutions,15,Ungraded,Normal wear,,From TCGcollector: Prismatic Evolutions; 125/131; Reverse Holo; Common,0,1,2026-08-23,,,,
,Regigigas [Reverse] #86,Pokemon Prismatic Evolutions,22,Ungraded,Normal wear,,From TCGcollector: Prismatic Evolutions; 086/131; Reverse Holo; Uncommon,0,2,2026-08-23,,,,
,Rescue Board [Reverse] #126,Pokemon Prismatic Evolutions,18,Ungraded,Normal wear,,From TCGcollector: Prismatic Evolutions; 126/131; Reverse Holo; Uncommon,0,1,2026-08-23,,,,
,Riolu [Reverse] #50,Pokemon Prismatic Evolutions,26,Ungraded,Normal wear,,From TCGcollector: Prismatic Evolutions; 050/131; Reverse Holo; Common,0,3,2026-08-23,,,,
,Roaring Moon [Holo] #65,Pokemon Prismatic Evolutions,22,Ungraded,Normal wear,,From TCGcollector: Prismatic Evolutions; 065/131; Normal Holo; Rare,0,2,2026-08-23,,,,
,Slowking [Reverse] #19,Pokemon Prismatic Evolutions,29,Ungraded,Normal wear,,From TCGcollector: Prismatic Evolutions; 019/131; Reverse Holo; Uncommon,0,1,2026-08-23,,,,
,Slowpoke [Reverse] #18,Pokemon Prismatic Evolutions,24,Ungraded,Normal wear,,From TCGcollector: Prismatic Evolutions; 018/131; Reverse Holo; Common,0,2,2026-08-23,,,,
,Sylveon [Reverse] #40,Pokemon Prismatic Evolutions,50,Ungraded,Normal wear,,From TCGcollector: Prismatic Evolutions; 040/131; Reverse Holo; Rare,0,1,2026-08-23,,,,
,Umbreon [Holo] #59,Pokemon Prismatic Evolutions,66,Ungraded,Normal wear,,From TCGcollector: Prismatic Evolutions; 059/131; Normal Holo; Rare,0,3,2026-08-23,,,,
,Vaporeon [Holo] #22,Pokemon Prismatic Evolutions,33,Ungraded,Normal wear,,From TCGcollector: Prismatic Evolutions; 022/131; Normal Holo; Rare,0,2,2026-08-23,,,,
,Vaporeon [Reverse] #22,Pokemon Prismatic Evolutions,45,Ungraded,Normal wear,,From TCGcollector: Prismatic Evolutions; 022/131; Reverse Holo; Rare,0,1,2026-08-23,,,,
,Wellspring Mask Ogerpon ex [Holo] #27,Pokemon Prismatic Evolutions,81,Ungraded,Normal wear,,From TCGcollector: Prismatic Evolutions; 027/131; Normal Holo; Double Rare,0,1,2026-08-23,,,,
,Whimsicott [Holo] #8,Pokemon Prismatic Evolutions,13,Ungraded,Normal wear,,From TCGcollector: Prismatic Evolutions; 008/131; Normal Holo; Rare,0,3,2026-08-23,,,,
,Cinderace [Cosmos Holo] #SWSH278,Pokemon Promo,58,Ungraded,Normal wear,,From TCGcollector: Sword & Shield Promos; SWSH278; Cosmos Holo; Promo,0,1,2026-08-23,,,,
,Eevee [Cosmos Holo] #43,Pokemon Promo,522,Ungraded,Normal wear,,From TCGcollector: Scarlet & Violet Promos; 043; Cosmos Holo; Promo,0,1,2026-08-23,,,,
,Espeon V #SWSH201,Pokemon Promo,335,Ungraded,Normal wear,,From TCGcollector: Sword & Shield Promos; SWSH201; Promo; Promo,0,2,2026-08-23,,,,
,Flareon V #SWSH149,Pokemon Promo,495,Ungraded,Normal wear,,From TCGcollector: Sword & Shield Promos; SWSH149; Holo; Promo,0,1,2026-08-23,,,,
,Houndstone [Cosmos Holo] #42,Pokemon Promo,60,Ungraded,Normal wear,,From TCGcollector: Scarlet & Violet Promos; 042; Cosmos Holo; Promo,0,1,2026-08-23,,,,
,Inteleon [Cosmos Holo] #SWSH279,Pokemon Promo,54,Ungraded,Normal wear,,From TCGcollector: Sword & Shield Promos; SWSH279; Cosmos Holo; Promo,0,1,2026-08-23,,,,
,Jolteon V #SWSH151,Pokemon Promo,352,Ungraded,Normal wear,,From TCGcollector: Sword & Shield Promos; SWSH151; Holo; Promo,0,1,2026-08-23,,,,
,Meowscarada ex #33,Pokemon Promo,112,Ungraded,Normal wear,,From TCGcollector: Scarlet & Violet Promos; 033; Holo; Promo,0,1,2026-08-23,,,,
,Morpeko V-UNION [Jumbo] #SWSH215,Pokemon Promo,203,Ungraded,Normal wear,,From TCGcollector: Sword & Shield Promos; SWSH215; Jumbo Size; Promo,0,1,2026-08-23,,,,
,Paldean Wooper [Cosmos Holo] #41,Pokemon Promo,67,Ungraded,Normal wear,,From TCGcollector: Scarlet & Violet Promos; 041; Cosmos Holo; Promo,0,1,2026-08-23,,,,
,Pikachu V-UNION #SWSH139,Pokemon Promo,627,Ungraded,Normal wear,,From TCGcollector: Sword & Shield Promos; SWSH139; Holo; Promo,0,1,2026-08-23,,,,
,Pikachu V-UNION [Jumbo] #SWSH139,Pokemon Promo,1379,Ungraded,Normal wear,,From TCGcollector: Sword & Shield Promos; SWSH139; Jumbo Size; Promo,0,1,2026-08-23,,,,
,Pikachu V-UNION #SWSH140,Pokemon Promo,701,Ungraded,Normal wear,,From TCGcollector: Sword & Shield Promos; SWSH140; Holo; Promo,0,1,2026-08-23,,,,
,Pikachu V-UNION #SWSH141,Pokemon Promo,968,Ungraded,Normal wear,,From TCGcollector: Sword & Shield Promos; SWSH141; Holo; Promo,0,1,2026-08-23,,,,
,Pikachu V-UNION #SWSH142,Pokemon Promo,922,Ungraded,Normal wear,,From TCGcollector: Sword & Shield Promos; SWSH142; Holo; Promo,0,1,2026-08-23,,,,
,Professor Burnet #SWSH167,Pokemon Promo,26,Ungraded,Normal wear,,From TCGcollector: Sword & Shield Promos; SWSH167; Non-holo; Promo,0,1,2026-08-23,,,,
,Professor Burnet [25th Anniversary] #SWSH167,Pokemon Promo,32,Ungraded,Normal wear,,From TCGcollector: Sword & Shield Promos; SWSH167; 25th Anniversary; Promo,0,1,2026-08-23,,,,
,Rillaboom [Cosmos Holo] #SWSH277,Pokemon Promo,54,Ungraded,Normal wear,,From TCGcollector: Sword & Shield Promos; SWSH277; Cosmos Holo; Promo,0,1,2026-08-23,,,,
,Umbreon V #SWSH203,Pokemon Promo,566,Ungraded,Normal wear,,From TCGcollector: Sword & Shield Promos; SWSH203; Promo; Promo,0,1,2026-08-23,,,,
,Applin [Reverse Holo] #20,Pokemon Rebel Clash,37,Ungraded,Normal wear,,From TCGcollector: Rebel Clash; 020/192; Reverse Holo; Common,0,1,2026-08-23,,,,
,Applin [Reverse Holo] #21,Pokemon Rebel Clash,37,Ungraded,Normal wear,,From TCGcollector: Rebel Clash; 021/192; Reverse Holo; Common,0,1,2026-08-23,,,,
,Arcanine [Reverse Holo] #28,Pokemon Rebel Clash,182,Ungraded,Normal wear,,From TCGcollector: Rebel Clash; 028/192; Reverse Holo; Rare,0,1,2026-08-23,,,,
,Barboach [Reverse Holo] #99,Pokemon Rebel Clash,26,Ungraded,Normal wear,,From TCGcollector: Rebel Clash; 099/192; Reverse Holo; Common,0,1,2026-08-23,,,,
,Bunnelby [Reverse Holo] #146,Pokemon Rebel Clash,59,Ungraded,Normal wear,,From TCGcollector: Rebel Clash; 146/192; Reverse Holo; Common,0,2,2026-08-23,,,,
,Capture Energy [Reverse Holo] #171,Pokemon Rebel Clash,159,Ungraded,Normal wear,,From TCGcollector: Rebel Clash; 171/192; Reverse Holo; Uncommon,0,1,2026-08-23,,,,
,Doublade [Reverse Holo] #134,Pokemon Rebel Clash,31,Ungraded,Normal wear,,From TCGcollector: Rebel Clash; 134/192; Reverse Holo; Uncommon,0,1,2026-08-23,,,,
,Dragapult [Holo] #91,Pokemon Rebel Clash,65,Ungraded,Normal wear,,From TCGcollector: Rebel Clash; 091/192; Normal Holo; Rare Holo,0,1,2026-08-23,,,,
,Electrode [Reverse Holo] #57,Pokemon Rebel Clash,12,Ungraded,Normal wear,,From TCGcollector: Rebel Clash; 057/192; Reverse Holo; Uncommon,0,2,2026-08-23,,,,
,Falinks [Reverse Holo] #109,Pokemon Rebel Clash,34,Ungraded,Normal wear,,From TCGcollector: Rebel Clash; 109/192; Reverse Holo; Uncommon,0,1,2026-08-23,,,,
,Flapple [Reverse Holo] #22,Pokemon Rebel Clash,83,Ungraded,Normal wear,,From TCGcollector: Rebel Clash; 022/192; Reverse Holo; Rare Holo,0,1,2026-08-23,,,,
,Galarian Yamask [Reverse Holo] #101,Pokemon Rebel Clash,27,Ungraded,Normal wear,,From TCGcollector: Rebel Clash; 101/192; Reverse Holo; Common,0,1,2026-08-23,,,,
,Grimmsnarl [Holo] #125,Pokemon Rebel Clash,28,Ungraded,Normal wear,,From TCGcollector: Rebel Clash; 125/192; Normal Holo; Rare Holo,0,1,2026-08-23,,,,
,Inteleon V [Holo] #49,Pokemon Rebel Clash,85,Ungraded,Normal wear,,From TCGcollector: Rebel Clash; 049/192; Normal Holo; Holo Rare V,0,1,2026-08-23,,,,
,Luxio [Reverse Holo] #61,Pokemon Rebel Clash,39,Ungraded,Normal wear,,From TCGcollector: Rebel Clash; 061/192; Reverse Holo; Uncommon,0,1,2026-08-23,,,,
,Medicham [Reverse Holo] #98,Pokemon Rebel Clash,27,Ungraded,Normal wear,,From TCGcollector: Rebel Clash; 098/192; Reverse Holo; Uncommon,0,1,2026-08-23,,,,
,Oleana [Reverse Holo] #163,Pokemon Rebel Clash,30,Ungraded,Normal wear,,From TCGcollector: Rebel Clash; 163/192; Reverse Holo; Uncommon,0,1,2026-08-23,,,,
,Shuckle [Reverse Holo] #5,Pokemon Rebel Clash,48,Ungraded,Normal wear,,From TCGcollector: Rebel Clash; 005/192; Reverse Holo; Uncommon,0,1,2026-08-23,,,,
,Training Court [Reverse Holo] #169,Pokemon Rebel Clash,79,Ungraded,Normal wear,,From TCGcollector: Rebel Clash; 169/192; Reverse Holo; Uncommon,0,1,2026-08-23,,,,
,Alomomola [Reverse Holo] #48,Pokemon Scarlet & Violet,24,Ungraded,Normal wear,,From TCGcollector: Scarlet & Violet; 048/198; Reverse Holo; Common,0,1,2026-08-23,,,,
,Annihilape [Reverse Holo] #109,Pokemon Scarlet & Violet,20,Ungraded,Normal wear,,From TCGcollector: Scarlet & Violet; 109/198; Reverse Holo; Rare,0,1,2026-08-23,,,,
,Arcanine ex [Holo] #32,Pokemon Scarlet & Violet,116,Ungraded,Normal wear,,From TCGcollector: Scarlet & Violet; 032/198; Normal Holo; Double Rare,0,1,2026-08-23,,,,
,Armarouge [Reverse Holo] #41,Pokemon Scarlet & Violet,25,Ungraded,Normal wear,,From TCGcollector: Scarlet & Violet; 041/198; Reverse Holo; Rare,0,1,2026-08-23,,,,
,Arven [Reverse Holo] #166,Pokemon Scarlet & Violet,57,Ungraded,Normal wear,,From TCGcollector: Scarlet & Violet; 166/198; Reverse Holo; Uncommon,0,2,2026-08-23,,,,
,Arven [Holo] #249,Pokemon Scarlet & Violet,511,Ungraded,Normal wear,,From TCGcollector: Scarlet & Violet; 249/198; Normal Holo; Special Illustration Rare,0,1,2026-08-23,,,,
,Banette ex [Holo] #88,Pokemon Scarlet & Violet,75,Ungraded,Normal wear,,From TCGcollector: Scarlet & Violet; 088/198; Normal Holo; Double Rare,0,1,2026-08-23,,,,
,Beach Court [Reverse Holo] #167,Pokemon Scarlet & Violet,25,Ungraded,Normal wear,,From TCGcollector: Scarlet & Violet; 167/198; Reverse Holo; Uncommon,0,1,2026-08-23,,,,
,Bombirdier [Reverse Holo] #138,Pokemon Scarlet & Violet,21,Ungraded,Normal wear,,From TCGcollector: Scarlet & Violet; 138/198; Reverse Holo; Uncommon,0,1,2026-08-23,,,,
,Bruxish [Reverse Holo] #51,Pokemon Scarlet & Violet,19,Ungraded,Normal wear,,From TCGcollector: Scarlet & Violet; 051/198; Reverse Holo; Common,0,1,2026-08-23,,,,
,Cacturne [Reverse Holo] #6,Pokemon Scarlet & Violet,25,Ungraded,Normal wear,,From TCGcollector: Scarlet & Violet; 006/198; Reverse Holo; Uncommon,0,1,2026-08-23,,,,
,Capsakid [Reverse Holo] #28,Pokemon Scarlet & Violet,22,Ungraded,Normal wear,,From TCGcollector: Scarlet & Violet; 028/198; Reverse Holo; Common,0,1,2026-08-23,,,,
,Cetoddle [Reverse Holo] #58,Pokemon Scarlet & Violet,21,Ungraded,Normal wear,,From TCGcollector: Scarlet & Violet; 058/198; Reverse Holo; Common,0,2,2026-08-23,,,,
,Chansey [Reverse Holo] #144,Pokemon Scarlet & Violet,21,Ungraded,Normal wear,,From TCGcollector: Scarlet & Violet; 144/198; Reverse Holo; Common,0,1,2026-08-23,,,,
,Charcadet [Reverse Holo] #39,Pokemon Scarlet & Violet,21,Ungraded,Normal wear,,From TCGcollector: Scarlet & Violet; 039/198; Reverse Holo; Common,0,1,2026-08-23,,,,
,Charcadet [Reverse Holo] #40,Pokemon Scarlet & Violet,22,Ungraded,Normal wear,,From TCGcollector: Scarlet & Violet; 040/198; Reverse Holo; Common,0,1,2026-08-23,,,,
,Clauncher [Reverse Holo] #49,Pokemon Scarlet & Violet,16,Ungraded,Normal wear,,From TCGcollector: Scarlet & Violet; 049/198; Reverse Holo; Common,0,2,2026-08-23,,,,
,Clawitzer [Reverse Holo] #50,Pokemon Scarlet & Violet,11,Ungraded,Normal wear,,From TCGcollector: Scarlet & Violet; 050/198; Reverse Holo; Common,0,1,2026-08-23,,,,
,Croagunk [Reverse Holo] #130,Pokemon Scarlet & Violet,18,Ungraded,Normal wear,,From TCGcollector: Scarlet & Violet; 130/198; Reverse Holo; Common,0,1,2026-08-23,,,,
,Cyclizar [Reverse Holo] #164,Pokemon Scarlet & Violet,24,Ungraded,Normal wear,,From TCGcollector: Scarlet & Violet; 164/198; Reverse Holo; Rare,0,2,2026-08-23,,,,
,Dolliv [Reverse Holo] #22,Pokemon Scarlet & Violet,16,Ungraded,Normal wear,,From TCGcollector: Scarlet & Violet; 022/198; Reverse Holo; Common,0,1,2026-08-23,,,,
,Dondozo [Holo] #207,Pokemon Scarlet & Violet,1304,Ungraded,Normal wear,,From TCGcollector: Scarlet & Violet; 207/198; Normal Holo; Illustration Rare,0,1,2026-08-23,,,,
,Dondozo [Reverse Holo] #61,Pokemon Scarlet & Violet,23,Ungraded,Normal wear,,From TCGcollector: Scarlet & Violet; 061/198; Reverse Holo; Rare,0,1,2026-08-23,,,,
,Drowzee [Holo] #210,Pokemon Scarlet & Violet,5936,Ungraded,Normal wear,,From TCGcollector: Scarlet & Violet; 210/198; Normal Holo; Illustration Rare,0,1,2026-08-23,,,,
,Electric Generator [Reverse Holo] #170,Pokemon Scarlet & Violet,27,Ungraded,Normal wear,,From TCGcollector: Scarlet & Violet; 170/198; Reverse Holo; Uncommon,0,2,2026-08-23,,,,
,Energy Retrieval [Reverse Holo] #171,Pokemon Scarlet & Violet,28,Ungraded,Normal wear,,From TCGcollector: Scarlet & Violet; 171/198; Reverse Holo; Common,0,3,2026-08-23,,,,
,Energy Search [Reverse Holo] #172,Pokemon Scarlet & Violet,26,Ungraded,Normal wear,,From TCGcollector: Scarlet & Violet; 172/198; Reverse Holo; Common,0,2,2026-08-23,,,,
,Energy Switch [Reverse Holo] #173,Pokemon Scarlet & Violet,26,Ungraded,Normal wear,,From TCGcollector: Scarlet & Violet; 173/198; Reverse Holo; Common,0,1,2026-08-23,,,,
,Espathra [Reverse Holo] #103,Pokemon Scarlet & Violet,21,Ungraded,Normal wear,,From TCGcollector: Scarlet & Violet; 103/198; Reverse Holo; Uncommon,0,1,2026-08-23,,,,
,Exp. Share [Reverse Holo] #174,Pokemon Scarlet & Violet,35,Ungraded,Normal wear,,From TCGcollector: Scarlet & Violet; 174/198; Reverse Holo; Uncommon,0,1,2026-08-23,,,,
,Fidough [Reverse Holo] #97,Pokemon Scarlet & Violet,30,Ungraded,Normal wear,,From TCGcollector: Scarlet & Violet; 097/198; Reverse Holo; Common,0,2,2026-08-23,,,,
,Flaaffy [Reverse Holo] #67,Pokemon Scarlet & Violet,26,Ungraded,Normal wear,,From TCGcollector: Scarlet & Violet; 067/198; Reverse Holo; Uncommon,0,1,2026-08-23,,,,
,Flabébé [Reverse Holo] #91,Pokemon Scarlet & Violet,13,Ungraded,Normal wear,,From TCGcollector: Scarlet & Violet; 091/198; Reverse Holo; Common,0,2,2026-08-23,,,,
,Flamigo [Reverse Holo] #165,Pokemon Scarlet & Violet,23,Ungraded,Normal wear,,From TCGcollector: Scarlet & Violet; 165/198; Reverse Holo; Uncommon,0,1,2026-08-23,,,,
,Flittle [Reverse Holo] #100,Pokemon Scarlet & Violet,20,Ungraded,Normal wear,,From TCGcollector: Scarlet & Violet; 100/198; Reverse Holo; Common,0,1,2026-08-23,,,,
,Flittle [Reverse Holo] #101,Pokemon Scarlet & Violet,21,Ungraded,Normal wear,,From TCGcollector: Scarlet & Violet; 101/198; Reverse Holo; Common,0,1,2026-08-23,,,,
,Florges [Reverse Holo] #93,Pokemon Scarlet & Violet,22,Ungraded,Normal wear,,From TCGcollector: Scarlet & Violet; 093/198; Reverse Holo; Uncommon,0,1,2026-08-23,,,,
,Forretress [Reverse Holo] #139,Pokemon Scarlet & Violet,21,Ungraded,Normal wear,,From TCGcollector: Scarlet & Violet; 139/198; Reverse Holo; Uncommon,0,1,2026-08-23,,,,
,Fuecoco [Mirage Holo] #36,Pokemon Scarlet & Violet,47,Ungraded,Normal wear,,From TCGcollector: Scarlet & Violet; 036/198; Mirage Holo; Common,0,1,2026-08-23,,,,
,Fuecoco [Reverse Holo] #36,Pokemon Scarlet & Violet,17,Ungraded,Normal wear,,From TCGcollector: Scarlet & Violet; 036/198; Reverse Holo; Common,0,2,2026-08-23,,,,
,Gogoat [Reverse Holo] #12,Pokemon Scarlet & Violet,17,Ungraded,Normal wear,,From TCGcollector: Scarlet & Violet; 012/198; Reverse Holo; Common,0,1,2026-08-23,,,,
,Great Tusk ex [Holo] #123,Pokemon Scarlet & Violet,58,Ungraded,Normal wear,,From TCGcollector: Scarlet & Violet; 123/198; Normal Holo; Double Rare,0,1,2026-08-23,,,,
,Great Tusk ex [Holo] #246,Pokemon Scarlet & Violet,1380,Ungraded,Normal wear,,From TCGcollector: Scarlet & Violet; 246/198; Normal Holo; Special Illustration Rare,0,1,2026-08-23,,,,
,Greavard [Reverse Holo] #105,Pokemon Scarlet & Violet,20,Ungraded,Normal wear,,From TCGcollector: Scarlet & Violet; 105/198; Reverse Holo; Common,0,1,2026-08-23,,,,
,Greavard [Holo] #214,Pokemon Scarlet & Violet,2082,Ungraded,Normal wear,,From TCGcollector: Scarlet & Violet; 214/198; Normal Holo; Illustration Rare,0,1,2026-08-23,,,,
,Greedent [Reverse Holo] #152,Pokemon Scarlet & Violet,21,Ungraded,Normal wear,,From TCGcollector: Scarlet & Violet; 152/198; Reverse Holo; Uncommon,0,1,2026-08-23,,,,
,Grimer [Reverse Holo] #126,Pokemon Scarlet & Violet,14,Ungraded,Normal wear,,From TCGcollector: Scarlet & Violet; 126/198; Reverse Holo; Common,0,1,2026-08-23,,,,
,Growlithe [Reverse Holo] #30,Pokemon Scarlet & Violet,33,Ungraded,Normal wear,,From TCGcollector: Scarlet & Violet; 030/198; Reverse Holo; Common,0,1,2026-08-23,,,,
,Growlithe [Reverse Holo] #31,Pokemon Scarlet & Violet,43,Ungraded,Normal wear,,From TCGcollector: Scarlet & Violet; 031/198; Reverse Holo; Common,0,1,2026-08-23,,,,
,Gyarados ex [Holo] #45,Pokemon Scarlet & Violet,178,Ungraded,Normal wear,,From TCGcollector: Scarlet & Violet; 045/198; Normal Holo; Double Rare,0,1,2026-08-23,,,,
,Heracross [Reverse Holo] #2,Pokemon Scarlet & Violet,25,Ungraded,Normal wear,,From TCGcollector: Scarlet & Violet; 002/198; Reverse Holo; Uncommon,0,2,2026-08-23,,,,
,Houndoom [Reverse Holo] #34,Pokemon Scarlet & Violet,21,Ungraded,Normal wear,,From TCGcollector: Scarlet & Violet; 034/198; Reverse Holo; Common,0,2,2026-08-23,,,,
,Houndstone [Reverse Holo] #106,Pokemon Scarlet & Violet,23,Ungraded,Normal wear,,From TCGcollector: Scarlet & Violet; 106/198; Reverse Holo; Rare,0,2,2026-08-23,,,,
,Iron Treads ex [Holo] #143,Pokemon Scarlet & Violet,69,Ungraded,Normal wear,,From TCGcollector: Scarlet & Violet; 143/198; Normal Holo; Double Rare,0,1,2026-08-23,,,,
,Jacq [Holo] #236,Pokemon Scarlet & Violet,191,Ungraded,Normal wear,,From TCGcollector: Scarlet & Violet; 236/198; Normal Holo; Ultra Rare,0,1,2026-08-23,,,,
,Judge [Reverse Holo] #176,Pokemon Scarlet & Violet,34,Ungraded,Normal wear,,From TCGcollector: Scarlet & Violet; 176/198; Reverse Holo; Uncommon,0,1,2026-08-23,,,,
,Katy [Reverse Holo] #177,Pokemon Scarlet & Violet,24,Ungraded,Normal wear,,From TCGcollector: Scarlet & Violet; 177/198; Reverse Holo; Uncommon,0,1,2026-08-23,,,,
,Kingambit [Holo] #220,Pokemon Scarlet & Violet,989,Ungraded,Normal wear,,From TCGcollector: Scarlet & Violet; 220/198; Normal Holo; Illustration Rare,0,1,2026-08-23,,,,
,Klawf [Reverse Holo] #122,Pokemon Scarlet & Violet,21,Ungraded,Normal wear,,From TCGcollector: Scarlet & Violet; 122/198; Reverse Holo; Rare,0,1,2026-08-23,,,,
,Koraidon ex [Holo] #254,Pokemon Scarlet & Violet,563,Ungraded,Normal wear,,From TCGcollector: Scarlet & Violet; 254/198; Normal Holo; Hyper Rare,0,1,2026-08-23,,,,
,Lucario [Reverse Holo] #114,Pokemon Scarlet & Violet,36,Ungraded,Normal wear,,From TCGcollector: Scarlet & Violet; 114/198; Reverse Holo; Uncommon,0,1,2026-08-23,,,,
,Magikarp [Reverse Holo] #44,Pokemon Scarlet & Violet,25,Ungraded,Normal wear,,From TCGcollector: Scarlet & Violet; 044/198; Reverse Holo; Common,0,1,2026-08-23,,,,
,Magnemite [Reverse Holo] #63,Pokemon Scarlet & Violet,18,Ungraded,Normal wear,,From TCGcollector: Scarlet & Violet; 063/198; Reverse Holo; Common,0,1,2026-08-23,,,,
,Mankey [Reverse Holo] #107,Pokemon Scarlet & Violet,18,Ungraded,Normal wear,,From TCGcollector: Scarlet & Violet; 107/198; Reverse Holo; Common,0,3,2026-08-23,,,,
,Mareep [Reverse Holo] #66,Pokemon Scarlet & Violet,19,Ungraded,Normal wear,,From TCGcollector: Scarlet & Violet; 066/198; Reverse Holo; Common,0,1,2026-08-23,,,,
,Maschiff [Reverse Holo] #135,Pokemon Scarlet & Violet,22,Ungraded,Normal wear,,From TCGcollector: Scarlet & Violet; 135/198; Reverse Holo; Common,0,2,2026-08-23,,,,
,Maschiff [Reverse Holo] #136,Pokemon Scarlet & Violet,20,Ungraded,Normal wear,,From TCGcollector: Scarlet & Violet; 136/198; Reverse Holo; Common,0,1,2026-08-23,,,,
,Meditite [Reverse Holo] #110,Pokemon Scarlet & Violet,18,Ungraded,Normal wear,,From TCGcollector: Scarlet & Violet; 110/198; Reverse Holo; Common,0,1,2026-08-23,,,,
,Meowscarada [Reverse Holo] #15,Pokemon Scarlet & Violet,28,Ungraded,Normal wear,,From TCGcollector: Scarlet & Violet; 015/198; Reverse Holo; Rare,0,1,2026-08-23,,,,
,Miraidon ex [Holo] #227,Pokemon Scarlet & Violet,277,Ungraded,Normal wear,,From TCGcollector: Scarlet & Violet; 227/198; Normal Holo; Ultra Rare,0,1,2026-08-23,,,,
,Miraidon ex [Holo] #81,Pokemon Scarlet & Violet,63,Ungraded,Normal wear,,From TCGcollector: Scarlet & Violet; 081/198; Normal Holo; Double Rare,0,1,2026-08-23,,,,
,Miriam [Reverse Holo] #179,Pokemon Scarlet & Violet,25,Ungraded,Normal wear,,From TCGcollector: Scarlet & Violet; 179/198; Reverse Holo; Uncommon,0,1,2026-08-23,,,,
,Nemona [Reverse Holo] #180,Pokemon Scarlet & Violet,16,Ungraded,Normal wear,,From TCGcollector: Scarlet & Violet; 180/198; Reverse Holo; Common,0,1,2026-08-23,,,,
,Nest Ball [Holo] #255,Pokemon Scarlet & Violet,356,Ungraded,Normal wear,,From TCGcollector: Scarlet & Violet; 255/198; Normal Holo; Hyper Rare,0,1,2026-08-23,,,,
,Oinkologne [Reverse Holo] #157,Pokemon Scarlet & Violet,19,Ungraded,Normal wear,,From TCGcollector: Scarlet & Violet; 157/198; Reverse Holo; Uncommon,0,3,2026-08-23,,,,
,Oinkologne ex [Holo] #158,Pokemon Scarlet & Violet,62,Ungraded,Normal wear,,From TCGcollector: Scarlet & Violet; 158/198; Normal Holo; Double Rare,0,1,2026-08-23,,,,
,Pawmo [Reverse Holo] #75,Pokemon Scarlet & Violet,18,Ungraded,Normal wear,,From TCGcollector: Scarlet & Violet; 075/198; Reverse Holo; Common,0,3,2026-08-23,,,,
,Pawniard [Reverse Holo] #132,Pokemon Scarlet & Violet,14,Ungraded,Normal wear,,From TCGcollector: Scarlet & Violet; 132/198; Reverse Holo; Common,0,3,2026-08-23,,,,
,Penny [Holo] #252,Pokemon Scarlet & Violet,583,Ungraded,Normal wear,,From TCGcollector: Scarlet & Violet; 252/198; Normal Holo; Special Illustration Rare,0,1,2026-08-23,,,,
,Pokégear 3.0 [Reverse Holo] #186,Pokemon Scarlet & Violet,159,Ungraded,Normal wear,,From TCGcollector: Scarlet & Violet; 186/198; Reverse Holo; Common,0,1,2026-08-23,,,,
,Pokémon Catcher [Reverse Holo] #187,Pokemon Scarlet & Violet,29,Ungraded,Normal wear,,From TCGcollector: Scarlet & Violet; 187/198; Reverse Holo; Common,0,1,2026-08-23,,,,
,Potion [Reverse Holo] #188,Pokemon Scarlet & Violet,14,Ungraded,Normal wear,,From TCGcollector: Scarlet & Violet; 188/198; Reverse Holo; Common,0,1,2026-08-23,,,,
,Primeape [Reverse Holo] #108,Pokemon Scarlet & Violet,18,Ungraded,Normal wear,,From TCGcollector: Scarlet & Violet; 108/198; Reverse Holo; Common,0,4,2026-08-23,,,,
,Professor's Research [Reverse Holo] #189,Pokemon Scarlet & Violet,29,Ungraded,Normal wear,,From TCGcollector: Scarlet & Violet; 189/198; Reverse Holo; Rare,0,2,2026-08-23,,,,
,Professor's Research [Holo] #190,Pokemon Scarlet & Violet,19,Ungraded,Normal wear,,From TCGcollector: Scarlet & Violet; 190/198; Normal Holo; Rare,0,1,2026-08-23,,,,
,Quaxly [Mirage Holo] #52,Pokemon Scarlet & Violet,35,Ungraded,Normal wear,,From TCGcollector: Scarlet & Violet; 052/198; Mirage Holo; Common,0,2,2026-08-23,,,,
,Ralts [Reverse Holo] #84,Pokemon Scarlet & Violet,20,Ungraded,Normal wear,,From TCGcollector: Scarlet & Violet; 084/198; Reverse Holo; Common,0,2,2026-08-23,,,,
,Riolu [Reverse Holo] #113,Pokemon Scarlet & Violet,30,Ungraded,Normal wear,,From TCGcollector: Scarlet & Violet; 113/198; Reverse Holo; Common,0,1,2026-08-23,,,,
,Riolu [Holo] #215,Pokemon Scarlet & Violet,3318,Ungraded,Normal wear,,From TCGcollector: Scarlet & Violet; 215/198; Normal Holo; Illustration Rare,0,1,2026-08-23,,,,
,Rotom [Reverse Holo] #69,Pokemon Scarlet & Violet,22,Ungraded,Normal wear,,From TCGcollector: Scarlet & Violet; 069/198; Reverse Holo; Common,0,1,2026-08-23,,,,
,Shroomish [Reverse Holo] #3,Pokemon Scarlet & Violet,20,Ungraded,Normal wear,,From TCGcollector: Scarlet & Violet; 003/198; Reverse Holo; Common,0,1,2026-08-23,,,,
,Silicobra [Reverse Holo] #119,Pokemon Scarlet & Violet,13,Ungraded,Normal wear,,From TCGcollector: Scarlet & Violet; 119/198; Reverse Holo; Common,0,1,2026-08-23,,,,
,Skwovet [Reverse Holo] #151,Pokemon Scarlet & Violet,21,Ungraded,Normal wear,,From TCGcollector: Scarlet & Violet; 151/198; Reverse Holo; Common,0,2,2026-08-23,,,,
,Slowpoke [Reverse Holo] #42,Pokemon Scarlet & Violet,33,Ungraded,Normal wear,,From TCGcollector: Scarlet & Violet; 042/198; Reverse Holo; Common,0,3,2026-08-23,,,,
,Smoliv [Reverse Holo] #20,Pokemon Scarlet & Violet,22,Ungraded,Normal wear,,From TCGcollector: Scarlet & Violet; 020/198; Reverse Holo; Common,0,1,2026-08-23,,,,
,Spewpa [Reverse Holo] #9,Pokemon Scarlet & Violet,15,Ungraded,Normal wear,,From TCGcollector: Scarlet & Violet; 009/198; Reverse Holo; Common,0,1,2026-08-23,,,,
,Spidops ex [Holo] #19,Pokemon Scarlet & Violet,62,Ungraded,Normal wear,,From TCGcollector: Scarlet & Violet; 019/198; Normal Holo; Double Rare,0,1,2026-08-23,,,,
,Spiritomb [Reverse Holo] #129,Pokemon Scarlet & Violet,19,Ungraded,Normal wear,,From TCGcollector: Scarlet & Violet; 129/198; Reverse Holo; Uncommon,0,2,2026-08-23,,,,
,Sprigatito [Mirage Holo] #13,Pokemon Scarlet & Violet,71,Ungraded,Normal wear,,From TCGcollector: Scarlet & Violet; 013/198; Mirage Holo; Common,0,1,2026-08-23,,,,
,Squawkabilly [Reverse Holo] #162,Pokemon Scarlet & Violet,16,Ungraded,Normal wear,,From TCGcollector: Scarlet & Violet; 162/198; Reverse Holo; Common,0,2,2026-08-23,,,,
,Staravia [Reverse Holo] #149,Pokemon Scarlet & Violet,13,Ungraded,Normal wear,,From TCGcollector: Scarlet & Violet; 149/198; Reverse Holo; Common,0,1,2026-08-23,,,,
,Starly [Reverse Holo] #148,Pokemon Scarlet & Violet,25,Ungraded,Normal wear,,From TCGcollector: Scarlet & Violet; 148/198; Reverse Holo; Common,0,3,2026-08-23,,,,
,Switch [Reverse Holo] #194,Pokemon Scarlet & Violet,22,Ungraded,Normal wear,,From TCGcollector: Scarlet & Violet; 194/198; Reverse Holo; Common,0,3,2026-08-23,,,,
,Tandemaus [Reverse Holo] #159,Pokemon Scarlet & Violet,45,Ungraded,Normal wear,,From TCGcollector: Scarlet & Violet; 159/198; Reverse Holo; Common,0,2,2026-08-23,,,,
,Tarountula [Reverse Holo] #16,Pokemon Scarlet & Violet,20,Ungraded,Normal wear,,From TCGcollector: Scarlet & Violet; 016/198; Reverse Holo; Common,0,1,2026-08-23,,,,
,Tarountula [Reverse Holo] #18,Pokemon Scarlet & Violet,21,Ungraded,Normal wear,,From TCGcollector: Scarlet & Violet; 018/198; Reverse Holo; Common,0,1,2026-08-23,,,,
,Tatsugiri [Reverse Holo] #62,Pokemon Scarlet & Violet,25,Ungraded,Normal wear,,From TCGcollector: Scarlet & Violet; 062/198; Reverse Holo; Uncommon,0,1,2026-08-23,,,,
,Team Star Grunt [Reverse Holo] #195,Pokemon Scarlet & Violet,23,Ungraded,Normal wear,,From TCGcollector: Scarlet & Violet; 195/198; Reverse Holo; Uncommon,0,3,2026-08-23,,,,
,Toedscool [Reverse Holo] #24,Pokemon Scarlet & Violet,19,Ungraded,Normal wear,,From TCGcollector: Scarlet & Violet; 024/198; Reverse Holo; Common,0,1,2026-08-23,,,,
,Toedscool [Reverse Holo] #25,Pokemon Scarlet & Violet,17,Ungraded,Normal wear,,From TCGcollector: Scarlet & Violet; 025/198; Reverse Holo; Common,0,1,2026-08-23,,,,
,Torkoal [Reverse Holo] #35,Pokemon Scarlet & Violet,19,Ungraded,Normal wear,,From TCGcollector: Scarlet & Violet; 035/198; Reverse Holo; Uncommon,0,1,2026-08-23,,,,
,Toxel [Reverse Holo] #71,Pokemon Scarlet & Violet,16,Ungraded,Normal wear,,From TCGcollector: Scarlet & Violet; 071/198; Reverse Holo; Common,0,1,2026-08-23,,,,
,Toxicroak ex [Holo] #131,Pokemon Scarlet & Violet,64,Ungraded,Normal wear,,From TCGcollector: Scarlet & Violet; 131/198; Normal Holo; Double Rare,0,1,2026-08-23,,,,
,Toxicroak ex [Holo] #232,Pokemon Scarlet & Violet,201,Ungraded,Normal wear,,From TCGcollector: Scarlet & Violet; 232/198; Normal Holo; Ultra Rare,0,1,2026-08-23,,,,
,Tropius [Reverse Holo] #7,Pokemon Scarlet & Violet,18,Ungraded,Normal wear,,From TCGcollector: Scarlet & Violet; 007/198; Reverse Holo; Common,0,1,2026-08-23,,,,
,Varoom [Reverse Holo] #140,Pokemon Scarlet & Violet,23,Ungraded,Normal wear,,From TCGcollector: Scarlet & Violet; 140/198; Reverse Holo; Common,0,2,2026-08-23,,,,
,Vitality Band [Reverse Holo] #197,Pokemon Scarlet & Violet,26,Ungraded,Normal wear,,From TCGcollector: Scarlet & Violet; 197/198; Reverse Holo; Uncommon,0,1,2026-08-23,,,,
,Wiglett [Reverse Holo] #55,Pokemon Scarlet & Violet,20,Ungraded,Normal wear,,From TCGcollector: Scarlet & Violet; 055/198; Reverse Holo; Common,0,1,2026-08-23,,,,
,Abra [Reverse Holo] #63,Pokemon Scarlet & Violet 151,30,Ungraded,Normal wear,,From TCGcollector: Scarlet & Violet 151; 063/165; Reverse Holo; Common,0,2,2026-08-23,,,,
,Aerodactyl [Holo] #142,Pokemon Scarlet & Violet 151,35,Ungraded,Normal wear,,From TCGcollector: Scarlet & Violet 151; 142/165; Normal Holo; Rare,0,1,2026-08-23,,,,
,Alakazam ex [Holo] #65,Pokemon Scarlet & Violet 151,207,Ungraded,Normal wear,,From TCGcollector: Scarlet & Violet 151; 065/165; Normal Holo; Double Rare,0,1,2026-08-23,,,,
,Arbok ex [Holo] #24,Pokemon Scarlet & Violet 151,139,Ungraded,Normal wear,,From TCGcollector: Scarlet & Violet 151; 024/165; Normal Holo; Double Rare,0,1,2026-08-23,,,,
,Arcanine [Reverse Holo] #59,Pokemon Scarlet & Violet 151,38,Ungraded,Normal wear,,From TCGcollector: Scarlet & Violet 151; 059/165; Reverse Holo; Uncommon,0,2,2026-08-23,,,,
,Articuno [Holo] #144,Pokemon Scarlet & Violet 151,31,Ungraded,Normal wear,,From TCGcollector: Scarlet & Violet 151; 144/165; Normal Holo; Rare,0,1,2026-08-23,,,,
,Basic Psychic Energy [Holo] #207,Pokemon Scarlet & Violet 151,465,Ungraded,Normal wear,,From TCGcollector: Scarlet & Violet 151; 207/165; Normal Holo; Hyper Rare,0,1,2026-08-23,,,,
,Beedrill [Holo] #15,Pokemon Scarlet & Violet 151,23,Ungraded,Normal wear,,From TCGcollector: Scarlet & Violet 151; 015/165; Normal Holo; Rare,0,1,2026-08-23,,,,
,Big Air Balloon [Reverse Holo] #155,Pokemon Scarlet & Violet 151,60,Ungraded,Normal wear,,From TCGcollector: Scarlet & Violet 151; 155/165; Reverse Holo; Uncommon,0,1,2026-08-23,,,,
,Blastoise ex [Holo] #200,Pokemon Scarlet & Violet 151,13931,Ungraded,Normal wear,,From TCGcollector: Scarlet & Violet 151; 200/165; Normal Holo; Special Illustration Rare,0,1,2026-08-23,,,,
,Bulbasaur [Reverse Holo] #1,Pokemon Scarlet & Violet 151,45,Ungraded,Normal wear,,From TCGcollector: Scarlet & Violet 151; 001/165; Reverse Holo; Common,0,2,2026-08-23,,,,
,Bulbasaur [Holo] #166,Pokemon Scarlet & Violet 151,7916,Ungraded,Normal wear,,From TCGcollector: Scarlet & Violet 151; 166/165; Normal Holo; Illustration Rare,0,1,2026-08-23,,,,
,Caterpie [Reverse Holo] #10,Pokemon Scarlet & Violet 151,22,Ungraded,Normal wear,,From TCGcollector: Scarlet & Violet 151; 010/165; Reverse Holo; Common,0,1,2026-08-23,,,,
,Chansey [Holo] #113,Pokemon Scarlet & Violet 151,38,Ungraded,Normal wear,,From TCGcollector: Scarlet & Violet 151; 113/165; Normal Holo; Rare,0,1,2026-08-23,,,,
,Charizard ex [Holo] #183,Pokemon Scarlet & Violet 151,4093,Ungraded,Normal wear,,From TCGcollector: Scarlet & Violet 151; 183/165; Normal Holo; Ultra Rare,0,1,2026-08-23,,,,
,Charizard ex [Holo] #199,Pokemon Scarlet & Violet 151,37642,Ungraded,Normal wear,,From TCGcollector: Scarlet & Violet 151; 199/165; Normal Holo; Special Illustration Rare,0,1,2026-08-23,,,,
,Charmander [Reverse Holo] #4,Pokemon Scarlet & Violet 151,54,Ungraded,Normal wear,,From TCGcollector: Scarlet & Violet 151; 004/165; Reverse Holo; Common,0,1,2026-08-23,,,,
,Charmeleon [Reverse Holo] #5,Pokemon Scarlet & Violet 151,41,Ungraded,Normal wear,,From TCGcollector: Scarlet & Violet 151; 005/165; Reverse Holo; Uncommon,0,1,2026-08-23,,,,
,Clefable [Reverse Holo] #36,Pokemon Scarlet & Violet 151,29,Ungraded,Normal wear,,From TCGcollector: Scarlet & Violet 151; 036/165; Reverse Holo; Uncommon,0,2,2026-08-23,,,,
,Cubone [Reverse Holo] #104,Pokemon Scarlet & Violet 151,34,Ungraded,Normal wear,,From TCGcollector: Scarlet & Violet 151; 104/165; Reverse Holo; Common,0,2,2026-08-23,,,,
,Daisy's Help [Reverse Holo] #158,Pokemon Scarlet & Violet 151,59,Ungraded,Normal wear,,From TCGcollector: Scarlet & Violet 151; 158/165; Reverse Holo; Uncommon,0,1,2026-08-23,,,,
,Dewgong [Reverse Holo] #87,Pokemon Scarlet & Violet 151,22,Ungraded,Normal wear,,From TCGcollector: Scarlet & Violet 151; 087/165; Reverse Holo; Uncommon,0,1,2026-08-23,,,,
,Diglett [Reverse Holo] #50,Pokemon Scarlet & Violet 151,23,Ungraded,Normal wear,,From TCGcollector: Scarlet & Violet 151; 050/165; Reverse Holo; Common,0,2,2026-08-23,,,,
,Dodrio [Holo] #85,Pokemon Scarlet & Violet 151,23,Ungraded,Normal wear,,From TCGcollector: Scarlet & Violet 151; 085/165; Normal Holo; Rare,0,1,2026-08-23,,,,
,Dragonite [Holo] #149,Pokemon Scarlet & Violet 151,129,Ungraded,Normal wear,,From TCGcollector: Scarlet & Violet 151; 149/165; Normal Holo; Rare,0,1,2026-08-23,,,,
,Drowzee [Reverse Holo] #96,Pokemon Scarlet & Violet 151,21,Ungraded,Normal wear,,From TCGcollector: Scarlet & Violet 151; 096/165; Reverse Holo; Common,0,1,2026-08-23,,,,
,Electrode [Holo] #101,Pokemon Scarlet & Violet 151,21,Ungraded,Normal wear,,From TCGcollector: Scarlet & Violet 151; 101/165; Normal Holo; Rare,0,1,2026-08-23,,,,
,Energy Sticker [Reverse Holo] #159,Pokemon Scarlet & Violet 151,100,Ungraded,Normal wear,,From TCGcollector: Scarlet & Violet 151; 159/165; Reverse Holo; Uncommon,0,3,2026-08-23,,,,
,Exeggcute [Reverse Holo] #102,Pokemon Scarlet & Violet 151,27,Ungraded,Normal wear,,From TCGcollector: Scarlet & Violet 151; 102/165; Reverse Holo; Common,0,1,2026-08-23,,,,
,Flareon [Holo] #136,Pokemon Scarlet & Violet 151,36,Ungraded,Normal wear,,From TCGcollector: Scarlet & Violet 151; 136/165; Normal Holo; Rare,0,1,2026-08-23,,,,
,Gengar [Holo] #94,Pokemon Scarlet & Violet 151,294,Ungraded,Normal wear,,From TCGcollector: Scarlet & Violet 151; 094/165; Normal Holo; Rare,0,1,2026-08-23,,,,
,Giovanni's Charisma [Reverse Holo] #161,Pokemon Scarlet & Violet 151,94,Ungraded,Normal wear,,From TCGcollector: Scarlet & Violet 151; 161/165; Reverse Holo; Uncommon,0,1,2026-08-23,,,,
,Giovanni's Charisma [Holo] #197,Pokemon Scarlet & Violet 151,429,Ungraded,Normal wear,,From TCGcollector: Scarlet & Violet 151; 197/165; Normal Holo; Ultra Rare,0,1,2026-08-23,,,,
,Goldeen [Reverse Holo] #118,Pokemon Scarlet & Violet 151,21,Ungraded,Normal wear,,From TCGcollector: Scarlet & Violet 151; 118/165; Reverse Holo; Common,0,2,2026-08-23,,,,
,Golem ex [Holo] #76,Pokemon Scarlet & Violet 151,115,Ungraded,Normal wear,,From TCGcollector: Scarlet & Violet 151; 076/165; Normal Holo; Double Rare,0,1,2026-08-23,,,,
,Gyarados [Reverse Holo] #130,Pokemon Scarlet & Violet 151,134,Ungraded,Normal wear,,From TCGcollector: Scarlet & Violet 151; 130/165; Reverse Holo; Rare,0,1,2026-08-23,,,,
,Haunter [Reverse Holo] #93,Pokemon Scarlet & Violet 151,71,Ungraded,Normal wear,,From TCGcollector: Scarlet & Violet 151; 093/165; Reverse Holo; Uncommon,0,2,2026-08-23,,,,
,Horsea [Reverse Holo] #116,Pokemon Scarlet & Violet 151,24,Ungraded,Normal wear,,From TCGcollector: Scarlet & Violet 151; 116/165; Reverse Holo; Common,0,2,2026-08-23,,,,
,Ivysaur [Reverse Holo] #2,Pokemon Scarlet & Violet 151,48,Ungraded,Normal wear,,From TCGcollector: Scarlet & Violet 151; 002/165; Reverse Holo; Uncommon,0,1,2026-08-23,,,,
,Jolteon [Holo] #135,Pokemon Scarlet & Violet 151,36,Ungraded,Normal wear,,From TCGcollector: Scarlet & Violet 151; 135/165; Normal Holo; Rare,0,1,2026-08-23,,,,
,Jynx ex [Holo] #124,Pokemon Scarlet & Violet 151,142,Ungraded,Normal wear,,From TCGcollector: Scarlet & Violet 151; 124/165; Normal Holo; Double Rare,0,1,2026-08-23,,,,
,Jynx ex [Holo] #191,Pokemon Scarlet & Violet 151,656,Ungraded,Normal wear,,From TCGcollector: Scarlet & Violet 151; 191/165; Normal Holo; Ultra Rare,0,1,2026-08-23,,,,
,Kabuto [Reverse Holo] #140,Pokemon Scarlet & Violet 151,170,Ungraded,Normal wear,,From TCGcollector: Scarlet & Violet 151; 140/165; Reverse Holo; Uncommon,0,1,2026-08-23,,,,
,Kabutops [Holo] #141,Pokemon Scarlet & Violet 151,28,Ungraded,Normal wear,,From TCGcollector: Scarlet & Violet 151; 141/165; Normal Holo; Rare,0,1,2026-08-23,,,,
,Kangaskhan ex [Holo] #115,Pokemon Scarlet & Violet 151,115,Ungraded,Normal wear,,From TCGcollector: Scarlet & Violet 151; 115/165; Normal Holo; Double Rare,0,1,2026-08-23,,,,
,Kingler [Reverse Holo] #99,Pokemon Scarlet & Violet 151,138,Ungraded,Normal wear,,From TCGcollector: Scarlet & Violet 151; 099/165; Reverse Holo; Uncommon,0,1,2026-08-23,,,,
,Krabby [Reverse Holo] #98,Pokemon Scarlet & Violet 151,27,Ungraded,Normal wear,,From TCGcollector: Scarlet & Violet 151; 098/165; Reverse Holo; Common,0,1,2026-08-23,,,,
,Machamp [Reverse Holo] #68,Pokemon Scarlet & Violet 151,90,Ungraded,Normal wear,,From TCGcollector: Scarlet & Violet 151; 068/165; Reverse Holo; Rare,0,1,2026-08-23,,,,
,Machoke [Holo] #177,Pokemon Scarlet & Violet 151,2370,Ungraded,Normal wear,,From TCGcollector: Scarlet & Violet 151; 177/165; Normal Holo; Illustration Rare,0,2,2026-08-23,,,,
,Machop [Reverse Holo] #66,Pokemon Scarlet & Violet 151,28,Ungraded,Normal wear,,From TCGcollector: Scarlet & Violet 151; 066/165; Reverse Holo; Common,0,1,2026-08-23,,,,
,Magnemite [Reverse Holo] #81,Pokemon Scarlet & Violet 151,32,Ungraded,Normal wear,,From TCGcollector: Scarlet & Violet 151; 081/165; Reverse Holo; Common,0,4,2026-08-23,,,,
,Mankey [Reverse Holo] #56,Pokemon Scarlet & Violet 151,21,Ungraded,Normal wear,,From TCGcollector: Scarlet & Violet 151; 056/165; Reverse Holo; Common,0,1,2026-08-23,,,,
,Mew ex [Holo] #151,Pokemon Scarlet & Violet 151,735,Ungraded,Normal wear,,From TCGcollector: Scarlet & Violet 151; 151/165; Normal Holo; Double Rare,0,1,2026-08-23,,,,
,Mew ex [Holo] #193,Pokemon Scarlet & Violet 151,3275,Ungraded,Normal wear,,From TCGcollector: Scarlet & Violet 151; 193/165; Normal Holo; Ultra Rare,0,2,2026-08-23,,,,
,Mew ex [Holo] #205,Pokemon Scarlet & Violet 151,3144,Ungraded,Normal wear,,From TCGcollector: Scarlet & Violet 151; 205/165; Normal Holo; Hyper Rare,0,1,2026-08-23,,,,
,Mew ex [Metal Card] #205,Pokemon Scarlet & Violet 151,2681,Ungraded,Normal wear,,From TCGcollector: Scarlet & Violet 151; 205/165; Metal Card; Hyper Rare,0,1,2026-08-23,,,,
,Mewtwo [Reverse Holo] #150,Pokemon Scarlet & Violet 151,463,Ungraded,Normal wear,,From TCGcollector: Scarlet & Violet 151; 150/165; Reverse Holo; Rare,0,1,2026-08-23,,,,
,Mr. Mime [Holo] #122,Pokemon Scarlet & Violet 151,29,Ungraded,Normal wear,,From TCGcollector: Scarlet & Violet 151; 122/165; Normal Holo; Rare,0,1,2026-08-23,,,,
,Muk [Reverse Holo] #89,Pokemon Scarlet & Violet 151,28,Ungraded,Normal wear,,From TCGcollector: Scarlet & Violet 151; 089/165; Reverse Holo; Uncommon,0,1,2026-08-23,,,,
,Nidoking [Holo] #174,Pokemon Scarlet & Violet 151,2119,Ungraded,Normal wear,,From TCGcollector: Scarlet & Violet 151; 174/165; Normal Holo; Illustration Rare,0,1,2026-08-23,,,,
,Nidoking [Holo] #34,Pokemon Scarlet & Violet 151,29,Ungraded,Normal wear,,From TCGcollector: Scarlet & Violet 151; 034/165; Normal Holo; Rare,0,1,2026-08-23,,,,
,Nidoqueen [Reverse Holo] #31,Pokemon Scarlet & Violet 151,33,Ungraded,Normal wear,,From TCGcollector: Scarlet & Violet 151; 031/165; Reverse Holo; Uncommon,0,1,2026-08-23,,,,
,Nidorino [Reverse Holo] #33,Pokemon Scarlet & Violet 151,28,Ungraded,Normal wear,,From TCGcollector: Scarlet & Violet 151; 033/165; Reverse Holo; Uncommon,0,1,2026-08-23,,,,
,Ninetales ex [Holo] #186,Pokemon Scarlet & Violet 151,1582,Ungraded,Normal wear,,From TCGcollector: Scarlet & Violet 151; 186/165; Normal Holo; Ultra Rare,0,1,2026-08-23,,,,
,Ninetales ex [Holo] #38,Pokemon Scarlet & Violet 151,201,Ungraded,Normal wear,,From TCGcollector: Scarlet & Violet 151; 038/165; Normal Holo; Double Rare,0,1,2026-08-23,,,,
,Omastar [Holo] #139,Pokemon Scarlet & Violet 151,26,Ungraded,Normal wear,,From TCGcollector: Scarlet & Violet 151; 139/165; Normal Holo; Rare,0,1,2026-08-23,,,,
,Parasect [Reverse Holo] #47,Pokemon Scarlet & Violet 151,25,Ungraded,Normal wear,,From TCGcollector: Scarlet & Violet 151; 047/165; Reverse Holo; Uncommon,0,3,2026-08-23,,,,
,Persian [Reverse Holo] #53,Pokemon Scarlet & Violet 151,26,Ungraded,Normal wear,,From TCGcollector: Scarlet & Violet 151; 053/165; Reverse Holo; Uncommon,0,1,2026-08-23,,,,
,Pidgeot [Reverse Holo] #18,Pokemon Scarlet & Violet 151,31,Ungraded,Normal wear,,From TCGcollector: Scarlet & Violet 151; 018/165; Reverse Holo; Uncommon,0,1,2026-08-23,,,,
,Pikachu [Holo] #173,Pokemon Scarlet & Violet 151,8659,Ungraded,Normal wear,,From TCGcollector: Scarlet & Violet 151; 173/165; Normal Holo; Illustration Rare,0,1,2026-08-23,,,,
,Poliwag [Reverse Holo] #60,Pokemon Scarlet & Violet 151,26,Ungraded,Normal wear,,From TCGcollector: Scarlet & Violet 151; 060/165; Reverse Holo; Common,0,1,2026-08-23,,,,
,Poliwhirl [Holo] #176,Pokemon Scarlet & Violet 151,4328,Ungraded,Normal wear,,From TCGcollector: Scarlet & Violet 151; 176/165; Normal Holo; Illustration Rare,0,1,2026-08-23,,,,
,Ponyta [Reverse Holo] #77,Pokemon Scarlet & Violet 151,24,Ungraded,Normal wear,,From TCGcollector: Scarlet & Violet 151; 077/165; Reverse Holo; Common,0,3,2026-08-23,,,,
,Primeape [Reverse Holo] #57,Pokemon Scarlet & Violet 151,25,Ungraded,Normal wear,,From TCGcollector: Scarlet & Violet 151; 057/165; Reverse Holo; Uncommon,0,1,2026-08-23,,,,
,Raichu [Holo] #26,Pokemon Scarlet & Violet 151,31,Ungraded,Normal wear,,From TCGcollector: Scarlet & Violet 151; 026/165; Normal Holo; Rare,0,1,2026-08-23,,,,
,Rapidash [Reverse Holo] #78,Pokemon Scarlet & Violet 151,28,Ungraded,Normal wear,,From TCGcollector: Scarlet & Violet 151; 078/165; Reverse Holo; Uncommon,0,2,2026-08-23,,,,
,Rhydon [Reverse Holo] #112,Pokemon Scarlet & Violet 151,24,Ungraded,Normal wear,,From TCGcollector: Scarlet & Violet 151; 112/165; Reverse Holo; Uncommon,0,1,2026-08-23,,,,
,Sandslash [Reverse Holo] #28,Pokemon Scarlet & Violet 151,27,Ungraded,Normal wear,,From TCGcollector: Scarlet & Violet 151; 028/165; Reverse Holo; Uncommon,0,2,2026-08-23,,,,
,Seaking [Reverse Holo] #119,Pokemon Scarlet & Violet 151,141,Ungraded,Normal wear,,From TCGcollector: Scarlet & Violet 151; 119/165; Reverse Holo; Uncommon,0,1,2026-08-23,,,,
,Seel [Reverse Holo] #86,Pokemon Scarlet & Violet 151,23,Ungraded,Normal wear,,From TCGcollector: Scarlet & Violet 151; 086/165; Reverse Holo; Common,0,2,2026-08-23,,,,
,Slowbro [Reverse Holo] #80,Pokemon Scarlet & Violet 151,33,Ungraded,Normal wear,,From TCGcollector: Scarlet & Violet 151; 080/165; Reverse Holo; Uncommon,0,3,2026-08-23,,,,
,Squirtle [Reverse Holo] #7,Pokemon Scarlet & Violet 151,45,Ungraded,Normal wear,,From TCGcollector: Scarlet & Violet 151; 007/165; Reverse Holo; Common,0,2,2026-08-23,,,,
,Starmie [Holo] #121,Pokemon Scarlet & Violet 151,27,Ungraded,Normal wear,,From TCGcollector: Scarlet & Violet 151; 121/165; Normal Holo; Rare,0,1,2026-08-23,,,,
,Staryu [Reverse Holo] #120,Pokemon Scarlet & Violet 151,26,Ungraded,Normal wear,,From TCGcollector: Scarlet & Violet 151; 120/165; Reverse Holo; Common,0,3,2026-08-23,,,,
,Switch [Holo] #206,Pokemon Scarlet & Violet 151,252,Ungraded,Normal wear,,From TCGcollector: Scarlet & Violet 151; 206/165; Normal Holo; Hyper Rare,0,1,2026-08-23,,,,
,Venomoth [Reverse Holo] #49,Pokemon Scarlet & Violet 151,26,Ungraded,Normal wear,,From TCGcollector: Scarlet & Violet 151; 049/165; Reverse Holo; Uncommon,0,2,2026-08-23,,,,
,Venonat [Reverse Holo] #48,Pokemon Scarlet & Violet 151,30,Ungraded,Normal wear,,From TCGcollector: Scarlet & Violet 151; 048/165; Reverse Holo; Common,0,1,2026-08-23,,,,
,Venusaur ex [Holo] #182,Pokemon Scarlet & Violet 151,1385,Ungraded,Normal wear,,From TCGcollector: Scarlet & Violet 151; 182/165; Normal Holo; Ultra Rare,0,1,2026-08-23,,,,
,Venusaur ex [Holo] #3,Pokemon Scarlet & Violet 151,113,Ungraded,Normal wear,,From TCGcollector: Scarlet & Violet 151; 003/165; Normal Holo; Double Rare,0,1,2026-08-23,,,,
,Victreebel [Reverse Holo] #71,Pokemon Scarlet & Violet 151,25,Ungraded,Normal wear,,From TCGcollector: Scarlet & Violet 151; 071/165; Reverse Holo; Uncommon,0,1,2026-08-23,,,,
,Voltorb [Reverse Holo] #100,Pokemon Scarlet & Violet 151,24,Ungraded,Normal wear,,From TCGcollector: Scarlet & Violet 151; 100/165; Reverse Holo; Common,0,1,2026-08-23,,,,
,Wartortle [Holo] #171,Pokemon Scarlet & Violet 151,6334,Ungraded,Normal wear,,From TCGcollector: Scarlet & Violet 151; 171/165; Normal Holo; Illustration Rare,0,1,2026-08-23,,,,
,Weezing [Holo] #110,Pokemon Scarlet & Violet 151,25,Ungraded,Normal wear,,From TCGcollector: Scarlet & Violet 151; 110/165; Normal Holo; Rare,0,1,2026-08-23,,,,
,Zapdos ex [Holo] #145,Pokemon Scarlet & Violet 151,162,Ungraded,Normal wear,,From TCGcollector: Scarlet & Violet 151; 145/165; Normal Holo; Double Rare,0,1,2026-08-23,,,,
,Zapdos ex [Holo] #192,Pokemon Scarlet & Violet 151,1046,Ungraded,Normal wear,,From TCGcollector: Scarlet & Violet 151; 192/165; Normal Holo; Ultra Rare,0,1,2026-08-23,,,,
,Zapdos ex [Holo] #202,Pokemon Scarlet & Violet 151,9715,Ungraded,Normal wear,,From TCGcollector: Scarlet & Violet 151; 202/165; Normal Holo; Special Illustration Rare,0,1,2026-08-23,,,,
,Zubat [Reverse Holo] #41,Pokemon Scarlet & Violet 151,31,Ungraded,Normal wear,,From TCGcollector: Scarlet & Violet 151; 041/165; Reverse Holo; Common,0,1,2026-08-23,,,,
,Alolan Vulpix V [Holo] #173,Pokemon Silver Tempest,1254,Ungraded,Normal wear,,From TCGcollector: Silver Tempest; 173/195; Normal Holo; Rare Ultra,0,1,2026-08-23,,,,
,Alolan Vulpix V [Holo] #33,Pokemon Silver Tempest,221,Ungraded,Normal wear,,From TCGcollector: Silver Tempest; 033/195; Normal Holo; Holo Rare V,0,1,2026-08-23,,,,
,Altaria [Holo] #TG11,Pokemon Silver Tempest,721,Ungraded,Normal wear,,From TCGcollector: Silver Tempest; TG11/TG30; Normal Holo; Rare Holo,0,1,2026-08-23,,,,
,Amoonguss [Reverse Holo] #12,Pokemon Silver Tempest,31,Ungraded,Normal wear,,From TCGcollector: Silver Tempest; 012/195; Reverse Holo; Rare,0,1,2026-08-23,,,,
,Arcanine [Reverse Holo] #20,Pokemon Silver Tempest,68,Ungraded,Normal wear,,From TCGcollector: Silver Tempest; 020/195; Reverse Holo; Rare,0,2,2026-08-23,,,,
,Archen [Reverse Holo] #146,Pokemon Silver Tempest,19,Ungraded,Normal wear,,From TCGcollector: Silver Tempest; 146/195; Reverse Holo; Uncommon,0,1,2026-08-23,,,,
,Blaziken VMAX [Holo] #TG15,Pokemon Silver Tempest,3814,Ungraded,Normal wear,,From TCGcollector: Silver Tempest; TG15/TG30; Normal Holo; Holo Rare VMAX,0,1,2026-08-23,,,,
,Braixen [Holo] #TG01,Pokemon Silver Tempest,618,Ungraded,Normal wear,,From TCGcollector: Silver Tempest; TG01/TG30; Normal Holo; Rare Holo,0,1,2026-08-23,,,,
,Buneary [Reverse Holo] #144,Pokemon Silver Tempest,21,Ungraded,Normal wear,,From TCGcollector: Silver Tempest; 144/195; Reverse Holo; Common,0,2,2026-08-23,,,,
,Candice [Reverse Holo] #152,Pokemon Silver Tempest,27,Ungraded,Normal wear,,From TCGcollector: Silver Tempest; 152/195; Reverse Holo; Uncommon,0,1,2026-08-23,,,,
,Chesnaught V [Holo] #15,Pokemon Silver Tempest,72,Ungraded,Normal wear,,From TCGcollector: Silver Tempest; 015/195; Normal Holo; Holo Rare V,0,2,2026-08-23,,,,
,Chimecho [Reverse Holo] #74,Pokemon Silver Tempest,23,Ungraded,Normal wear,,From TCGcollector: Silver Tempest; 074/195; Reverse Holo; Common,0,1,2026-08-23,,,,
,Cobalion [Reverse Holo] #126,Pokemon Silver Tempest,31,Ungraded,Normal wear,,From TCGcollector: Silver Tempest; 126/195; Reverse Holo; Rare,0,1,2026-08-23,,,,
,Corviknight VMAX [Holo] #TG19,Pokemon Silver Tempest,960,Ungraded,Normal wear,,From TCGcollector: Silver Tempest; TG19/TG30; Normal Holo; Holo Rare VMAX,0,1,2026-08-23,,,,
,Crobat [Holo] #105,Pokemon Silver Tempest,28,Ungraded,Normal wear,,From TCGcollector: Silver Tempest; 105/195; Normal Holo; Rare Holo,0,2,2026-08-23,,,,
,Dewpider [Reverse Holo] #47,Pokemon Silver Tempest,21,Ungraded,Normal wear,,From TCGcollector: Silver Tempest; 047/195; Reverse Holo; Common,0,1,2026-08-23,,,,
,Donphan [Reverse Holo] #92,Pokemon Silver Tempest,20,Ungraded,Normal wear,,From TCGcollector: Silver Tempest; 092/195; Reverse Holo; Uncommon,0,2,2026-08-23,,,,
,Dragapult [Holo] #89,Pokemon Silver Tempest,24,Ungraded,Normal wear,,From TCGcollector: Silver Tempest; 089/195; Normal Holo; Rare Holo,0,2,2026-08-23,,,,
,Dragonite [Holo] #131,Pokemon Silver Tempest,152,Ungraded,Normal wear,,From TCGcollector: Silver Tempest; 131/195; Normal Holo; Rare Holo,0,1,2026-08-23,,,,
,Drakloak [Reverse Holo] #88,Pokemon Silver Tempest,23,Ungraded,Normal wear,,From TCGcollector: Silver Tempest; 088/195; Reverse Holo; Uncommon,0,1,2026-08-23,,,,
,Druddigon [Holo] #TG09,Pokemon Silver Tempest,422,Ungraded,Normal wear,,From TCGcollector: Silver Tempest; TG09/TG30; Normal Holo; Rare Holo,0,2,2026-08-23,,,,
,Duraludon VMAX [Holo] #TG30,Pokemon Silver Tempest,324,Ungraded,Normal wear,,From TCGcollector: Silver Tempest; TG30/TG30; Normal Holo; Rare Secret,0,1,2026-08-23,,,,
,Durant [Reverse Holo] #13,Pokemon Silver Tempest,16,Ungraded,Normal wear,,From TCGcollector: Silver Tempest; 013/195; Reverse Holo; Common,0,1,2026-08-23,,,,
,Earthen Seal Stone [Holo] #154,Pokemon Silver Tempest,23,Ungraded,Normal wear,,From TCGcollector: Silver Tempest; 154/195; Normal Holo; Rare Holo,0,2,2026-08-23,,,,
,Emolga [Reverse Holo] #54,Pokemon Silver Tempest,41,Ungraded,Normal wear,,From TCGcollector: Silver Tempest; 054/195; Reverse Holo; Common,0,1,2026-08-23,,,,
,Espurr [Reverse Holo] #81,Pokemon Silver Tempest,47,Ungraded,Normal wear,,From TCGcollector: Silver Tempest; 081/195; Reverse Holo; Common,0,1,2026-08-23,,,,
,Ferroseed [Reverse Holo] #121,Pokemon Silver Tempest,17,Ungraded,Normal wear,,From TCGcollector: Silver Tempest; 121/195; Reverse Holo; Common,0,1,2026-08-23,,,,
,Ferrothorn [Reverse Holo] #122,Pokemon Silver Tempest,17,Ungraded,Normal wear,,From TCGcollector: Silver Tempest; 122/195; Reverse Holo; Uncommon,0,1,2026-08-23,,,,
,Fletchling [Reverse Holo] #150,Pokemon Silver Tempest,16,Ungraded,Normal wear,,From TCGcollector: Silver Tempest; 150/195; Reverse Holo; Common,0,2,2026-08-23,,,,
,Foongus [Reverse Holo] #11,Pokemon Silver Tempest,24,Ungraded,Normal wear,,From TCGcollector: Silver Tempest; 011/195; Reverse Holo; Common,0,1,2026-08-23,,,,
,Gordie [Holo] #TG24,Pokemon Silver Tempest,195,Ungraded,Normal wear,,From TCGcollector: Silver Tempest; TG24/TG30; Normal Holo; Rare Ultra,0,1,2026-08-23,,,,
,Hisuian Braviary [Reverse Holo] #149,Pokemon Silver Tempest,30,Ungraded,Normal wear,,From TCGcollector: Silver Tempest; 149/195; Reverse Holo; Rare,0,1,2026-08-23,,,,
,Hisuian Lilligant [Reverse Holo] #10,Pokemon Silver Tempest,30,Ungraded,Normal wear,,From TCGcollector: Silver Tempest; 010/195; Reverse Holo; Rare,0,1,2026-08-23,,,,
,Jynx [Reverse Holo] #62,Pokemon Silver Tempest,38,Ungraded,Normal wear,,From TCGcollector: Silver Tempest; 062/195; Reverse Holo; Uncommon,0,1,2026-08-23,,,,
,Keldeo [Reverse Holo] #46,Pokemon Silver Tempest,31,Ungraded,Normal wear,,From TCGcollector: Silver Tempest; 046/195; Reverse Holo; Rare,0,1,2026-08-23,,,,
,Klang [Reverse Holo] #124,Pokemon Silver Tempest,12,Ungraded,Normal wear,,From TCGcollector: Silver Tempest; 124/195; Reverse Holo; Uncommon,0,1,2026-08-23,,,,
,Klink [Reverse Holo] #123,Pokemon Silver Tempest,18,Ungraded,Normal wear,,From TCGcollector: Silver Tempest; 123/195; Reverse Holo; Common,0,1,2026-08-23,,,,
,Krokorok [Reverse Holo] #112,Pokemon Silver Tempest,21,Ungraded,Normal wear,,From TCGcollector: Silver Tempest; 112/195; Reverse Holo; Uncommon,0,2,2026-08-23,,,,
,Krookodile [Holo] #113,Pokemon Silver Tempest,25,Ungraded,Normal wear,,From TCGcollector: Silver Tempest; 113/195; Normal Holo; Rare Holo,0,1,2026-08-23,,,,
,Lance [Holo] #206,Pokemon Silver Tempest,530,Ungraded,Normal wear,,From TCGcollector: Silver Tempest; 206/195; Normal Holo; Rare Rainbow,0,1,2026-08-23,,,,
,Lanturn [Reverse Holo] #52,Pokemon Silver Tempest,19,Ungraded,Normal wear,,From TCGcollector: Silver Tempest; 052/195; Reverse Holo; Uncommon,0,1,2026-08-23,,,,
,Leafy Camo Poncho [Reverse Holo] #160,Pokemon Silver Tempest,19,Ungraded,Normal wear,,From TCGcollector: Silver Tempest; 160/195; Reverse Holo; Uncommon,0,1,2026-08-23,,,,
,Lopunny [Reverse Holo] #145,Pokemon Silver Tempest,19,Ungraded,Normal wear,,From TCGcollector: Silver Tempest; 145/195; Reverse Holo; Uncommon,0,1,2026-08-23,,,,
,Lugia VSTAR [Holo] #139,Pokemon Silver Tempest,675,Ungraded,Normal wear,,From TCGcollector: Silver Tempest; 139/195; Normal Holo; Holo Rare VSTAR,0,2,2026-08-23,,,,
,Lugia VSTAR [Holo] #202,Pokemon Silver Tempest,4188,Ungraded,Normal wear,,From TCGcollector: Silver Tempest; 202/195; Normal Holo; Rare Rainbow,0,1,2026-08-23,,,,
,Magearna V [Holo] #128,Pokemon Silver Tempest,91,Ungraded,Normal wear,,From TCGcollector: Silver Tempest; 128/195; Normal Holo; Holo Rare V,0,2,2026-08-23,,,,
,Malamar [Holo] #TG06,Pokemon Silver Tempest,159,Ungraded,Normal wear,,From TCGcollector: Silver Tempest; TG06/TG30; Normal Holo; Rare Holo,0,2,2026-08-23,,,,
,Mawile VSTAR [Holo] #71,Pokemon Silver Tempest,112,Ungraded,Normal wear,,From TCGcollector: Silver Tempest; 071/195; Normal Holo; Holo Rare VSTAR,0,2,2026-08-23,,,,
,Milotic [Holo] #TG02,Pokemon Silver Tempest,885,Ungraded,Normal wear,,From TCGcollector: Silver Tempest; TG02/TG30; Normal Holo; Rare Holo,0,2,2026-08-23,,,,
,Mismagius [Reverse Holo] #64,Pokemon Silver Tempest,36,Ungraded,Normal wear,,From TCGcollector: Silver Tempest; 064/195; Reverse Holo; Rare,0,1,2026-08-23,,,,
,Morpeko [Reverse Holo] #116,Pokemon Silver Tempest,31,Ungraded,Normal wear,,From TCGcollector: Silver Tempest; 116/195; Reverse Holo; Uncommon,0,2,2026-08-23,,,,
,Noivern [Reverse Holo] #133,Pokemon Silver Tempest,33,Ungraded,Normal wear,,From TCGcollector: Silver Tempest; 133/195; Reverse Holo; Rare,0,1,2026-08-23,,,,
,Omastar V [Holo] #35,Pokemon Silver Tempest,104,Ungraded,Normal wear,,From TCGcollector: Silver Tempest; 035/195; Normal Holo; Holo Rare V,0,3,2026-08-23,,,,
,Palossand [Reverse Holo] #100,Pokemon Silver Tempest,22,Ungraded,Normal wear,,From TCGcollector: Silver Tempest; 100/195; Reverse Holo; Uncommon,0,1,2026-08-23,,,,
,Passimian [Holo] #TG08,Pokemon Silver Tempest,145,Ungraded,Normal wear,,From TCGcollector: Silver Tempest; TG08/TG30; Normal Holo; Rare Holo,0,3,2026-08-23,,,,
,Phanpy [Reverse Holo] #91,Pokemon Silver Tempest,18,Ungraded,Normal wear,,From TCGcollector: Silver Tempest; 091/195; Reverse Holo; Common,0,1,2026-08-23,,,,
,Primordial Altar [Reverse Holo] #161,Pokemon Silver Tempest,19,Ungraded,Normal wear,,From TCGcollector: Silver Tempest; 161/195; Reverse Holo; Uncommon,0,1,2026-08-23,,,,
,Professor Laventon [Reverse Holo] #162,Pokemon Silver Tempest,15,Ungraded,Normal wear,,From TCGcollector: Silver Tempest; 162/195; Reverse Holo; Uncommon,0,1,2026-08-23,,,,
,Quad Stone [Reverse Holo] #163,Pokemon Silver Tempest,24,Ungraded,Normal wear,,From TCGcollector: Silver Tempest; 163/195; Reverse Holo; Uncommon,0,1,2026-08-23,,,,
,Radiant Alakazam [Holo] #59,Pokemon Silver Tempest,222,Ungraded,Normal wear,,From TCGcollector: Silver Tempest; 059/195; Normal Holo; Radiant Rare,0,1,2026-08-23,,,,
,Radiant Jirachi [Holo] #120,Pokemon Silver Tempest,226,Ungraded,Normal wear,,From TCGcollector: Silver Tempest; 120/195; Normal Holo; Radiant Rare,0,1,2026-08-23,,,,
,Radiant Tsareena [Holo] #16,Pokemon Silver Tempest,63,Ungraded,Normal wear,,From TCGcollector: Silver Tempest; 016/195; Normal Holo; Radiant Rare,0,1,2026-08-23,,,,
,Raihan [Holo] #TG27,Pokemon Silver Tempest,349,Ungraded,Normal wear,,From TCGcollector: Silver Tempest; TG27/TG30; Normal Holo; Rare Ultra,0,1,2026-08-23,,,,
,Rapidash [Holo] #22,Pokemon Silver Tempest,28,Ungraded,Normal wear,,From TCGcollector: Silver Tempest; 022/195; Normal Holo; Rare Holo,0,2,2026-08-23,,,,
,Rayquaza VMAX [Holo] #TG29,Pokemon Silver Tempest,2854,Ungraded,Normal wear,,From TCGcollector: Silver Tempest; TG29/TG30; Normal Holo; Rare Secret,0,2,2026-08-23,,,,
,Regidrago V [Holo] #135,Pokemon Silver Tempest,76,Ungraded,Normal wear,,From TCGcollector: Silver Tempest; 135/195; Normal Holo; Holo Rare V,0,2,2026-08-23,,,,
,Regieleki VMAX [Holo] #58,Pokemon Silver Tempest,134,Ungraded,Normal wear,,From TCGcollector: Silver Tempest; 058/195; Normal Holo; Holo Rare VMAX,0,1,2026-08-23,,,,
,Reshiram V [Holo] #24,Pokemon Silver Tempest,121,Ungraded,Normal wear,,From TCGcollector: Silver Tempest; 024/195; Normal Holo; Holo Rare V,0,1,2026-08-23,,,,
,Reuniclus [Holo] #78,Pokemon Silver Tempest,22,Ungraded,Normal wear,,From TCGcollector: Silver Tempest; 078/195; Normal Holo; Rare Holo,0,2,2026-08-23,,,,
,Reuniclus [Reverse Holo] #78,Pokemon Silver Tempest,38,Ungraded,Normal wear,,From TCGcollector: Silver Tempest; 078/195; Reverse Holo; Rare Holo,0,1,2026-08-23,,,,
,Rockruff [Holo] #TG07,Pokemon Silver Tempest,650,Ungraded,Normal wear,,From TCGcollector: Silver Tempest; TG07/TG30; Normal Holo; Rare Holo,0,1,2026-08-23,,,,
,Sandygast [Reverse Holo] #99,Pokemon Silver Tempest,13,Ungraded,Normal wear,,From TCGcollector: Silver Tempest; 099/195; Reverse Holo; Common,0,1,2026-08-23,,,,
,Serperior V [Holo] #170,Pokemon Silver Tempest,225,Ungraded,Normal wear,,From TCGcollector: Silver Tempest; 170/195; Normal Holo; Rare Ultra,0,1,2026-08-23,,,,
,Skuntank V [Holo] #108,Pokemon Silver Tempest,69,Ungraded,Normal wear,,From TCGcollector: Silver Tempest; 108/195; Normal Holo; Holo Rare V,0,1,2026-08-23,,,,
,Smeargle [Reverse Holo] #137,Pokemon Silver Tempest,23,Ungraded,Normal wear,,From TCGcollector: Silver Tempest; 137/195; Reverse Holo; Common,0,1,2026-08-23,,,,
,Smeargle [Holo] #TG10,Pokemon Silver Tempest,496,Ungraded,Normal wear,,From TCGcollector: Silver Tempest; TG10/TG30; Normal Holo; Rare Holo,0,1,2026-08-23,,,,
,Sordward & Shielbert [Holo] #TG28,Pokemon Silver Tempest,149,Ungraded,Normal wear,,From TCGcollector: Silver Tempest; TG28/TG30; Normal Holo; Rare Ultra,0,2,2026-08-23,,,,
,Stunfisk [Reverse Holo] #55,Pokemon Silver Tempest,28,Ungraded,Normal wear,,From TCGcollector: Silver Tempest; 055/195; Reverse Holo; Common,0,2,2026-08-23,,,,
,Swirlix [Reverse Holo] #83,Pokemon Silver Tempest,48,Ungraded,Normal wear,,From TCGcollector: Silver Tempest; 083/195; Reverse Holo; Common,0,1,2026-08-23,,,,
,Terrakion [Holo] #97,Pokemon Silver Tempest,26,Ungraded,Normal wear,,From TCGcollector: Silver Tempest; 097/195; Normal Holo; Rare Holo,0,3,2026-08-23,,,,
,Toxicroak [Reverse Holo] #110,Pokemon Silver Tempest,32,Ungraded,Normal wear,,From TCGcollector: Silver Tempest; 110/195; Reverse Holo; Uncommon,0,1,2026-08-23,,,,
,Unidentified Fossil [Reverse Holo] #165,Pokemon Silver Tempest,27,Ungraded,Normal wear,,From TCGcollector: Silver Tempest; 165/195; Reverse Holo; Uncommon,0,1,2026-08-23,,,,
,Unown V [Holo] #176,Pokemon Silver Tempest,373,Ungraded,Normal wear,,From TCGcollector: Silver Tempest; 176/195; Normal Holo; Rare Ultra,0,1,2026-08-23,,,,
,Unown V [Holo] #177,Pokemon Silver Tempest,3027,Ungraded,Normal wear,,From TCGcollector: Silver Tempest; 177/195; Normal Holo; Rare Ultra,0,1,2026-08-23,,,,
,Unown V [Holo] #65,Pokemon Silver Tempest,107,Ungraded,Normal wear,,From TCGcollector: Silver Tempest; 065/195; Normal Holo; Holo Rare V,0,2,2026-08-23,,,,
,Venonat [Reverse Holo] #1,Pokemon Silver Tempest,17,Ungraded,Normal wear,,From TCGcollector: Silver Tempest; 001/195; Reverse Holo; Common,0,2,2026-08-23,,,,
,Wailmer [Reverse Holo] #37,Pokemon Silver Tempest,27,Ungraded,Normal wear,,From TCGcollector: Silver Tempest; 037/195; Reverse Holo; Common,0,1,2026-08-23,,,,
,Wallace [Holo] #208,Pokemon Silver Tempest,454,Ungraded,Normal wear,,From TCGcollector: Silver Tempest; 208/195; Normal Holo; Rare Rainbow,0,1,2026-08-23,,,,
,Worker [Reverse Holo] #167,Pokemon Silver Tempest,21,Ungraded,Normal wear,,From TCGcollector: Silver Tempest; 167/195; Reverse Holo; Uncommon,0,1,2026-08-23,,,,
,Zubat [Reverse Holo] #103,Pokemon Silver Tempest,26,Ungraded,Normal wear,,From TCGcollector: Silver Tempest; 103/195; Reverse Holo; Common,0,1,2026-08-23,,,,
,Umbreon-GX [Holo] #80,Pokemon Sun & Moon,2789,Ungraded,Normal wear,,From TCGcollector: Sun & Moon; 80/149; Normal Holo; Rare Holo GX,0,1,2026-08-23,,,,
,Banette [Holo] #73,Pokemon Trick or Trade 2023,21,Ungraded,Normal wear,,From TCGcollector: Lost Origin; 073/196; Trick or Trade 2023; Rare,0,1,2026-08-23,,,,
,Chandelure [Holo] #26,Pokemon Trick or Trade 2023,29,Ungraded,Normal wear,,From TCGcollector: Lost Origin; 026/196; Trick or Trade 2023; Rare Holo,0,1,2026-08-23,,,,
,Galarian Runerigus [Holo] #102,Pokemon Trick or Trade 2023,23,Ungraded,Normal wear,,From TCGcollector: Rebel Clash; 102/192; Trick or Trade 2023; Rare,0,1,2026-08-23,,,,
,Houndoom #34,Pokemon Trick or Trade 2023,17,Ungraded,Normal wear,,From TCGcollector: Scarlet & Violet; 034/198; Trick or Trade 2023; Common,0,1,2026-08-23,,,,
,Lycanroc [Holo] #95,Pokemon Trick or Trade 2023,16,Ungraded,Normal wear,,From TCGcollector: Vivid Voltage; 095/185; Trick or Trade 2023; Rare,0,1,2026-08-23,,,,
,Pikachu #62,Pokemon Trick or Trade 2023,45,Ungraded,Normal wear,,From TCGcollector: Paldea Evolved; 062/193; Trick or Trade 2023; Common,0,1,2026-08-23,,,,
,Polteageist [Holo] #90,Pokemon Trick or Trade 2023,15,Ungraded,Normal wear,,From TCGcollector: Sword & Shield; 090/202; Trick or Trade 2023; Rare,0,1,2026-08-23,,,,
,Banette #68,Pokemon Vivid Voltage,30,Ungraded,Normal wear,,From TCGcollector: Vivid Voltage; 068/185; Normal; Rare,0,1,2026-08-23,,,,
,Beldum #116,Pokemon Vivid Voltage,4,Ungraded,Normal wear,,From TCGcollector: Vivid Voltage; 116/185; Normal; Common,0,1,2026-08-23,,,,
,Blitzle #53,Pokemon Vivid Voltage,6,Ungraded,Normal wear,,From TCGcollector: Vivid Voltage; 053/185; Normal; Common,0,1,2026-08-23,,,,
,Charmander [Reverse Holo] #23,Pokemon Vivid Voltage,52,Ungraded,Normal wear,,From TCGcollector: Vivid Voltage; 023/185; Reverse Holo; Common,0,1,2026-08-23,,,,
,Charmeleon #24,Pokemon Vivid Voltage,17,Ungraded,Normal wear,,From TCGcollector: Vivid Voltage; 024/185; Normal; Uncommon,0,1,2026-08-23,,,,
,Chewtle #38,Pokemon Vivid Voltage,11,Ungraded,Normal wear,,From TCGcollector: Vivid Voltage; 038/185; Normal; Common,0,1,2026-08-23,,,,
,Chimecho #72,Pokemon Vivid Voltage,32,Ungraded,Normal wear,,From TCGcollector: Vivid Voltage; 072/185; Normal; Common,0,1,2026-08-23,,,,
,Chimecho [Reverse Holo] #72,Pokemon Vivid Voltage,49,Ungraded,Normal wear,,From TCGcollector: Vivid Voltage; 072/185; Reverse Holo; Common,0,1,2026-08-23,,,,
,Clefairy #63,Pokemon Vivid Voltage,21,Ungraded,Normal wear,,From TCGcollector: Vivid Voltage; 063/185; Normal; Common,0,1,2026-08-23,,,,
,Cramorant #40,Pokemon Vivid Voltage,13,Ungraded,Normal wear,,From TCGcollector: Vivid Voltage; 040/185; Normal; Uncommon,0,1,2026-08-23,,,,
,Dedenne #77,Pokemon Vivid Voltage,32,Ungraded,Normal wear,,From TCGcollector: Vivid Voltage; 077/185; Normal; Common,0,1,2026-08-23,,,,
,Drednaw [Reverse Holo] #39,Pokemon Vivid Voltage,29,Ungraded,Normal wear,,From TCGcollector: Vivid Voltage; 039/185; Reverse Holo; Rare,0,1,2026-08-23,,,,
,Drilbur #91,Pokemon Vivid Voltage,24,Ungraded,Normal wear,,From TCGcollector: Vivid Voltage; 091/185; Normal; Common,0,1,2026-08-23,,,,
,Duraludon [Reverse Holo] #129,Pokemon Vivid Voltage,28,Ungraded,Normal wear,,From TCGcollector: Vivid Voltage; 129/185; Reverse Holo; Rare Holo,0,1,2026-08-23,,,,
,Excadrill #122,Pokemon Vivid Voltage,2,Ungraded,Normal wear,,From TCGcollector: Vivid Voltage; 122/185; Normal; Uncommon,0,1,2026-08-23,,,,
,Exeggcute #4,Pokemon Vivid Voltage,4,Ungraded,Normal wear,,From TCGcollector: Vivid Voltage; 004/185; Normal; Common,0,1,2026-08-23,,,,
,Exeggutor #5,Pokemon Vivid Voltage,23,Ungraded,Normal wear,,From TCGcollector: Vivid Voltage; 005/185; Normal; Rare,0,1,2026-08-23,,,,
,Ferroseed #123,Pokemon Vivid Voltage,6,Ungraded,Normal wear,,From TCGcollector: Vivid Voltage; 123/185; Normal; Common,0,1,2026-08-23,,,,
,Ferrothorn #124,Pokemon Vivid Voltage,3,Ungraded,Normal wear,,From TCGcollector: Vivid Voltage; 124/185; Normal; Uncommon,0,1,2026-08-23,,,,
,Galarian Meowth #112,Pokemon Vivid Voltage,10,Ungraded,Normal wear,,From TCGcollector: Vivid Voltage; 112/185; Normal; Common,0,1,2026-08-23,,,,
,Galvantula #56,Pokemon Vivid Voltage,14,Ungraded,Normal wear,,From TCGcollector: Vivid Voltage; 056/185; Normal; Uncommon,0,1,2026-08-23,,,,
,Garbodor #111,Pokemon Vivid Voltage,23,Ungraded,Normal wear,,From TCGcollector: Vivid Voltage; 111/185; Normal; Rare,0,1,2026-08-23,,,,
,Girafarig #65,Pokemon Vivid Voltage,10,Ungraded,Normal wear,,From TCGcollector: Vivid Voltage; 065/185; Normal; Uncommon,0,1,2026-08-23,,,,
,Gogoat #18,Pokemon Vivid Voltage,14,Ungraded,Normal wear,,From TCGcollector: Vivid Voltage; 018/185; Normal; Uncommon,0,1,2026-08-23,,,,
,Joltik #55,Pokemon Vivid Voltage,14,Ungraded,Normal wear,,From TCGcollector: Vivid Voltage; 055/185; Normal; Common,0,1,2026-08-23,,,,
,Kakuna #2,Pokemon Vivid Voltage,6,Ungraded,Normal wear,,From TCGcollector: Vivid Voltage; 002/185; Normal; Uncommon,0,1,2026-08-23,,,,
,Krokorok #108,Pokemon Vivid Voltage,16,Ungraded,Normal wear,,From TCGcollector: Vivid Voltage; 108/185; Normal; Uncommon,0,1,2026-08-23,,,,
,Loudred [Reverse Holo] #136,Pokemon Vivid Voltage,26,Ungraded,Normal wear,,From TCGcollector: Vivid Voltage; 136/185; Reverse Holo; Uncommon,0,1,2026-08-23,,,,
,Magcargo #28,Pokemon Vivid Voltage,2,Ungraded,Normal wear,,From TCGcollector: Vivid Voltage; 028/185; Normal; Uncommon,0,1,2026-08-23,,,,
,Memory Capsule [Reverse Holo] #155,Pokemon Vivid Voltage,29,Ungraded,Normal wear,,From TCGcollector: Vivid Voltage; 155/185; Reverse Holo; Uncommon,0,2,2026-08-23,,,,
,Metang #117,Pokemon Vivid Voltage,5,Ungraded,Normal wear,,From TCGcollector: Vivid Voltage; 117/185; Normal; Uncommon,0,1,2026-08-23,,,,
,Milcery #80,Pokemon Vivid Voltage,3,Ungraded,Normal wear,,From TCGcollector: Vivid Voltage; 080/185; Normal; Common,0,1,2026-08-23,,,,
,Mudbray #96,Pokemon Vivid Voltage,7,Ungraded,Normal wear,,From TCGcollector: Vivid Voltage; 096/185; Normal; Common,0,1,2026-08-23,,,,
,Mudsdale #97,Pokemon Vivid Voltage,19,Ungraded,Normal wear,,From TCGcollector: Vivid Voltage; 097/185; Normal; Rare,0,1,2026-08-23,,,,
,Ninjask #14,Pokemon Vivid Voltage,37,Ungraded,Normal wear,,From TCGcollector: Vivid Voltage; 014/185; Normal; Rare,0,1,2026-08-23,,,,
,Nuzleaf #11,Pokemon Vivid Voltage,7,Ungraded,Normal wear,,From TCGcollector: Vivid Voltage; 011/185; Normal; Uncommon,0,1,2026-08-23,,,,
,Oshawott #33,Pokemon Vivid Voltage,22,Ungraded,Normal wear,,From TCGcollector: Vivid Voltage; 033/185; Normal; Common,0,1,2026-08-23,,,,
,Pikipek #143,Pokemon Vivid Voltage,7,Ungraded,Normal wear,,From TCGcollector: Vivid Voltage; 143/185; Normal; Common,0,1,2026-08-23,,,,
,Pikipek [Reverse Holo] #143,Pokemon Vivid Voltage,5,Ungraded,Normal wear,,From TCGcollector: Vivid Voltage; 143/185; Reverse Holo; Common,0,1,2026-08-23,,,,
,Pincurchin #62,Pokemon Vivid Voltage,8,Ungraded,Normal wear,,From TCGcollector: Vivid Voltage; 062/185; Normal; Uncommon,0,1,2026-08-23,,,,
,Pineco #8,Pokemon Vivid Voltage,19,Ungraded,Normal wear,,From TCGcollector: Vivid Voltage; 008/185; Normal; Common,0,1,2026-08-23,,,,
,Poochyena #103,Pokemon Vivid Voltage,16,Ungraded,Normal wear,,From TCGcollector: Vivid Voltage; 103/185; Normal; Common,0,1,2026-08-23,,,,
,Rockruff #94,Pokemon Vivid Voltage,13,Ungraded,Normal wear,,From TCGcollector: Vivid Voltage; 094/185; Normal; Common,0,1,2026-08-23,,,,
,Samurott #35,Pokemon Vivid Voltage,30,Ungraded,Normal wear,,From TCGcollector: Vivid Voltage; 035/185; Normal; Rare,0,1,2026-08-23,,,,
,Sandile #107,Pokemon Vivid Voltage,7,Ungraded,Normal wear,,From TCGcollector: Vivid Voltage; 107/185; Normal; Common,0,1,2026-08-23,,,,
,Sandile [Reverse Holo] #107,Pokemon Vivid Voltage,28,Ungraded,Normal wear,,From TCGcollector: Vivid Voltage; 107/185; Reverse Holo; Common,0,1,2026-08-23,,,,
,Seedot #10,Pokemon Vivid Voltage,4,Ungraded,Normal wear,,From TCGcollector: Vivid Voltage; 010/185; Normal; Common,0,1,2026-08-23,,,,
,Seedot [Reverse Holo] #10,Pokemon Vivid Voltage,26,Ungraded,Normal wear,,From TCGcollector: Vivid Voltage; 010/185; Reverse Holo; Common,0,1,2026-08-23,,,,
,Shuckle #85,Pokemon Vivid Voltage,10,Ungraded,Normal wear,,From TCGcollector: Vivid Voltage; 085/185; Normal; Uncommon,0,1,2026-08-23,,,,
,Shuppet #67,Pokemon Vivid Voltage,5,Ungraded,Normal wear,,From TCGcollector: Vivid Voltage; 067/185; Normal; Common,0,1,2026-08-23,,,,
,Shuppet [Reverse Holo] #67,Pokemon Vivid Voltage,28,Ungraded,Normal wear,,From TCGcollector: Vivid Voltage; 067/185; Reverse Holo; Common,0,1,2026-08-23,,,,
,Skiddo #17,Pokemon Vivid Voltage,8,Ungraded,Normal wear,,From TCGcollector: Vivid Voltage; 017/185; Normal; Common,0,1,2026-08-23,,,,
,Slugma #27,Pokemon Vivid Voltage,4,Ungraded,Normal wear,,From TCGcollector: Vivid Voltage; 027/185; Normal; Common,0,1,2026-08-23,,,,
,Stone Fighting Energy [Reverse Holo] #164,Pokemon Vivid Voltage,29,Ungraded,Normal wear,,From TCGcollector: Vivid Voltage; 164/185; Reverse Holo; Uncommon,0,1,2026-08-23,,,,
,Swellow #134,Pokemon Vivid Voltage,6,Ungraded,Normal wear,,From TCGcollector: Vivid Voltage; 134/185; Normal; Uncommon,0,1,2026-08-23,,,,
,Swoobat #74,Pokemon Vivid Voltage,3,Ungraded,Normal wear,,From TCGcollector: Vivid Voltage; 074/185; Normal; Uncommon,0,1,2026-08-23,,,,
,Taillow #133,Pokemon Vivid Voltage,23,Ungraded,Normal wear,,From TCGcollector: Vivid Voltage; 133/185; Normal; Common,0,1,2026-08-23,,,,
,Tynamo #57,Pokemon Vivid Voltage,12,Ungraded,Normal wear,,From TCGcollector: Vivid Voltage; 057/185; Normal; Common,0,1,2026-08-23,,,,
,Wailord [Reverse Holo] #32,Pokemon Vivid Voltage,63,Ungraded,Normal wear,,From TCGcollector: Vivid Voltage; 032/185; Reverse Holo; Rare Holo,0,1,2026-08-23,,,,
,Weedle #1,Pokemon Vivid Voltage,8,Ungraded,Normal wear,,From TCGcollector: Vivid Voltage; 001/185; Normal; Common,0,1,2026-08-23,,,,
,Whismur #135,Pokemon Vivid Voltage,6,Ungraded,Normal wear,,From TCGcollector: Vivid Voltage; 135/185; Normal; Common,0,1,2026-08-23,,,,
,Woobat #73,Pokemon Vivid Voltage,4,Ungraded,Normal wear,,From TCGcollector: Vivid Voltage; 073/185; Normal; Common,0,1,2026-08-23,,,,
,Wooper #83,Pokemon Vivid Voltage,25,Ungraded,Normal wear,,From TCGcollector: Vivid Voltage; 083/185; Normal; Common,0,1,2026-08-23,,,,
,Wooper [Reverse Holo] #83,Pokemon Vivid Voltage,50,Ungraded,Normal wear,,From TCGcollector: Vivid Voltage; 083/185; Reverse Holo; Common,0,1,2026-08-23,,,,
,Yanma #6,Pokemon Vivid Voltage,4,Ungraded,Normal wear,,From TCGcollector: Vivid Voltage; 006/185; Normal; Common,0,1,2026-08-23,,,,
,Sylveon-GX [Holo] #92A,Pokemon Yellow A Alternate,2446,Ungraded,Normal wear,,From TCGcollector: Yellow A Alternate; 92a/145; Holo; Rare Holo GX,0,1,2026-08-23,,,,
