source-expansion,source-card-name,source-card-number,source-variant,source-rarity,generated-set,generated-product-name,identity,source-quantity,existing-quantity
Ascended Heroes,Erika's Oddish,001/217,Normal,Common,Pokemon Ascended Heroes,Erika's Oddish #1,ascended heroes | erika s oddish | 1 |  | ungraded,1,0
Ascended Heroes,Erika's Gloom,002/217,Normal,Uncommon,Pokemon Ascended Heroes,Erika's Gloom #2,ascended heroes | erika s gloom | 2 |  | ungraded,1,0
Ascended Heroes,Erika's Vileplume ex,003/217,Normal Holo,Double Rare,Pokemon Ascended Heroes,Erika's Vileplume ex [Holo] #3,ascended heroes | erika s vileplume ex | 3 | holo | ungraded,1,0
Ascended Heroes,Erika's Bellsprout,004/217,Normal,Common,Pokemon Ascended Heroes,Erika's Bellsprout #4,ascended heroes | erika s bellsprout | 4 |  | ungraded,1,0
Ascended Heroes,Erika's Weepinbell,005/217,Normal,Uncommon,Pokemon Ascended Heroes,Erika's Weepinbell #5,ascended heroes | erika s weepinbell | 5 |  | ungraded,1,0
Ascended Heroes,Erika's Tangela,007/217,Normal,Common,Pokemon Ascended Heroes,Erika's Tangela #7,ascended heroes | erika s tangela | 7 |  | ungraded,1,0
Ascended Heroes,Erika's Tangela,007/217,Poké Ball Reverse Holo,Common,Pokemon Ascended Heroes,Erika's Tangela [Poke Ball] #7,ascended heroes | erika s tangela | 7 | poke ball | ungraded,1,0
Ascended Heroes,Chikorita,008/217,Normal,Common,Pokemon Ascended Heroes,Chikorita #8,ascended heroes | chikorita | 8 |  | ungraded,1,0
Ascended Heroes,Chikorita,008/217,Friend Ball Reverse Holo,Common,Pokemon Ascended Heroes,Chikorita [Friend Ball] #8,ascended heroes | chikorita | 8 | friend ball | ungraded,1,0
Ascended Heroes,Bayleef,009/217,Normal,Uncommon,Pokemon Ascended Heroes,Bayleef #9,ascended heroes | bayleef | 9 |  | ungraded,1,0
Ascended Heroes,Wurmple,011/217,Normal,Common,Pokemon Ascended Heroes,Wurmple #11,ascended heroes | wurmple | 11 |  | ungraded,1,0
Ascended Heroes,Beautifly,013/217,Normal,Uncommon,Pokemon Ascended Heroes,Beautifly #13,ascended heroes | beautifly | 13 |  | ungraded,1,0
Ascended Heroes,Cascoon,014/217,Normal,Common,Pokemon Ascended Heroes,Cascoon #14,ascended heroes | cascoon | 14 |  | ungraded,1,0
Ascended Heroes,Dustox,015/217,Normal,Uncommon,Pokemon Ascended Heroes,Dustox #15,ascended heroes | dustox | 15 |  | ungraded,1,0
Ascended Heroes,Budew,016/217,Normal,Common,Pokemon Ascended Heroes,Budew #16,ascended heroes | budew | 16 |  | ungraded,1,0
Ascended Heroes,Grubbin,017/217,Normal,Common,Pokemon Ascended Heroes,Grubbin #17,ascended heroes | grubbin | 17 |  | ungraded,1,0
Ascended Heroes,Team Rocket's Tarountula,018/217,Normal,Common,Pokemon Ascended Heroes,Team Rocket's Tarountula #18,ascended heroes | team rocket s tarountula | 18 |  | ungraded,1,0
Ascended Heroes,Team Rocket's Spidops,019/217,Normal Holo,Rare,Pokemon Ascended Heroes,Team Rocket's Spidops [Holo] #19,ascended heroes | team rocket s spidops | 19 | holo | ungraded,1,0
Ascended Heroes,Charmander,020/217,Normal,Common,Pokemon Ascended Heroes,Charmander #20,ascended heroes | charmander | 20 |  | ungraded,1,0
Ascended Heroes,Charmander,020/217,Friend Ball Reverse Holo,Common,Pokemon Ascended Heroes,Charmander [Friend Ball] #20,ascended heroes | charmander | 20 | friend ball | ungraded,1,0
Ascended Heroes,Charmeleon,021/217,Normal,Uncommon,Pokemon Ascended Heroes,Charmeleon #21,ascended heroes | charmeleon | 21 |  | ungraded,1,0
Ascended Heroes,Ethan's Slugma,023/217,Normal,Common,Pokemon Ascended Heroes,Ethan's Slugma #23,ascended heroes | ethan s slugma | 23 |  | ungraded,1,0
Ascended Heroes,Ethan's Magcargo,024/217,Normal Holo,Rare,Pokemon Ascended Heroes,Ethan's Magcargo [Holo] #24,ascended heroes | ethan s magcargo | 24 | holo | ungraded,1,0
Ascended Heroes,Entei,025/217,Normal Holo,Rare,Pokemon Ascended Heroes,Entei [Holo] #25,ascended heroes | entei | 25 | holo | ungraded,1,0
Ascended Heroes,Ethan's Ho-Oh ex,026/217,Normal Holo,Double Rare,Pokemon Ascended Heroes,Ethan's Ho-Oh ex [Holo] #26,ascended heroes | ethan s ho oh ex | 26 | holo | ungraded,1,0
Ascended Heroes,Numel,027/217,Normal,Common,Pokemon Ascended Heroes,Numel #27,ascended heroes | numel | 27 |  | ungraded,1,0
Ascended Heroes,Tepig,029/217,Normal,Common,Pokemon Ascended Heroes,Tepig #29,ascended heroes | tepig | 29 |  | ungraded,1,0
Ascended Heroes,Tepig,029/217,Energy Reverse Holo,Common,Pokemon Ascended Heroes,Tepig [Reverse Holo] #29,ascended heroes | tepig | 29 | reverse holo | ungraded,1,0
Ascended Heroes,Pignite,030/217,Normal,Uncommon,Pokemon Ascended Heroes,Pignite #30,ascended heroes | pignite | 30 |  | ungraded,1,0
Ascended Heroes,N's Darumaka,032/217,Normal,Common,Pokemon Ascended Heroes,N's Darumaka #32,ascended heroes | n s darumaka | 32 |  | ungraded,1,0
Ascended Heroes,N's Darmanitan,033/217,Normal,Uncommon,Pokemon Ascended Heroes,N's Darmanitan #33,ascended heroes | n s darmanitan | 33 |  | ungraded,1,0
Ascended Heroes,Salandit,034/217,Normal,Common,Pokemon Ascended Heroes,Salandit #34,ascended heroes | salandit | 34 |  | ungraded,1,0
Ascended Heroes,Scorbunny,036/217,Normal,Common,Pokemon Ascended Heroes,Scorbunny #36,ascended heroes | scorbunny | 36 |  | ungraded,1,0
Ascended Heroes,Raboot,037/217,Normal,Common,Pokemon Ascended Heroes,Raboot #37,ascended heroes | raboot | 37 |  | ungraded,1,0
Ascended Heroes,Psyduck,039/217,Normal,Common,Pokemon Ascended Heroes,Psyduck #39,ascended heroes | psyduck | 39 |  | ungraded,1,0
Ascended Heroes,Golduck,040/217,Normal,Uncommon,Pokemon Ascended Heroes,Golduck #40,ascended heroes | golduck | 40 |  | ungraded,1,0
Ascended Heroes,Totodile,041/217,Normal,Common,Pokemon Ascended Heroes,Totodile #41,ascended heroes | totodile | 41 |  | ungraded,1,0
Ascended Heroes,Sneasel,044/217,Normal,Common,Pokemon Ascended Heroes,Sneasel #44,ascended heroes | sneasel | 44 |  | ungraded,1,0
Ascended Heroes,Weavile,045/217,Normal,Uncommon,Pokemon Ascended Heroes,Weavile #45,ascended heroes | weavile | 45 |  | ungraded,1,0
Ascended Heroes,Snorunt,046/217,Normal,Common,Pokemon Ascended Heroes,Snorunt #46,ascended heroes | snorunt | 46 |  | ungraded,1,0
Ascended Heroes,N's Vanillite,049/217,Normal,Common,Pokemon Ascended Heroes,N's Vanillite #49,ascended heroes | n s vanillite | 49 |  | ungraded,1,0
Ascended Heroes,N's Vanillish,050/217,Normal,Common,Pokemon Ascended Heroes,N's Vanillish #50,ascended heroes | n s vanillish | 50 |  | ungraded,1,0
Ascended Heroes,N's Vanillish,050/217,Poké Ball Reverse Holo,Common,Pokemon Ascended Heroes,N's Vanillish [Poke Ball] #50,ascended heroes | n s vanillish | 50 | poke ball | ungraded,1,0
Ascended Heroes,N's Vanilluxe,051/217,Normal,Uncommon,Pokemon Ascended Heroes,N's Vanilluxe #51,ascended heroes | n s vanilluxe | 51 |  | ungraded,1,0
Ascended Heroes,Snom,052/217,Normal,Common,Pokemon Ascended Heroes,Snom #52,ascended heroes | snom | 52 |  | ungraded,1,0
Ascended Heroes,Frosmoth,053/217,Normal,Uncommon,Pokemon Ascended Heroes,Frosmoth #53,ascended heroes | frosmoth | 53 |  | ungraded,1,0
Ascended Heroes,Frosmoth,053/217,Energy Reverse Holo,Uncommon,Pokemon Ascended Heroes,Frosmoth [Reverse Holo] #53,ascended heroes | frosmoth | 53 | reverse holo | ungraded,1,0
Ascended Heroes,Glastrier,054/217,Normal,Uncommon,Pokemon Ascended Heroes,Glastrier #54,ascended heroes | glastrier | 54 |  | ungraded,1,0
Ascended Heroes,Pikachu,055/217,Normal,Common,Pokemon Ascended Heroes,Pikachu #55,ascended heroes | pikachu | 55 |  | ungraded,1,0
Ascended Heroes,Voltorb ex,058/217,Normal Holo,Double Rare,Pokemon Ascended Heroes,Voltorb ex [Holo] #58,ascended heroes | voltorb ex | 58 | holo | ungraded,1,0
Ascended Heroes,Tynamo,059/217,Normal,Common,Pokemon Ascended Heroes,Tynamo #59,ascended heroes | tynamo | 59 |  | ungraded,1,0
Ascended Heroes,Eelektrik,060/217,Normal,Uncommon,Pokemon Ascended Heroes,Eelektrik #60,ascended heroes | eelektrik | 60 |  | ungraded,1,0
Ascended Heroes,Charjabug,065/217,Normal,Common,Pokemon Ascended Heroes,Charjabug #65,ascended heroes | charjabug | 65 |  | ungraded,1,0
Ascended Heroes,Vikavolt,066/217,Normal,Uncommon,Pokemon Ascended Heroes,Vikavolt #66,ascended heroes | vikavolt | 66 |  | ungraded,1,0
Ascended Heroes,Tapu Koko,067/217,Normal Holo,Rare,Pokemon Ascended Heroes,Tapu Koko [Holo] #67,ascended heroes | tapu koko | 67 | holo | ungraded,1,0
Ascended Heroes,Iono's Tadbulb,069/217,Normal,Common,Pokemon Ascended Heroes,Iono's Tadbulb #69,ascended heroes | iono s tadbulb | 69 |  | ungraded,1,0
Ascended Heroes,Iono's Kilowattrel,072/217,Normal Holo,Rare,Pokemon Ascended Heroes,Iono's Kilowattrel [Holo] #72,ascended heroes | iono s kilowattrel | 72 | holo | ungraded,1,0
Ascended Heroes,Clefairy,074/217,Normal,Common,Pokemon Ascended Heroes,Clefairy #74,ascended heroes | clefairy | 74 |  | ungraded,1,0
Ascended Heroes,Clefable,075/217,Normal,Uncommon,Pokemon Ascended Heroes,Clefable #75,ascended heroes | clefable | 75 |  | ungraded,1,0
Ascended Heroes,Lillie's Clefairy ex,076/217,Normal Holo,Double Rare,Pokemon Ascended Heroes,Lillie's Clefairy ex [Holo] #76,ascended heroes | lillie s clefairy ex | 76 | holo | ungraded,1,0
Ascended Heroes,Team Rocket's Exeggcute,077/217,Normal,Common,Pokemon Ascended Heroes,Team Rocket's Exeggcute #77,ascended heroes | team rocket s exeggcute | 77 |  | ungraded,1,0
Ascended Heroes,Team Rocket's Exeggutor,078/217,Normal Holo,Rare,Pokemon Ascended Heroes,Team Rocket's Exeggutor [Holo] #78,ascended heroes | team rocket s exeggutor | 78 | holo | ungraded,1,0
Ascended Heroes,Togepi,080/217,Love Ball Reverse Holo,Common,Pokemon Ascended Heroes,Togepi [Love Ball] #80,ascended heroes | togepi | 80 | love ball | ungraded,1,0
Ascended Heroes,Togetic,081/217,Normal,Common,Pokemon Ascended Heroes,Togetic #81,ascended heroes | togetic | 81 |  | ungraded,1,0
Ascended Heroes,Marill,083/217,Normal,Common,Pokemon Ascended Heroes,Marill #83,ascended heroes | marill | 83 |  | ungraded,1,0
Ascended Heroes,Misdreavus,085/217,Normal,Common,Pokemon Ascended Heroes,Misdreavus #85,ascended heroes | misdreavus | 85 |  | ungraded,1,0
Ascended Heroes,Mismagius,086/217,Normal Holo,Rare,Pokemon Ascended Heroes,Mismagius [Holo] #86,ascended heroes | mismagius | 86 | holo | ungraded,1,0
Ascended Heroes,Mismagius,086/217,Energy Reverse Holo,Rare,Pokemon Ascended Heroes,Mismagius [Reverse Holo] #86,ascended heroes | mismagius | 86 | reverse holo | ungraded,1,0
Ascended Heroes,Ralts,087/217,Normal,Common,Pokemon Ascended Heroes,Ralts #87,ascended heroes | ralts | 87 |  | ungraded,1,0
Ascended Heroes,Kirlia,088/217,Normal,Common,Pokemon Ascended Heroes,Kirlia #88,ascended heroes | kirlia | 88 |  | ungraded,1,0
Ascended Heroes,Shuppet,090/217,Normal,Common,Pokemon Ascended Heroes,Shuppet #90,ascended heroes | shuppet | 90 |  | ungraded,1,0
Ascended Heroes,Banette,091/217,Normal,Uncommon,Pokemon Ascended Heroes,Banette #91,ascended heroes | banette | 91 |  | ungraded,1,0
Ascended Heroes,Rotom,092/217,Normal,Common,Pokemon Ascended Heroes,Rotom #92,ascended heroes | rotom | 92 |  | ungraded,1,0
Ascended Heroes,Swirlix,093/217,Normal,Common,Pokemon Ascended Heroes,Swirlix #93,ascended heroes | swirlix | 93 |  | ungraded,1,0
Ascended Heroes,Slurpuff,094/217,Normal,Uncommon,Pokemon Ascended Heroes,Slurpuff #94,ascended heroes | slurpuff | 94 |  | ungraded,1,0
Ascended Heroes,Slurpuff,094/217,Energy Reverse Holo,Uncommon,Pokemon Ascended Heroes,Slurpuff [Reverse Holo] #94,ascended heroes | slurpuff | 94 | reverse holo | ungraded,1,0
Ascended Heroes,Team Rocket's Mimikyu,097/217,Normal,Uncommon,Pokemon Ascended Heroes,Team Rocket's Mimikyu #97,ascended heroes | team rocket s mimikyu | 97 |  | ungraded,1,0
Ascended Heroes,Team Rocket's Diglett,100/217,Normal,Common,Pokemon Ascended Heroes,Team Rocket's Diglett #100,ascended heroes | team rocket s diglett | 100 |  | ungraded,1,0
Ascended Heroes,Team Rocket's Dugtrio,101/217,Normal,Uncommon,Pokemon Ascended Heroes,Team Rocket's Dugtrio #101,ascended heroes | team rocket s dugtrio | 101 |  | ungraded,1,0
Ascended Heroes,Hitmontop,102/217,Normal,Common,Pokemon Ascended Heroes,Hitmontop #102,ascended heroes | hitmontop | 102 |  | ungraded,1,0
Ascended Heroes,Meditite,103/217,Normal,Common,Pokemon Ascended Heroes,Meditite #103,ascended heroes | meditite | 103 |  | ungraded,1,0
Ascended Heroes,Solrock,106/217,Normal,Uncommon,Pokemon Ascended Heroes,Solrock #106,ascended heroes | solrock | 106 |  | ungraded,1,0
Ascended Heroes,Groudon,108/217,Normal Holo,Rare,Pokemon Ascended Heroes,Groudon [Holo] #108,ascended heroes | groudon | 108 | holo | ungraded,1,0
Ascended Heroes,Cynthia's Gible,109/217,Normal,Common,Pokemon Ascended Heroes,Cynthia's Gible #109,ascended heroes | cynthia s gible | 109 |  | ungraded,1,0
Ascended Heroes,Riolu,112/217,Normal,Common,Pokemon Ascended Heroes,Riolu #112,ascended heroes | riolu | 112 |  | ungraded,1,0
Ascended Heroes,Pancham,115/217,Normal,Common,Pokemon Ascended Heroes,Pancham #115,ascended heroes | pancham | 115 |  | ungraded,1,0
Ascended Heroes,Rolycoly,118/217,Normal,Common,Pokemon Ascended Heroes,Rolycoly #118,ascended heroes | rolycoly | 118 |  | ungraded,1,0
Ascended Heroes,Carkol,119/217,Normal,Common,Pokemon Ascended Heroes,Carkol #119,ascended heroes | carkol | 119 |  | ungraded,1,0
Ascended Heroes,Carkol,119/217,Dusk Ball Reverse Holo,Common,Pokemon Ascended Heroes,Carkol [Dusk Ball] #119,ascended heroes | carkol | 119 | dusk ball | ungraded,1,0
Ascended Heroes,Coalossal,120/217,Normal Holo,Rare,Pokemon Ascended Heroes,Coalossal [Holo] #120,ascended heroes | coalossal | 120 | holo | ungraded,1,0
Ascended Heroes,Gastly,123/217,Normal,Common,Pokemon Ascended Heroes,Gastly #123,ascended heroes | gastly | 123 |  | ungraded,1,0
Ascended Heroes,Haunter,124/217,Normal,Uncommon,Pokemon Ascended Heroes,Haunter #124,ascended heroes | haunter | 124 |  | ungraded,1,0
Ascended Heroes,Team Rocket's Murkrow,126/217,Normal,Common,Pokemon Ascended Heroes,Team Rocket's Murkrow #126,ascended heroes | team rocket s murkrow | 126 |  | ungraded,1,0
Ascended Heroes,Poochyena,128/217,Normal,Common,Pokemon Ascended Heroes,Poochyena #128,ascended heroes | poochyena | 128 |  | ungraded,1,0
Ascended Heroes,Mightyena,129/217,Normal,Uncommon,Pokemon Ascended Heroes,Mightyena #129,ascended heroes | mightyena | 129 |  | ungraded,1,0
Ascended Heroes,Galarian Zigzagoon,130/217,Normal,Common,Pokemon Ascended Heroes,Galarian Zigzagoon #130,ascended heroes | galarian zigzagoon | 130 |  | ungraded,1,0
Ascended Heroes,Galarian Linoone,131/217,Normal,Common,Pokemon Ascended Heroes,Galarian Linoone #131,ascended heroes | galarian linoone | 131 |  | ungraded,1,0
Ascended Heroes,Scraggy,134/217,Normal,Common,Pokemon Ascended Heroes,Scraggy #134,ascended heroes | scraggy | 134 |  | ungraded,1,0
Ascended Heroes,Pangoro,140/217,Normal,Uncommon,Pokemon Ascended Heroes,Pangoro #140,ascended heroes | pangoro | 140 |  | ungraded,1,0
Ascended Heroes,Pecharunt,143/217,Normal Holo,Rare,Pokemon Ascended Heroes,Pecharunt [Holo] #143,ascended heroes | pecharunt | 143 | holo | ungraded,1,0
Ascended Heroes,Pecharunt,143/217,Poké Ball Reverse Holo,Rare,Pokemon Ascended Heroes,Pecharunt [Poke Ball] #143,ascended heroes | pecharunt | 143 | poke ball | ungraded,1,0
Ascended Heroes,Mawile,144/217,Normal,Uncommon,Pokemon Ascended Heroes,Mawile #144,ascended heroes | mawile | 144 |  | ungraded,1,0
Ascended Heroes,Pawniard,146/217,Normal,Common,Pokemon Ascended Heroes,Pawniard #146,ascended heroes | pawniard | 146 |  | ungraded,1,0
Ascended Heroes,Bisharp,147/217,Normal,Common,Pokemon Ascended Heroes,Bisharp #147,ascended heroes | bisharp | 147 |  | ungraded,1,0
Ascended Heroes,Kingambit,148/217,Normal Holo,Rare,Pokemon Ascended Heroes,Kingambit [Holo] #148,ascended heroes | kingambit | 148 | holo | ungraded,1,0
Ascended Heroes,Dratini,150/217,Normal,Common,Pokemon Ascended Heroes,Dratini #150,ascended heroes | dratini | 150 |  | ungraded,1,0
Ascended Heroes,Dragonair,151/217,Normal,Uncommon,Pokemon Ascended Heroes,Dragonair #151,ascended heroes | dragonair | 151 |  | ungraded,1,0
Ascended Heroes,Mega Dragonite ex,152/217,Normal Holo,Double Rare,Pokemon Ascended Heroes,Mega Dragonite ex [Holo] #152,ascended heroes | mega dragonite ex | 152 | holo | ungraded,1,0
Ascended Heroes,Noivern,157/217,Normal,Uncommon,Pokemon Ascended Heroes,Noivern #157,ascended heroes | noivern | 157 |  | ungraded,1,0
Ascended Heroes,Dreepy,158/217,Normal,Common,Pokemon Ascended Heroes,Dreepy #158,ascended heroes | dreepy | 158 |  | ungraded,1,0
Ascended Heroes,Drakloak,159/217,Normal,Common,Pokemon Ascended Heroes,Drakloak #159,ascended heroes | drakloak | 159 |  | ungraded,1,0
Ascended Heroes,Team Rocket's Meowth,161/217,Normal,Common,Pokemon Ascended Heroes,Team Rocket's Meowth #161,ascended heroes | team rocket s meowth | 161 |  | ungraded,1,0
Ascended Heroes,Larry's Dunsparce,163/217,Normal,Common,Pokemon Ascended Heroes,Larry's Dunsparce #163,ascended heroes | larry s dunsparce | 163 |  | ungraded,1,0
Ascended Heroes,Skitty,165/217,Normal,Common,Pokemon Ascended Heroes,Skitty #165,ascended heroes | skitty | 165 |  | ungraded,1,0
Ascended Heroes,Delcatty,166/217,Normal,Uncommon,Pokemon Ascended Heroes,Delcatty #166,ascended heroes | delcatty | 166 |  | ungraded,1,0
Ascended Heroes,Larry's Starly,168/217,Normal,Common,Pokemon Ascended Heroes,Larry's Starly #168,ascended heroes | larry s starly | 168 |  | ungraded,1,0
Ascended Heroes,Larry's Staravia,169/217,Normal,Uncommon,Pokemon Ascended Heroes,Larry's Staravia #169,ascended heroes | larry s staravia | 169 |  | ungraded,1,0
Ascended Heroes,Mega Audino ex,172/217,Normal Holo,Double Rare,Pokemon Ascended Heroes,Mega Audino ex [Holo] #172,ascended heroes | mega audino ex | 172 | holo | ungraded,1,0
Ascended Heroes,Larry's Rufflet,173/217,Normal,Common,Pokemon Ascended Heroes,Larry's Rufflet #173,ascended heroes | larry s rufflet | 173 |  | ungraded,1,0
Ascended Heroes,Larry's Rufflet,173/217,Energy Reverse Holo,Common,Pokemon Ascended Heroes,Larry's Rufflet [Reverse Holo] #173,ascended heroes | larry s rufflet | 173 | reverse holo | ungraded,1,0
Ascended Heroes,Larry's Braviary,174/217,Normal,Uncommon,Pokemon Ascended Heroes,Larry's Braviary #174,ascended heroes | larry s braviary | 174 |  | ungraded,1,0
Ascended Heroes,Larry's Komala,175/217,Normal,Common,Pokemon Ascended Heroes,Larry's Komala #175,ascended heroes | larry s komala | 175 |  | ungraded,1,0
Ascended Heroes,Drampa,176/217,Normal,Uncommon,Pokemon Ascended Heroes,Drampa #176,ascended heroes | drampa | 176 |  | ungraded,1,0
Ascended Heroes,Hop's Cramorant,177/217,Normal,Uncommon,Pokemon Ascended Heroes,Hop's Cramorant #177,ascended heroes | hop s cramorant | 177 |  | ungraded,1,0
Ascended Heroes,Air Balloon,181/217,Normal,Uncommon,Pokemon Ascended Heroes,Air Balloon #181,ascended heroes | air balloon | 181 |  | ungraded,1,0
Ascended Heroes,Anthea & Concordia,182/217,Normal,Uncommon,Pokemon Ascended Heroes,Anthea & Concordia #182,ascended heroes | anthea concordia | 182 |  | ungraded,1,0
Ascended Heroes,Boss's Orders,183/217,Normal,Uncommon,Pokemon Ascended Heroes,Boss's Orders #183,ascended heroes | boss s orders | 183 |  | ungraded,1,0
Ascended Heroes,Buddy-Buddy Poffin,184/217,Normal,Common,Pokemon Ascended Heroes,Buddy-Buddy Poffin #184,ascended heroes | buddy buddy poffin | 184 |  | ungraded,1,0
Ascended Heroes,Canari,185/217,Normal,Uncommon,Pokemon Ascended Heroes,Canari #185,ascended heroes | canari | 185 |  | ungraded,1,0
Ascended Heroes,Counter Gain,186/217,Normal,Common,Pokemon Ascended Heroes,Counter Gain #186,ascended heroes | counter gain | 186 |  | ungraded,1,0
Ascended Heroes,Fighting Gong,187/217,Normal,Uncommon,Pokemon Ascended Heroes,Fighting Gong #187,ascended heroes | fighting gong | 187 |  | ungraded,1,0
Ascended Heroes,Forest of Vitality,188/217,Normal,Uncommon,Pokemon Ascended Heroes,Forest of Vitality #188,ascended heroes | forest of vitality | 188 |  | ungraded,1,0
Ascended Heroes,Glass Trumpet,189/217,Normal,Common,Pokemon Ascended Heroes,Glass Trumpet #189,ascended heroes | glass trumpet | 189 |  | ungraded,1,0
Ascended Heroes,Iris's Fighting Spirit,190/217,Normal,Uncommon,Pokemon Ascended Heroes,Iris's Fighting Spirit #190,ascended heroes | iris s fighting spirit | 190 |  | ungraded,1,0
Ascended Heroes,Light Ball,191/217,Reverse Holo,Uncommon,Pokemon Ascended Heroes,Light Ball [Reverse Holo] #191,ascended heroes | light ball | 191 | reverse holo | ungraded,1,0
Ascended Heroes,Lillie's Determination,192/217,Normal,Uncommon,Pokemon Ascended Heroes,Lillie's Determination #192,ascended heroes | lillie s determination | 192 |  | ungraded,1,0
Ascended Heroes,Mega Signal,193/217,Normal,Common,Pokemon Ascended Heroes,Mega Signal #193,ascended heroes | mega signal | 193 |  | ungraded,1,0
Ascended Heroes,Night Stretcher,196/217,Normal,Common,Pokemon Ascended Heroes,Night Stretcher #196,ascended heroes | night stretcher | 196 |  | ungraded,1,0
Ascended Heroes,Nighttime Mine,197/217,Normal,Uncommon,Pokemon Ascended Heroes,Nighttime Mine #197,ascended heroes | nighttime mine | 197 |  | ungraded,1,0
Ascended Heroes,Poké Pad,198/217,Normal,Common,Pokemon Ascended Heroes,Poké Pad #198,ascended heroes | poke pad | 198 |  | ungraded,1,0
Ascended Heroes,Premium Power Pro,199/217,Normal,Uncommon,Pokemon Ascended Heroes,Premium Power Pro #199,ascended heroes | premium power pro | 199 |  | ungraded,1,0
Ascended Heroes,Premium Power Pro,199/217,Reverse Holo,Uncommon,Pokemon Ascended Heroes,Premium Power Pro [Reverse Holo] #199,ascended heroes | premium power pro | 199 | reverse holo | ungraded,1,0
Ascended Heroes,Surfer,200/217,Normal,Common,Pokemon Ascended Heroes,Surfer #200,ascended heroes | surfer | 200 |  | ungraded,1,0
Ascended Heroes,Team Rocket's Archer,201/217,Normal,Uncommon,Pokemon Ascended Heroes,Team Rocket's Archer #201,ascended heroes | team rocket s archer | 201 |  | ungraded,1,0
Ascended Heroes,Team Rocket's Factory,203/217,Normal,Uncommon,Pokemon Ascended Heroes,Team Rocket's Factory #203,ascended heroes | team rocket s factory | 203 |  | ungraded,1,0
Ascended Heroes,Team Rocket's Great Ball,205/217,Normal,Uncommon,Pokemon Ascended Heroes,Team Rocket's Great Ball #205,ascended heroes | team rocket s great ball | 205 |  | ungraded,1,0
Ascended Heroes,Team Rocket's Hypnotizer,206/217,Normal,Uncommon,Pokemon Ascended Heroes,Team Rocket's Hypnotizer #206,ascended heroes | team rocket s hypnotizer | 206 |  | ungraded,1,0
Ascended Heroes,Team Rocket's Petrel,207/217,Normal,Uncommon,Pokemon Ascended Heroes,Team Rocket's Petrel #207,ascended heroes | team rocket s petrel | 207 |  | ungraded,1,0
Ascended Heroes,Team Rocket's Petrel,207/217,Reverse Holo,Uncommon,Pokemon Ascended Heroes,Team Rocket's Petrel [Reverse Holo] #207,ascended heroes | team rocket s petrel | 207 | reverse holo | ungraded,1,0
Ascended Heroes,Team Rocket's Proton,208/217,Normal,Uncommon,Pokemon Ascended Heroes,Team Rocket's Proton #208,ascended heroes | team rocket s proton | 208 |  | ungraded,1,0
Ascended Heroes,Team Rocket's Watchtower,210/217,Normal,Uncommon,Pokemon Ascended Heroes,Team Rocket's Watchtower #210,ascended heroes | team rocket s watchtower | 210 |  | ungraded,1,0
Ascended Heroes,Thick Scale,211/217,Normal,Uncommon,Pokemon Ascended Heroes,Thick Scale #211,ascended heroes | thick scale | 211 |  | ungraded,1,0
Ascended Heroes,Ultra Ball,213/217,Normal,Common,Pokemon Ascended Heroes,Ultra Ball #213,ascended heroes | ultra ball | 213 |  | ungraded,1,0
Ascended Heroes,Urbain,214/217,Normal,Uncommon,Pokemon Ascended Heroes,Urbain #214,ascended heroes | urbain | 214 |  | ungraded,1,0
Ascended Heroes,Waitress,215/217,Normal,Common,Pokemon Ascended Heroes,Waitress #215,ascended heroes | waitress | 215 |  | ungraded,1,0
Ascended Heroes,Prism Energy,216/217,Normal,Uncommon,Pokemon Ascended Heroes,Prism Energy #216,ascended heroes | prism energy | 216 |  | ungraded,1,0
Ascended Heroes,Team Rocket's Energy,217/217,Normal,Uncommon,Pokemon Ascended Heroes,Team Rocket's Energy #217,ascended heroes | team rocket s energy | 217 |  | ungraded,1,0
Ascended Heroes,Salazzle,224/217,Normal Holo,Illustration Rare,Pokemon Ascended Heroes,Salazzle [Holo] #224,ascended heroes | salazzle | 224 | holo | ungraded,1,0
Ascended Heroes,Hop's Trevenant,237/217,Normal Holo,Illustration Rare,Pokemon Ascended Heroes,Hop's Trevenant [Holo] #237,ascended heroes | hop s trevenant | 237 | holo | ungraded,1,0
Ascended Heroes,Mightyena,243/217,Normal Holo,Illustration Rare,Pokemon Ascended Heroes,Mightyena [Holo] #243,ascended heroes | mightyena | 243 | holo | ungraded,1,0
Ascended Heroes,Mega Hawlucha ex,268/217,Normal Holo,Mega Attack Rare,Pokemon Ascended Heroes,Mega Hawlucha ex [Holo] #268,ascended heroes | mega hawlucha ex | 268 | holo | ungraded,1,0
Prismatic Evolutions,Exeggcute,001/131,Normal,Common,Pokemon Prismatic Evolutions,Exeggcute #1,prismatic evolutions | exeggcute | 1 |  | ungraded,1,1
Prismatic Evolutions,Exeggcute,001/131,Reverse Holo,Common,Pokemon Prismatic Evolutions,Exeggcute [Reverse] #1,prismatic evolutions | exeggcute | 1 | reverse | ungraded,1,1
Prismatic Evolutions,Exeggutor,002/131,Normal,Uncommon,Pokemon Prismatic Evolutions,Exeggutor #2,prismatic evolutions | exeggutor | 2 |  | ungraded,1,1
Prismatic Evolutions,Exeggutor,002/131,Reverse Holo,Uncommon,Pokemon Prismatic Evolutions,Exeggutor [Reverse] #2,prismatic evolutions | exeggutor | 2 | reverse | ungraded,1,1
Prismatic Evolutions,Pinsir,003/131,Normal,Common,Pokemon Prismatic Evolutions,Pinsir #3,prismatic evolutions | pinsir | 3 |  | ungraded,1,1
Prismatic Evolutions,Budew,004/131,Normal,Common,Pokemon Prismatic Evolutions,Budew #4,prismatic evolutions | budew | 4 |  | ungraded,1,1
Prismatic Evolutions,Budew,004/131,Reverse Holo,Common,Pokemon Prismatic Evolutions,Budew [Reverse] #4,prismatic evolutions | budew | 4 | reverse | ungraded,4,1
Prismatic Evolutions,Leafeon,005/131,Normal Holo,Rare,Pokemon Prismatic Evolutions,Leafeon [Holo] #5,prismatic evolutions | leafeon | 5 | holo | ungraded,2,0
Prismatic Evolutions,Leafeon,005/131,Reverse Holo,Rare,Pokemon Prismatic Evolutions,Leafeon [Reverse] #5,prismatic evolutions | leafeon | 5 | reverse | ungraded,1,1
Prismatic Evolutions,Cottonee,007/131,Normal,Common,Pokemon Prismatic Evolutions,Cottonee #7,prismatic evolutions | cottonee | 7 |  | ungraded,1,1
Prismatic Evolutions,Cottonee,007/131,Reverse Holo,Common,Pokemon Prismatic Evolutions,Cottonee [Reverse] #7,prismatic evolutions | cottonee | 7 | reverse | ungraded,2,1
Prismatic Evolutions,Whimsicott,008/131,Normal Holo,Rare,Pokemon Prismatic Evolutions,Whimsicott [Holo] #8,prismatic evolutions | whimsicott | 8 | holo | ungraded,3,0
Prismatic Evolutions,Whimsicott,008/131,Reverse Holo,Rare,Pokemon Prismatic Evolutions,Whimsicott [Reverse] #8,prismatic evolutions | whimsicott | 8 | reverse | ungraded,1,1
Prismatic Evolutions,Applin,009/131,Normal,Common,Pokemon Prismatic Evolutions,Applin #9,prismatic evolutions | applin | 9 |  | ungraded,1,1
Prismatic Evolutions,Dipplin,010/131,Normal,Uncommon,Pokemon Prismatic Evolutions,Dipplin #10,prismatic evolutions | dipplin | 10 |  | ungraded,1,1
Prismatic Evolutions,Dipplin,010/131,Reverse Holo,Uncommon,Pokemon Prismatic Evolutions,Dipplin [Reverse] #10,prismatic evolutions | dipplin | 10 | reverse | ungraded,2,1
Prismatic Evolutions,Litleo,015/131,Normal,Common,Pokemon Prismatic Evolutions,Litleo #15,prismatic evolutions | litleo | 15 |  | ungraded,1,1
Prismatic Evolutions,Litleo,015/131,Reverse Holo,Common,Pokemon Prismatic Evolutions,Litleo [Reverse] #15,prismatic evolutions | litleo | 15 | reverse | ungraded,4,1
Prismatic Evolutions,Pyroar,016/131,Normal,Uncommon,Pokemon Prismatic Evolutions,Pyroar #16,prismatic evolutions | pyroar | 16 |  | ungraded,1,1
Prismatic Evolutions,Pyroar,016/131,Reverse Holo,Uncommon,Pokemon Prismatic Evolutions,Pyroar [Reverse] #16,prismatic evolutions | pyroar | 16 | reverse | ungraded,1,1
Prismatic Evolutions,Slowpoke,018/131,Normal,Common,Pokemon Prismatic Evolutions,Slowpoke #18,prismatic evolutions | slowpoke | 18 |  | ungraded,1,1
Prismatic Evolutions,Slowpoke,018/131,Reverse Holo,Common,Pokemon Prismatic Evolutions,Slowpoke [Reverse] #18,prismatic evolutions | slowpoke | 18 | reverse | ungraded,3,1
Prismatic Evolutions,Slowking,019/131,Normal,Uncommon,Pokemon Prismatic Evolutions,Slowking #19,prismatic evolutions | slowking | 19 |  | ungraded,1,1
Prismatic Evolutions,Slowking,019/131,Reverse Holo,Uncommon,Pokemon Prismatic Evolutions,Slowking [Reverse] #19,prismatic evolutions | slowking | 19 | reverse | ungraded,2,1
Prismatic Evolutions,Goldeen,020/131,Normal,Common,Pokemon Prismatic Evolutions,Goldeen #20,prismatic evolutions | goldeen | 20 |  | ungraded,1,1
Prismatic Evolutions,Goldeen,020/131,Reverse Holo,Common,Pokemon Prismatic Evolutions,Goldeen [Reverse] #20,prismatic evolutions | goldeen | 20 | reverse | ungraded,2,1
Prismatic Evolutions,Seaking,021/131,Normal,Uncommon,Pokemon Prismatic Evolutions,Seaking #21,prismatic evolutions | seaking | 21 |  | ungraded,1,1
Prismatic Evolutions,Seaking,021/131,Reverse Holo,Uncommon,Pokemon Prismatic Evolutions,Seaking [Reverse] #21,prismatic evolutions | seaking | 21 | reverse | ungraded,1,1
Prismatic Evolutions,Vaporeon,022/131,Normal Holo,Rare,Pokemon Prismatic Evolutions,Vaporeon [Holo] #22,prismatic evolutions | vaporeon | 22 | holo | ungraded,2,0
Prismatic Evolutions,Vaporeon,022/131,Reverse Holo,Rare,Pokemon Prismatic Evolutions,Vaporeon [Reverse] #22,prismatic evolutions | vaporeon | 22 | reverse | ungraded,2,1
Prismatic Evolutions,Suicune,024/131,Normal,Uncommon,Pokemon Prismatic Evolutions,Suicune #24,prismatic evolutions | suicune | 24 |  | ungraded,1,1
Prismatic Evolutions,Suicune,024/131,Reverse Holo,Uncommon,Pokemon Prismatic Evolutions,Suicune [Reverse] #24,prismatic evolutions | suicune | 24 | reverse | ungraded,1,1
Prismatic Evolutions,Glaceon,025/131,Normal Holo,Rare,Pokemon Prismatic Evolutions,Glaceon [Holo] #25,prismatic evolutions | glaceon | 25 | holo | ungraded,4,0
Prismatic Evolutions,Glaceon,025/131,Reverse Holo,Rare,Pokemon Prismatic Evolutions,Glaceon [Reverse] #25,prismatic evolutions | glaceon | 25 | reverse | ungraded,1,1
Prismatic Evolutions,Wellspring Mask Ogerpon ex,027/131,Normal Holo,Double Rare,Pokemon Prismatic Evolutions,Wellspring Mask Ogerpon ex [Holo] #27,prismatic evolutions | wellspring mask ogerpon ex | 27 | holo | ungraded,1,0
Prismatic Evolutions,Jolteon,029/131,Normal Holo,Rare,Pokemon Prismatic Evolutions,Jolteon [Holo] #29,prismatic evolutions | jolteon | 29 | holo | ungraded,2,0
Prismatic Evolutions,Espeon,033/131,Reverse Holo,Rare,Pokemon Prismatic Evolutions,Espeon [Reverse] #33,prismatic evolutions | espeon | 33 | reverse | ungraded,1,1
Prismatic Evolutions,Duskull,035/131,Normal,Common,Pokemon Prismatic Evolutions,Duskull #35,prismatic evolutions | duskull | 35 |  | ungraded,1,1
Prismatic Evolutions,Duskull,035/131,Reverse Holo,Common,Pokemon Prismatic Evolutions,Duskull [Reverse] #35,prismatic evolutions | duskull | 35 | reverse | ungraded,1,1
Prismatic Evolutions,Dusclops,036/131,Normal,Common,Pokemon Prismatic Evolutions,Dusclops #36,prismatic evolutions | dusclops | 36 |  | ungraded,1,1
Prismatic Evolutions,Dusclops,036/131,Reverse Holo,Common,Pokemon Prismatic Evolutions,Dusclops [Reverse] #36,prismatic evolutions | dusclops | 36 | reverse | ungraded,1,1
Prismatic Evolutions,Dusknoir,037/131,Reverse Holo,Rare,Pokemon Prismatic Evolutions,Dusknoir [Reverse] #37,prismatic evolutions | dusknoir | 37 | reverse | ungraded,1,1
Prismatic Evolutions,Spritzee,038/131,Normal,Common,Pokemon Prismatic Evolutions,Spritzee #38,prismatic evolutions | spritzee | 38 |  | ungraded,1,1
Prismatic Evolutions,Spritzee,038/131,Reverse Holo,Common,Pokemon Prismatic Evolutions,Spritzee [Reverse] #38,prismatic evolutions | spritzee | 38 | reverse | ungraded,1,1
Prismatic Evolutions,Aromatisse,039/131,Normal,Common,Pokemon Prismatic Evolutions,Aromatisse #39,prismatic evolutions | aromatisse | 39 |  | ungraded,1,1
Prismatic Evolutions,Sylveon,040/131,Reverse Holo,Rare,Pokemon Prismatic Evolutions,Sylveon [Reverse] #40,prismatic evolutions | sylveon | 40 | reverse | ungraded,2,1
Prismatic Evolutions,Scream Tail,042/131,Normal,Uncommon,Pokemon Prismatic Evolutions,Scream Tail #42,prismatic evolutions | scream tail | 42 |  | ungraded,1,1
Prismatic Evolutions,Flutter Mane,043/131,Normal Holo,Rare,Pokemon Prismatic Evolutions,Flutter Mane [Holo] #43,prismatic evolutions | flutter mane | 43 | holo | ungraded,4,0
Prismatic Evolutions,Flutter Mane,043/131,Reverse Holo,Rare,Pokemon Prismatic Evolutions,Flutter Mane [Reverse] #43,prismatic evolutions | flutter mane | 43 | reverse | ungraded,1,1
Prismatic Evolutions,Munkidori,044/131,Normal Holo,Rare,Pokemon Prismatic Evolutions,Munkidori [Holo] #44,prismatic evolutions | munkidori | 44 | holo | ungraded,1,0
Prismatic Evolutions,Fezandipiti,045/131,Normal Holo,Rare,Pokemon Prismatic Evolutions,Fezandipiti [Holo] #45,prismatic evolutions | fezandipiti | 45 | holo | ungraded,2,0
Prismatic Evolutions,Fezandipiti,045/131,Reverse Holo,Rare,Pokemon Prismatic Evolutions,Fezandipiti [Reverse] #45,prismatic evolutions | fezandipiti | 45 | reverse | ungraded,1,1
Prismatic Evolutions,Iron Boulder,046/131,Normal Holo,Rare,Pokemon Prismatic Evolutions,Iron Boulder [Holo] #46,prismatic evolutions | iron boulder | 46 | holo | ungraded,4,0
Prismatic Evolutions,Iron Boulder,046/131,Reverse Holo,Rare,Pokemon Prismatic Evolutions,Iron Boulder [Reverse] #46,prismatic evolutions | iron boulder | 46 | reverse | ungraded,1,1
Prismatic Evolutions,Larvitar,047/131,Normal,Common,Pokemon Prismatic Evolutions,Larvitar #47,prismatic evolutions | larvitar | 47 |  | ungraded,1,1
Prismatic Evolutions,Larvitar,047/131,Reverse Holo,Common,Pokemon Prismatic Evolutions,Larvitar [Reverse] #47,prismatic evolutions | larvitar | 47 | reverse | ungraded,1,1
Prismatic Evolutions,Pupitar,048/131,Normal,Common,Pokemon Prismatic Evolutions,Pupitar #48,prismatic evolutions | pupitar | 48 |  | ungraded,1,1
Prismatic Evolutions,Groudon,049/131,Normal Holo,Rare,Pokemon Prismatic Evolutions,Groudon [Holo] #49,prismatic evolutions | groudon | 49 | holo | ungraded,3,0
Prismatic Evolutions,Groudon,049/131,Reverse Holo,Rare,Pokemon Prismatic Evolutions,Groudon [Reverse] #49,prismatic evolutions | groudon | 49 | reverse | ungraded,1,1
Prismatic Evolutions,Riolu,050/131,Normal,Common,Pokemon Prismatic Evolutions,Riolu #50,prismatic evolutions | riolu | 50 |  | ungraded,1,1
Prismatic Evolutions,Riolu,050/131,Reverse Holo,Common,Pokemon Prismatic Evolutions,Riolu [Reverse] #50,prismatic evolutions | riolu | 50 | reverse | ungraded,4,1
Prismatic Evolutions,Lucario ex,051/131,Normal Holo,Double Rare,Pokemon Prismatic Evolutions,Lucario ex [Holo] #51,prismatic evolutions | lucario ex | 51 | holo | ungraded,1,0
Prismatic Evolutions,Hippopotas,052/131,Normal,Common,Pokemon Prismatic Evolutions,Hippopotas #52,prismatic evolutions | hippopotas | 52 |  | ungraded,1,1
Prismatic Evolutions,Hippopotas,052/131,Reverse Holo,Common,Pokemon Prismatic Evolutions,Hippopotas [Reverse] #52,prismatic evolutions | hippopotas | 52 | reverse | ungraded,1,1
Prismatic Evolutions,Hippowdon,053/131,Normal,Common,Pokemon Prismatic Evolutions,Hippowdon #53,prismatic evolutions | hippowdon | 53 |  | ungraded,1,1
Prismatic Evolutions,Hippowdon,053/131,Reverse Holo,Common,Pokemon Prismatic Evolutions,Hippowdon [Reverse] #53,prismatic evolutions | hippowdon | 53 | reverse | ungraded,2,1
Prismatic Evolutions,Bloodmoon Ursaluna,054/131,Normal Holo,Rare,Pokemon Prismatic Evolutions,Bloodmoon Ursaluna [Holo] #54,prismatic evolutions | bloodmoon ursaluna | 54 | holo | ungraded,4,0
Prismatic Evolutions,Bloodmoon Ursaluna,054/131,Reverse Holo,Rare,Pokemon Prismatic Evolutions,Bloodmoon Ursaluna [Reverse] #54,prismatic evolutions | bloodmoon ursaluna | 54 | reverse | ungraded,2,1
Prismatic Evolutions,Great Tusk,055/131,Normal,Uncommon,Pokemon Prismatic Evolutions,Great Tusk #55,prismatic evolutions | great tusk | 55 |  | ungraded,1,1
Prismatic Evolutions,Okidogi,057/131,Normal Holo,Rare,Pokemon Prismatic Evolutions,Okidogi [Holo] #57,prismatic evolutions | okidogi | 57 | holo | ungraded,2,0
Prismatic Evolutions,Umbreon,059/131,Normal Holo,Rare,Pokemon Prismatic Evolutions,Umbreon [Holo] #59,prismatic evolutions | umbreon | 59 | holo | ungraded,3,0
Prismatic Evolutions,Sneasel,061/131,Normal,Common,Pokemon Prismatic Evolutions,Sneasel #61,prismatic evolutions | sneasel | 61 |  | ungraded,1,1
Prismatic Evolutions,Houndour,062/131,Normal,Common,Pokemon Prismatic Evolutions,Houndour #62,prismatic evolutions | houndour | 62 |  | ungraded,1,1
Prismatic Evolutions,Houndoom,063/131,Normal,Common,Pokemon Prismatic Evolutions,Houndoom #63,prismatic evolutions | houndoom | 63 |  | ungraded,1,1
Prismatic Evolutions,Roaring Moon,065/131,Normal Holo,Rare,Pokemon Prismatic Evolutions,Roaring Moon [Holo] #65,prismatic evolutions | roaring moon | 65 | holo | ungraded,2,0
Prismatic Evolutions,Bronzor,066/131,Normal,Common,Pokemon Prismatic Evolutions,Bronzor #66,prismatic evolutions | bronzor | 66 |  | ungraded,1,1
Prismatic Evolutions,Bronzor,066/131,Reverse Holo,Common,Pokemon Prismatic Evolutions,Bronzor [Reverse] #66,prismatic evolutions | bronzor | 66 | reverse | ungraded,3,1
Prismatic Evolutions,Bronzong,067/131,Normal,Uncommon,Pokemon Prismatic Evolutions,Bronzong #67,prismatic evolutions | bronzong | 67 |  | ungraded,1,1
Prismatic Evolutions,Heatran,068/131,Normal,Uncommon,Pokemon Prismatic Evolutions,Heatran #68,prismatic evolutions | heatran | 68 |  | ungraded,1,1
Prismatic Evolutions,Duraludon,069/131,Normal,Common,Pokemon Prismatic Evolutions,Duraludon #69,prismatic evolutions | duraludon | 69 |  | ungraded,1,1
Prismatic Evolutions,Duraludon,069/131,Reverse Holo,Common,Pokemon Prismatic Evolutions,Duraludon [Reverse] #69,prismatic evolutions | duraludon | 69 | reverse | ungraded,1,1
Prismatic Evolutions,Archaludon,070/131,Normal Holo,Rare,Pokemon Prismatic Evolutions,Archaludon [Holo] #70,prismatic evolutions | archaludon | 70 | holo | ungraded,2,0
Prismatic Evolutions,Archaludon,070/131,Reverse Holo,Rare,Pokemon Prismatic Evolutions,Archaludon [Reverse] #70,prismatic evolutions | archaludon | 70 | reverse | ungraded,3,1
Prismatic Evolutions,Dreepy,071/131,Normal,Common,Pokemon Prismatic Evolutions,Dreepy #71,prismatic evolutions | dreepy | 71 |  | ungraded,1,1
Prismatic Evolutions,Dreepy,071/131,Reverse Holo,Common,Pokemon Prismatic Evolutions,Dreepy [Reverse] #71,prismatic evolutions | dreepy | 71 | reverse | ungraded,1,1
Prismatic Evolutions,Drakloak,072/131,Normal,Common,Pokemon Prismatic Evolutions,Drakloak #72,prismatic evolutions | drakloak | 72 |  | ungraded,1,1
Prismatic Evolutions,Eevee,074/131,Normal,Common,Pokemon Prismatic Evolutions,Eevee #74,prismatic evolutions | eevee | 74 |  | ungraded,1,1
Prismatic Evolutions,Eevee,074/131,Reverse Holo,Common,Pokemon Prismatic Evolutions,Eevee [Reverse] #74,prismatic evolutions | eevee | 74 | reverse | ungraded,1,1
Prismatic Evolutions,Hoothoot,077/131,Normal,Common,Pokemon Prismatic Evolutions,Hoothoot #77,prismatic evolutions | hoothoot | 77 |  | ungraded,1,1
Prismatic Evolutions,Hoothoot,077/131,Reverse Holo,Common,Pokemon Prismatic Evolutions,Hoothoot [Reverse] #77,prismatic evolutions | hoothoot | 77 | reverse | ungraded,1,1
Prismatic Evolutions,Noctowl,078/131,Normal Holo,Rare,Pokemon Prismatic Evolutions,Noctowl [Holo] #78,prismatic evolutions | noctowl | 78 | holo | ungraded,3,0
Prismatic Evolutions,Noctowl,078/131,Reverse Holo,Rare,Pokemon Prismatic Evolutions,Noctowl [Reverse] #78,prismatic evolutions | noctowl | 78 | reverse | ungraded,2,1
Prismatic Evolutions,Dunsparce,079/131,Normal,Common,Pokemon Prismatic Evolutions,Dunsparce #79,prismatic evolutions | dunsparce | 79 |  | ungraded,1,1
Prismatic Evolutions,Dunsparce,079/131,Reverse Holo,Common,Pokemon Prismatic Evolutions,Dunsparce [Reverse] #79,prismatic evolutions | dunsparce | 79 | reverse | ungraded,2,1
Prismatic Evolutions,Dudunsparce,080/131,Reverse Holo,Rare,Pokemon Prismatic Evolutions,Dudunsparce [Reverse] #80,prismatic evolutions | dudunsparce | 80 | reverse | ungraded,1,1
Prismatic Evolutions,Miltank,081/131,Normal,Common,Pokemon Prismatic Evolutions,Miltank #81,prismatic evolutions | miltank | 81 |  | ungraded,1,1
Prismatic Evolutions,Miltank,081/131,Reverse Holo,Common,Pokemon Prismatic Evolutions,Miltank [Reverse] #81,prismatic evolutions | miltank | 81 | reverse | ungraded,1,1
Prismatic Evolutions,Buneary,083/131,Normal,Common,Pokemon Prismatic Evolutions,Buneary #83,prismatic evolutions | buneary | 83 |  | ungraded,1,1
Prismatic Evolutions,Buneary,083/131,Reverse Holo,Common,Pokemon Prismatic Evolutions,Buneary [Reverse] #83,prismatic evolutions | buneary | 83 | reverse | ungraded,2,1
Prismatic Evolutions,Lopunny,084/131,Normal,Common,Pokemon Prismatic Evolutions,Lopunny #84,prismatic evolutions | lopunny | 84 |  | ungraded,1,1
Prismatic Evolutions,Fan Rotom,085/131,Normal,Common,Pokemon Prismatic Evolutions,Fan Rotom #85,prismatic evolutions | fan rotom | 85 |  | ungraded,1,1
Prismatic Evolutions,Fan Rotom,085/131,Reverse Holo,Common,Pokemon Prismatic Evolutions,Fan Rotom [Reverse] #85,prismatic evolutions | fan rotom | 85 | reverse | ungraded,1,1
Prismatic Evolutions,Regigigas,086/131,Normal,Uncommon,Pokemon Prismatic Evolutions,Regigigas #86,prismatic evolutions | regigigas | 86 |  | ungraded,1,1
Prismatic Evolutions,Regigigas,086/131,Reverse Holo,Uncommon,Pokemon Prismatic Evolutions,Regigigas [Reverse] #86,prismatic evolutions | regigigas | 86 | reverse | ungraded,3,1
Prismatic Evolutions,Shaymin,087/131,Normal,Uncommon,Pokemon Prismatic Evolutions,Shaymin #87,prismatic evolutions | shaymin | 87 |  | ungraded,1,1
Prismatic Evolutions,Furfrou,088/131,Normal,Common,Pokemon Prismatic Evolutions,Furfrou #88,prismatic evolutions | furfrou | 88 |  | ungraded,1,1
Prismatic Evolutions,Hawlucha,089/131,Normal,Uncommon,Pokemon Prismatic Evolutions,Hawlucha #89,prismatic evolutions | hawlucha | 89 |  | ungraded,1,1
Prismatic Evolutions,Hawlucha,089/131,Reverse Holo,Uncommon,Pokemon Prismatic Evolutions,Hawlucha [Reverse] #89,prismatic evolutions | hawlucha | 89 | reverse | ungraded,1,1
Prismatic Evolutions,Noibat,090/131,Normal,Common,Pokemon Prismatic Evolutions,Noibat #90,prismatic evolutions | noibat | 90 |  | ungraded,1,1
Prismatic Evolutions,Noibat,090/131,Reverse Holo,Common,Pokemon Prismatic Evolutions,Noibat [Reverse] #90,prismatic evolutions | noibat | 90 | reverse | ungraded,2,1
Prismatic Evolutions,Amarys,093/131,Normal,Common,Pokemon Prismatic Evolutions,Amarys #93,prismatic evolutions | amarys | 93 |  | ungraded,1,1
Prismatic Evolutions,Amarys,093/131,Reverse Holo,Common,Pokemon Prismatic Evolutions,Amarys [Reverse] #93,prismatic evolutions | amarys | 93 | reverse | ungraded,1,1
Prismatic Evolutions,Area Zero Underdepths,094/131,Normal,Uncommon,Pokemon Prismatic Evolutions,Area Zero Underdepths #94,prismatic evolutions | area zero underdepths | 94 |  | ungraded,1,1
Prismatic Evolutions,Area Zero Underdepths,094/131,Reverse Holo,Uncommon,Pokemon Prismatic Evolutions,Area Zero Underdepths [Reverse] #94,prismatic evolutions | area zero underdepths | 94 | reverse | ungraded,1,1
Prismatic Evolutions,Binding Mochi,095/131,Normal,Uncommon,Pokemon Prismatic Evolutions,Binding Mochi #95,prismatic evolutions | binding mochi | 95 |  | ungraded,1,1
Prismatic Evolutions,Binding Mochi,095/131,Reverse Holo,Uncommon,Pokemon Prismatic Evolutions,Binding Mochi [Reverse] #95,prismatic evolutions | binding mochi | 95 | reverse | ungraded,1,1
Prismatic Evolutions,Black Belt's Training,096/131,Normal,Common,Pokemon Prismatic Evolutions,Black Belt's Training #96,prismatic evolutions | black belt s training | 96 |  | ungraded,1,1
Prismatic Evolutions,Black Belt's Training,096/131,Reverse Holo,Common,Pokemon Prismatic Evolutions,Black Belt's Training [Reverse] #96,prismatic evolutions | black belt s training | 96 | reverse | ungraded,1,1
Prismatic Evolutions,Black Belt's Training,097/131,Normal,Common,Pokemon Prismatic Evolutions,Black Belt's Training #97,prismatic evolutions | black belt s training | 97 |  | ungraded,1,1
Prismatic Evolutions,Black Belt's Training,097/131,Reverse Holo,Common,Pokemon Prismatic Evolutions,Black Belt's Training [Reverse] #97,prismatic evolutions | black belt s training | 97 | reverse | ungraded,2,1
Prismatic Evolutions,Black Belt's Training,098/131,Normal,Common,Pokemon Prismatic Evolutions,Black Belt's Training #98,prismatic evolutions | black belt s training | 98 |  | ungraded,1,1
Prismatic Evolutions,Black Belt's Training,099/131,Normal,Common,Pokemon Prismatic Evolutions,Black Belt's Training #99,prismatic evolutions | black belt s training | 99 |  | ungraded,1,1
Prismatic Evolutions,Black Belt's Training,099/131,Reverse Holo,Common,Pokemon Prismatic Evolutions,Black Belt's Training [Reverse] #99,prismatic evolutions | black belt s training | 99 | reverse | ungraded,1,1
Prismatic Evolutions,Briar,100/131,Normal,Uncommon,Pokemon Prismatic Evolutions,Briar #100,prismatic evolutions | briar | 100 |  | ungraded,1,1
Prismatic Evolutions,Buddy-Buddy Poffin,101/131,Normal,Uncommon,Pokemon Prismatic Evolutions,Buddy-Buddy Poffin #101,prismatic evolutions | buddy buddy poffin | 101 |  | ungraded,1,1
Prismatic Evolutions,Bug Catching Set,102/131,Normal,Uncommon,Pokemon Prismatic Evolutions,Bug Catching Set #102,prismatic evolutions | bug catching set | 102 |  | ungraded,1,1
Prismatic Evolutions,Carmine,103/131,Normal,Uncommon,Pokemon Prismatic Evolutions,Carmine #103,prismatic evolutions | carmine | 103 |  | ungraded,1,1
Prismatic Evolutions,Ciphermaniac's Codebreaking,104/131,Normal,Uncommon,Pokemon Prismatic Evolutions,Ciphermaniac's Codebreaking #104,prismatic evolutions | ciphermaniac s codebreaking | 104 |  | ungraded,1,1
Prismatic Evolutions,Crispin,105/131,Normal,Uncommon,Pokemon Prismatic Evolutions,Crispin #105,prismatic evolutions | crispin | 105 |  | ungraded,1,1
Prismatic Evolutions,Earthen Vessel,106/131,Normal,Uncommon,Pokemon Prismatic Evolutions,Earthen Vessel #106,prismatic evolutions | earthen vessel | 106 |  | ungraded,1,1
Prismatic Evolutions,Explorer's Guidance,107/131,Normal,Uncommon,Pokemon Prismatic Evolutions,Explorer's Guidance #107,prismatic evolutions | explorer s guidance | 107 |  | ungraded,1,1
Prismatic Evolutions,Explorer's Guidance,107/131,Reverse Holo,Uncommon,Pokemon Prismatic Evolutions,Explorer's Guidance [Reverse] #107,prismatic evolutions | explorer s guidance | 107 | reverse | ungraded,1,1
Prismatic Evolutions,Festival Grounds,108/131,Normal,Uncommon,Pokemon Prismatic Evolutions,Festival Grounds #108,prismatic evolutions | festival grounds | 108 |  | ungraded,1,1
Prismatic Evolutions,Festival Grounds,108/131,Reverse Holo,Uncommon,Pokemon Prismatic Evolutions,Festival Grounds [Reverse] #108,prismatic evolutions | festival grounds | 108 | reverse | ungraded,2,1
Prismatic Evolutions,Friends in Paldea,109/131,Normal,Common,Pokemon Prismatic Evolutions,Friends in Paldea #109,prismatic evolutions | friends in paldea | 109 |  | ungraded,1,1
Prismatic Evolutions,Glass Trumpet,110/131,Normal,Uncommon,Pokemon Prismatic Evolutions,Glass Trumpet #110,prismatic evolutions | glass trumpet | 110 |  | ungraded,1,1
Prismatic Evolutions,Glass Trumpet,110/131,Reverse Holo,Uncommon,Pokemon Prismatic Evolutions,Glass Trumpet [Reverse] #110,prismatic evolutions | glass trumpet | 110 | reverse | ungraded,2,1
Prismatic Evolutions,Haban Berry,111/131,Normal,Common,Pokemon Prismatic Evolutions,Haban Berry #111,prismatic evolutions | haban berry | 111 |  | ungraded,1,1
Prismatic Evolutions,Haban Berry,111/131,Reverse Holo,Common,Pokemon Prismatic Evolutions,Haban Berry [Reverse] #111,prismatic evolutions | haban berry | 111 | reverse | ungraded,1,1
Prismatic Evolutions,Janine's Secret Art,112/131,Reverse Holo,Uncommon,Pokemon Prismatic Evolutions,Janine's Secret Art [Reverse] #112,prismatic evolutions | janine s secret art | 112 | reverse | ungraded,2,1
Prismatic Evolutions,Kieran,113/131,Normal,Uncommon,Pokemon Prismatic Evolutions,Kieran #113,prismatic evolutions | kieran | 113 |  | ungraded,1,1
Prismatic Evolutions,Kieran,113/131,Reverse Holo,Uncommon,Pokemon Prismatic Evolutions,Kieran [Reverse] #113,prismatic evolutions | kieran | 113 | reverse | ungraded,2,1
Prismatic Evolutions,Lacey,114/131,Normal,Uncommon,Pokemon Prismatic Evolutions,Lacey #114,prismatic evolutions | lacey | 114 |  | ungraded,1,1
Prismatic Evolutions,Lacey,114/131,Reverse Holo,Uncommon,Pokemon Prismatic Evolutions,Lacey [Reverse] #114,prismatic evolutions | lacey | 114 | reverse | ungraded,1,1
Prismatic Evolutions,Larry's Skill,115/131,Normal,Common,Pokemon Prismatic Evolutions,Larry's Skill #115,prismatic evolutions | larry s skill | 115 |  | ungraded,1,1
Prismatic Evolutions,Ogre's Mask,118/131,Normal,Uncommon,Pokemon Prismatic Evolutions,Ogre's Mask #118,prismatic evolutions | ogre s mask | 118 |  | ungraded,1,1
Prismatic Evolutions,Ogre's Mask,118/131,Reverse Holo,Uncommon,Pokemon Prismatic Evolutions,Ogre's Mask [Reverse] #118,prismatic evolutions | ogre s mask | 118 | reverse | ungraded,2,1
Prismatic Evolutions,Professor Sada's Vitality,120/131,Normal,Uncommon,Pokemon Prismatic Evolutions,Professor Sada's Vitality #120,prismatic evolutions | professor sada s vitality | 120 |  | ungraded,1,1
Prismatic Evolutions,Professor Turo's Scenario,121/131,Normal,Uncommon,Pokemon Prismatic Evolutions,Professor Turo's Scenario #121,prismatic evolutions | professor turo s scenario | 121 |  | ungraded,1,1
Prismatic Evolutions,Professor Turo's Scenario,121/131,Reverse Holo,Uncommon,Pokemon Prismatic Evolutions,Professor Turo's Scenario [Reverse] #121,prismatic evolutions | professor turo s scenario | 121 | reverse | ungraded,1,1
Prismatic Evolutions,Professor's Research,122/131,Normal,Common,Pokemon Prismatic Evolutions,Professor's Research #122,prismatic evolutions | professor s research | 122 |  | ungraded,1,0
Prismatic Evolutions,Professor's Research,122/131,Reverse Holo,Common,Pokemon Prismatic Evolutions,Professor's Research [Reverse] #122,prismatic evolutions | professor s research | 122 | reverse | ungraded,1,0
Prismatic Evolutions,Professor's Research,123/131,Normal,Common,Pokemon Prismatic Evolutions,Professor's Research #123,prismatic evolutions | professor s research | 123 |  | ungraded,1,0
Prismatic Evolutions,Professor's Research,124/131,Normal,Common,Pokemon Prismatic Evolutions,Professor's Research #124,prismatic evolutions | professor s research | 124 |  | ungraded,1,0
Prismatic Evolutions,Professor's Research,124/131,Reverse Holo,Common,Pokemon Prismatic Evolutions,Professor's Research [Reverse] #124,prismatic evolutions | professor s research | 124 | reverse | ungraded,2,0
Prismatic Evolutions,Professor's Research,125/131,Normal,Common,Pokemon Prismatic Evolutions,Professor's Research #125,prismatic evolutions | professor s research | 125 |  | ungraded,1,0
Prismatic Evolutions,Professor's Research,125/131,Reverse Holo,Common,Pokemon Prismatic Evolutions,Professor's Research [Reverse] #125,prismatic evolutions | professor s research | 125 | reverse | ungraded,1,0
Prismatic Evolutions,Rescue Board,126/131,Normal,Uncommon,Pokemon Prismatic Evolutions,Rescue Board #126,prismatic evolutions | rescue board | 126 |  | ungraded,1,1
Prismatic Evolutions,Rescue Board,126/131,Reverse Holo,Uncommon,Pokemon Prismatic Evolutions,Rescue Board [Reverse] #126,prismatic evolutions | rescue board | 126 | reverse | ungraded,2,1
Prismatic Evolutions,Roto-Stick,127/131,Normal,Common,Pokemon Prismatic Evolutions,Roto-Stick #127,prismatic evolutions | roto stick | 127 |  | ungraded,1,1
Prismatic Evolutions,Roto-Stick,127/131,Reverse Holo,Common,Pokemon Prismatic Evolutions,Roto-Stick [Reverse] #127,prismatic evolutions | roto stick | 127 | reverse | ungraded,1,1
Prismatic Evolutions,Techno Radar,130/131,Normal,Uncommon,Pokemon Prismatic Evolutions,Techno Radar #130,prismatic evolutions | techno radar | 130 |  | ungraded,1,1
Paradox Rift,Surskit,001/182,Normal,Common,Pokemon Paradox Rift,Surskit #1,paradox rift | surskit | 1 |  | ungraded,1,1
Paradox Rift,Masquerain,002/182,Normal,Uncommon,Pokemon Paradox Rift,Masquerain #2,paradox rift | masquerain | 2 |  | ungraded,1,1
Paradox Rift,Froslass ex,003/182,Normal Holo,Double Rare,Pokemon Paradox Rift,Froslass ex [Holo] #3,paradox rift | froslass ex | 3 | holo | ungraded,1,0
Paradox Rift,Simisage,005/182,Normal,Uncommon,Pokemon Paradox Rift,Simisage #5,paradox rift | simisage | 5 |  | ungraded,1,1
Paradox Rift,Dwebble,006/182,Normal,Common,Pokemon Paradox Rift,Dwebble #6,paradox rift | dwebble | 6 |  | ungraded,1,1
Paradox Rift,Bounsweet,008/182,Normal,Common,Pokemon Paradox Rift,Bounsweet #8,paradox rift | bounsweet | 8 |  | ungraded,1,1
Paradox Rift,Steenee,009/182,Normal,Uncommon,Pokemon Paradox Rift,Steenee #9,paradox rift | steenee | 9 |  | ungraded,1,1
Paradox Rift,Blipbug,010/182,Normal,Common,Pokemon Paradox Rift,Blipbug #10,paradox rift | blipbug | 10 |  | ungraded,1,1
Paradox Rift,Orbeetle,012/182,Normal,Uncommon,Pokemon Paradox Rift,Orbeetle #12,paradox rift | orbeetle | 12 |  | ungraded,1,1
Paradox Rift,Nymble,013/182,Normal,Common,Pokemon Paradox Rift,Nymble #13,paradox rift | nymble | 13 |  | ungraded,1,1
Paradox Rift,Nymble,014/182,Normal,Common,Pokemon Paradox Rift,Nymble #14,paradox rift | nymble | 14 |  | ungraded,1,1
Paradox Rift,Toedscool,015/182,Normal,Common,Pokemon Paradox Rift,Toedscool #15,paradox rift | toedscool | 15 |  | ungraded,1,1
Paradox Rift,Toedscruel,017/182,Normal,Uncommon,Pokemon Paradox Rift,Toedscruel #17,paradox rift | toedscruel | 17 |  | ungraded,1,1
Paradox Rift,Magby,019/182,Normal,Common,Pokemon Paradox Rift,Magby #19,paradox rift | magby | 19 |  | ungraded,1,1
Paradox Rift,Pansear,020/182,Normal,Common,Pokemon Paradox Rift,Pansear #20,paradox rift | pansear | 20 |  | ungraded,1,1
Paradox Rift,Simisear,021/182,Normal,Uncommon,Pokemon Paradox Rift,Simisear #21,paradox rift | simisear | 21 |  | ungraded,1,1
Paradox Rift,Fuecoco,023/182,Normal,Common,Pokemon Paradox Rift,Fuecoco #23,paradox rift | fuecoco | 23 |  | ungraded,1,1
Paradox Rift,Crocalor,024/182,Normal,Uncommon,Pokemon Paradox Rift,Crocalor #24,paradox rift | crocalor | 24 |  | ungraded,1,1
Paradox Rift,Charcadet,026/182,Normal,Common,Pokemon Paradox Rift,Charcadet #26,paradox rift | charcadet | 26 |  | ungraded,1,1
Paradox Rift,Horsea,030/182,Normal,Common,Pokemon Paradox Rift,Horsea #30,paradox rift | horsea | 30 |  | ungraded,1,1
Paradox Rift,Seadra,031/182,Normal,Common,Pokemon Paradox Rift,Seadra #31,paradox rift | seadra | 31 |  | ungraded,1,1
Paradox Rift,Remoraid,033/182,Normal,Common,Pokemon Paradox Rift,Remoraid #33,paradox rift | remoraid | 33 |  | ungraded,1,1
Paradox Rift,Feebas,035/182,Normal,Common,Pokemon Paradox Rift,Feebas #35,paradox rift | feebas | 35 |  | ungraded,1,1
Paradox Rift,Snorunt,037/182,Normal,Common,Pokemon Paradox Rift,Snorunt #37,paradox rift | snorunt | 37 |  | ungraded,1,1
Paradox Rift,Panpour,041/182,Normal,Common,Pokemon Paradox Rift,Panpour #41,paradox rift | panpour | 41 |  | ungraded,1,1
Paradox Rift,Simipour,042/182,Normal,Uncommon,Pokemon Paradox Rift,Simipour #42,paradox rift | simipour | 42 |  | ungraded,1,1
Paradox Rift,Vanillish,044/182,Normal,Common,Pokemon Paradox Rift,Vanillish #44,paradox rift | vanillish | 44 |  | ungraded,1,1
Paradox Rift,Vanilluxe,045/182,Normal,Uncommon,Pokemon Paradox Rift,Vanilluxe #45,paradox rift | vanilluxe | 45 |  | ungraded,1,1
Paradox Rift,Wimpod,048/182,Normal,Common,Pokemon Paradox Rift,Wimpod #48,paradox rift | wimpod | 48 |  | ungraded,1,1
Paradox Rift,Wiglett,051/182,Normal,Common,Pokemon Paradox Rift,Wiglett #51,paradox rift | wiglett | 51 |  | ungraded,1,1
Paradox Rift,Wiglett,052/182,Normal,Common,Pokemon Paradox Rift,Wiglett #52,paradox rift | wiglett | 52 |  | ungraded,1,1
Paradox Rift,Wugtrio,053/182,Normal,Uncommon,Pokemon Paradox Rift,Wugtrio #53,paradox rift | wugtrio | 53 |  | ungraded,1,1
Paradox Rift,Veluza,054/182,Normal,Uncommon,Pokemon Paradox Rift,Veluza #54,paradox rift | veluza | 54 |  | ungraded,1,1
Paradox Rift,Dondozo,055/182,Normal,Uncommon,Pokemon Paradox Rift,Dondozo #55,paradox rift | dondozo | 55 |  | ungraded,1,1
Paradox Rift,Iron Bundle,056/182,Normal,Uncommon,Pokemon Paradox Rift,Iron Bundle #56,paradox rift | iron bundle | 56 |  | ungraded,1,1
Paradox Rift,Elekid,059/182,Normal,Common,Pokemon Paradox Rift,Elekid #59,paradox rift | elekid | 59 |  | ungraded,1,1
Paradox Rift,Plusle,060/182,Normal,Common,Pokemon Paradox Rift,Plusle #60,paradox rift | plusle | 60 |  | ungraded,1,1
Paradox Rift,Minun,061/182,Normal,Common,Pokemon Paradox Rift,Minun #61,paradox rift | minun | 61 |  | ungraded,1,1
Paradox Rift,Blitzle,062/182,Normal,Common,Pokemon Paradox Rift,Blitzle #62,paradox rift | blitzle | 62 |  | ungraded,1,1
Paradox Rift,Zebstrika,063/182,Normal,Uncommon,Pokemon Paradox Rift,Zebstrika #63,paradox rift | zebstrika | 63 |  | ungraded,1,1
Paradox Rift,Joltik,064/182,Normal,Common,Pokemon Paradox Rift,Joltik #64,paradox rift | joltik | 64 |  | ungraded,1,1
Paradox Rift,Oricorio,067/182,Normal,Common,Pokemon Paradox Rift,Oricorio #67,paradox rift | oricorio | 67 |  | ungraded,1,1
Paradox Rift,Toxel,069/182,Normal,Common,Pokemon Paradox Rift,Toxel #69,paradox rift | toxel | 69 |  | ungraded,1,1
Paradox Rift,Natu,071/182,Normal,Common,Pokemon Paradox Rift,Natu #71,paradox rift | natu | 71 |  | ungraded,1,1
Paradox Rift,Yamask,075/182,Normal,Common,Pokemon Paradox Rift,Yamask #75,paradox rift | yamask | 75 |  | ungraded,1,1
Paradox Rift,Pumpkaboo,077/182,Normal,Common,Pokemon Paradox Rift,Pumpkaboo #77,paradox rift | pumpkaboo | 77 |  | ungraded,1,1
Paradox Rift,Gourgeist,078/182,Normal,Uncommon,Pokemon Paradox Rift,Gourgeist #78,paradox rift | gourgeist | 78 |  | ungraded,1,1
Paradox Rift,Flittle,079/182,Normal,Common,Pokemon Paradox Rift,Flittle #79,paradox rift | flittle | 79 |  | ungraded,1,1
Paradox Rift,Flittle,080/182,Normal,Common,Pokemon Paradox Rift,Flittle #80,paradox rift | flittle | 80 |  | ungraded,1,1
Paradox Rift,Tinkatink,082/182,Normal,Common,Pokemon Paradox Rift,Tinkatink #82,paradox rift | tinkatink | 82 |  | ungraded,1,1
Paradox Rift,Tinkatink,083/182,Normal,Common,Pokemon Paradox Rift,Tinkatink #83,paradox rift | tinkatink | 83 |  | ungraded,1,1
Paradox Rift,Tinkaton,085/182,Normal,Uncommon,Pokemon Paradox Rift,Tinkaton #85,paradox rift | tinkaton | 85 |  | ungraded,1,1
Paradox Rift,Scream Tail,086/182,Normal,Uncommon,Pokemon Paradox Rift,Scream Tail #86,paradox rift | scream tail | 86 |  | ungraded,1,1
Paradox Rift,Gimmighoul,088/182,Normal,Common,Pokemon Paradox Rift,Gimmighoul #88,paradox rift | gimmighoul | 88 |  | ungraded,1,1
Paradox Rift,Onix,090/182,Normal,Common,Pokemon Paradox Rift,Onix #90,paradox rift | onix | 90 |  | ungraded,1,1
Paradox Rift,Gligar,091/182,Normal,Common,Pokemon Paradox Rift,Gligar #91,paradox rift | gligar | 91 |  | ungraded,1,1
Paradox Rift,Gliscor,092/182,Normal,Uncommon,Pokemon Paradox Rift,Gliscor #92,paradox rift | gliscor | 92 |  | ungraded,1,1
Paradox Rift,Gible,094/182,Normal,Common,Pokemon Paradox Rift,Gible #94,paradox rift | gible | 94 |  | ungraded,1,1
Paradox Rift,Gabite,095/182,Normal,Common,Pokemon Paradox Rift,Gabite #95,paradox rift | gabite | 95 |  | ungraded,1,1
Paradox Rift,Mienfoo,096/182,Normal,Common,Pokemon Paradox Rift,Mienfoo #96,paradox rift | mienfoo | 96 |  | ungraded,1,1
Paradox Rift,Mienshao,097/182,Normal,Uncommon,Pokemon Paradox Rift,Mienshao #97,paradox rift | mienshao | 97 |  | ungraded,1,1
Paradox Rift,Hoopa ex,098/182,Normal Holo,Double Rare,Pokemon Paradox Rift,Hoopa ex [Holo] #98,paradox rift | hoopa ex | 98 | holo | ungraded,1,0
Paradox Rift,Minior,099/182,Normal,Uncommon,Pokemon Paradox Rift,Minior #99,paradox rift | minior | 99 |  | ungraded,1,1
Paradox Rift,Nacli,101/182,Normal,Common,Pokemon Paradox Rift,Nacli #101,paradox rift | nacli | 101 |  | ungraded,1,1
Paradox Rift,Nacli,102/182,Normal,Common,Pokemon Paradox Rift,Nacli #102,paradox rift | nacli | 102 |  | ungraded,1,1
Paradox Rift,Klawf,105/182,Normal,Uncommon,Pokemon Paradox Rift,Klawf #105,paradox rift | klawf | 105 |  | ungraded,1,1
Paradox Rift,Flamigo,106/182,Normal,Common,Pokemon Paradox Rift,Flamigo #106,paradox rift | flamigo | 106 |  | ungraded,1,1
Paradox Rift,Slither Wing,107/182,Normal,Uncommon,Pokemon Paradox Rift,Slither Wing #107,paradox rift | slither wing | 107 |  | ungraded,1,1
Paradox Rift,Zubat,110/182,Normal,Common,Pokemon Paradox Rift,Zubat #110,paradox rift | zubat | 110 |  | ungraded,1,1
Paradox Rift,Crobat,112/182,Normal,Uncommon,Pokemon Paradox Rift,Crobat #112,paradox rift | crobat | 112 |  | ungraded,1,1
Paradox Rift,Absol,113/182,Normal,Uncommon,Pokemon Paradox Rift,Absol #113,paradox rift | absol | 113 |  | ungraded,1,1
Paradox Rift,Purrloin,114/182,Normal,Common,Pokemon Paradox Rift,Purrloin #114,paradox rift | purrloin | 114 |  | ungraded,1,1
Paradox Rift,Trubbish,116/182,Normal,Common,Pokemon Paradox Rift,Trubbish #116,paradox rift | trubbish | 116 |  | ungraded,1,1
Paradox Rift,Garbodor,117/182,Normal,Uncommon,Pokemon Paradox Rift,Garbodor #117,paradox rift | garbodor | 117 |  | ungraded,1,1
Paradox Rift,Nickit,119/182,Normal,Common,Pokemon Paradox Rift,Nickit #119,paradox rift | nickit | 119 |  | ungraded,1,1
Paradox Rift,Brute Bonnet,123/182,Normal Holo,Rare,Pokemon Paradox Rift,Brute Bonnet [Holo] #123,paradox rift | brute bonnet | 123 | holo | ungraded,1,0
Paradox Rift,Jirachi,126/182,Normal,Common,Pokemon Paradox Rift,Jirachi #126,paradox rift | jirachi | 126 |  | ungraded,1,1
Paradox Rift,Ferroseed,127/182,Normal,Common,Pokemon Paradox Rift,Ferroseed #127,paradox rift | ferroseed | 127 |  | ungraded,1,1
Paradox Rift,Ferrothorn,128/182,Normal,Uncommon,Pokemon Paradox Rift,Ferrothorn #128,paradox rift | ferrothorn | 128 |  | ungraded,1,1
Paradox Rift,Durant,129/182,Normal,Uncommon,Pokemon Paradox Rift,Durant #129,paradox rift | durant | 129 |  | ungraded,1,1
Paradox Rift,Honedge,131/182,Normal,Common,Pokemon Paradox Rift,Honedge #131,paradox rift | honedge | 131 |  | ungraded,1,1
Paradox Rift,Doublade,132/182,Normal,Common,Pokemon Paradox Rift,Doublade #132,paradox rift | doublade | 132 |  | ungraded,1,1
Paradox Rift,Doublade,133/182,Normal,Common,Pokemon Paradox Rift,Doublade #133,paradox rift | doublade | 133 |  | ungraded,1,1
Paradox Rift,Aegislash ex,135/182,Normal Holo,Double Rare,Pokemon Paradox Rift,Aegislash ex [Holo] #135,paradox rift | aegislash ex | 135 | holo | ungraded,1,0
Paradox Rift,Orthworm,138/182,Normal,Uncommon,Pokemon Paradox Rift,Orthworm #138,paradox rift | orthworm | 138 |  | ungraded,1,1
Paradox Rift,Tatsugiri,141/182,Normal,Uncommon,Pokemon Paradox Rift,Tatsugiri #141,paradox rift | tatsugiri | 141 |  | ungraded,1,1
Paradox Rift,Porygon,142/182,Normal,Common,Pokemon Paradox Rift,Porygon #142,paradox rift | porygon | 142 |  | ungraded,1,1
Paradox Rift,Porygon2,143/182,Normal,Common,Pokemon Paradox Rift,Porygon2 #143,paradox rift | porygon2 | 143 |  | ungraded,1,1
Paradox Rift,Aipom,145/182,Normal,Common,Pokemon Paradox Rift,Aipom #145,paradox rift | aipom | 145 |  | ungraded,1,1
Paradox Rift,Ambipom,146/182,Normal,Uncommon,Pokemon Paradox Rift,Ambipom #146,paradox rift | ambipom | 146 |  | ungraded,1,1
Paradox Rift,Miltank,147/182,Normal,Common,Pokemon Paradox Rift,Miltank #147,paradox rift | miltank | 147 |  | ungraded,1,1
Paradox Rift,Whismur,148/182,Normal,Common,Pokemon Paradox Rift,Whismur #148,paradox rift | whismur | 148 |  | ungraded,1,1
Paradox Rift,Loudred,149/182,Normal,Common,Pokemon Paradox Rift,Loudred #149,paradox rift | loudred | 149 |  | ungraded,1,1
Paradox Rift,Exploud,150/182,Normal,Uncommon,Pokemon Paradox Rift,Exploud #150,paradox rift | exploud | 150 |  | ungraded,1,1
Paradox Rift,Spinda,151/182,Normal,Common,Pokemon Paradox Rift,Spinda #151,paradox rift | spinda | 151 |  | ungraded,1,1
Paradox Rift,Swablu,152/182,Normal,Common,Pokemon Paradox Rift,Swablu #152,paradox rift | swablu | 152 |  | ungraded,1,1
Paradox Rift,Tandemaus,153/182,Normal,Common,Pokemon Paradox Rift,Tandemaus #153,paradox rift | tandemaus | 153 |  | ungraded,1,1
Paradox Rift,Tandemaus,154/182,Normal,Common,Pokemon Paradox Rift,Tandemaus #154,paradox rift | tandemaus | 154 |  | ungraded,1,1
Paradox Rift,Bombirdier ex,156/182,Normal Holo,Double Rare,Pokemon Paradox Rift,Bombirdier ex [Holo] #156,paradox rift | bombirdier ex | 156 | holo | ungraded,1,0
Paradox Rift,Cyclizar,157/182,Normal,Uncommon,Pokemon Paradox Rift,Cyclizar #157,paradox rift | cyclizar | 157 |  | ungraded,1,1
Paradox Rift,Ancient Booster Energy Capsule,159/182,Normal,Uncommon,Pokemon Paradox Rift,Ancient Booster Energy Capsule #159,paradox rift | ancient booster energy capsule | 159 |  | ungraded,1,1
Paradox Rift,Counter Catcher,160/182,Normal,Uncommon,Pokemon Paradox Rift,Counter Catcher #160,paradox rift | counter catcher | 160 |  | ungraded,1,1
Paradox Rift,Cursed Duster,161/182,Normal,Uncommon,Pokemon Paradox Rift,Cursed Duster #161,paradox rift | cursed duster | 161 |  | ungraded,1,1
Paradox Rift,Defiance Vest,162/182,Normal,Uncommon,Pokemon Paradox Rift,Defiance Vest #162,paradox rift | defiance vest | 162 |  | ungraded,1,1
Paradox Rift,Earthen Vessel,163/182,Normal,Uncommon,Pokemon Paradox Rift,Earthen Vessel #163,paradox rift | earthen vessel | 163 |  | ungraded,1,1
Paradox Rift,Future Booster Energy Capsule,164/182,Normal,Uncommon,Pokemon Paradox Rift,Future Booster Energy Capsule #164,paradox rift | future booster energy capsule | 164 |  | ungraded,1,1
Paradox Rift,Larry,165/182,Normal,Common,Pokemon Paradox Rift,Larry #165,paradox rift | larry | 165 |  | ungraded,1,1
Paradox Rift,Luxurious Cape,166/182,Normal,Uncommon,Pokemon Paradox Rift,Luxurious Cape #166,paradox rift | luxurious cape | 166 |  | ungraded,1,1
Paradox Rift,Mela,167/182,Normal,Uncommon,Pokemon Paradox Rift,Mela #167,paradox rift | mela | 167 |  | ungraded,1,1
Paradox Rift,Norman,168/182,Normal,Uncommon,Pokemon Paradox Rift,Norman #168,paradox rift | norman | 168 |  | ungraded,1,1
Paradox Rift,Parasol Lady,169/182,Normal,Common,Pokemon Paradox Rift,Parasol Lady #169,paradox rift | parasol lady | 169 |  | ungraded,1,1
Paradox Rift,Professor Sada's Vitality,170/182,Normal,Uncommon,Pokemon Paradox Rift,Professor Sada's Vitality #170,paradox rift | professor sada s vitality | 170 |  | ungraded,1,1
Paradox Rift,Professor Turo's Scenario,171/182,Normal,Uncommon,Pokemon Paradox Rift,Professor Turo's Scenario #171,paradox rift | professor turo s scenario | 171 |  | ungraded,1,1
Paradox Rift,Rika,172/182,Normal,Uncommon,Pokemon Paradox Rift,Rika #172,paradox rift | rika | 172 |  | ungraded,1,1
Paradox Rift,Roark,173/182,Normal,Uncommon,Pokemon Paradox Rift,Roark #173,paradox rift | roark | 173 |  | ungraded,1,1
Paradox Rift,Shauntal,174/182,Normal,Uncommon,Pokemon Paradox Rift,Shauntal #174,paradox rift | shauntal | 174 |  | ungraded,1,1
Paradox Rift,Snorlax Doll,175/182,Normal,Uncommon,Pokemon Paradox Rift,Snorlax Doll #175,paradox rift | snorlax doll | 175 |  | ungraded,1,1
Paradox Rift,Technical Machine: Blindside,176/182,Normal,Uncommon,Pokemon Paradox Rift,Technical Machine: Blindside #176,paradox rift | technical machine blindside | 176 |  | ungraded,1,1
Paradox Rift,Technical Machine: Devolution,177/182,Normal,Uncommon,Pokemon Paradox Rift,Technical Machine: Devolution #177,paradox rift | technical machine devolution | 177 |  | ungraded,1,1
Paradox Rift,Technical Machine: Evolution,178/182,Normal,Uncommon,Pokemon Paradox Rift,Technical Machine: Evolution #178,paradox rift | technical machine evolution | 178 |  | ungraded,1,1
Paradox Rift,Technical Machine: Turbo Energize,179/182,Normal,Uncommon,Pokemon Paradox Rift,Technical Machine: Turbo Energize #179,paradox rift | technical machine turbo energize | 179 |  | ungraded,1,1
Paradox Rift,Techno Radar,180/182,Normal,Uncommon,Pokemon Paradox Rift,Techno Radar #180,paradox rift | techno radar | 180 |  | ungraded,1,1
Paradox Rift,Tulip,181/182,Normal,Uncommon,Pokemon Paradox Rift,Tulip #181,paradox rift | tulip | 181 |  | ungraded,1,1
Paradox Rift,Medical Energy,182/182,Normal,Uncommon,Pokemon Paradox Rift,Medical Energy #182,paradox rift | medical energy | 182 |  | ungraded,1,1
Paradox Rift,Brute Bonnet,207/182,Normal Holo,Illustration Rare,Pokemon Paradox Rift,Brute Bonnet [Holo] #207,paradox rift | brute bonnet | 207 | holo | ungraded,1,0
Paradox Rift,Aegislash,210/182,Normal Holo,Illustration Rare,Pokemon Paradox Rift,Aegislash [Holo] #210,paradox rift | aegislash | 210 | holo | ungraded,1,0
Paradox Rift,Iron Jugulis,216/182,Normal Holo,Illustration Rare,Pokemon Paradox Rift,Iron Jugulis [Holo] #216,paradox rift | iron jugulis | 216 | holo | ungraded,1,0
Paradox Rift,Garchomp ex,219/182,Normal Holo,Ultra Rare,Pokemon Paradox Rift,Garchomp ex [Holo] #219,paradox rift | garchomp ex | 219 | holo | ungraded,1,0
Paradox Rift,Iron Hands ex,223/182,Normal Holo,Ultra Rare,Pokemon Paradox Rift,Iron Hands ex [Holo] #223,paradox rift | iron hands ex | 223 | holo | ungraded,1,0
Paradox Rift,Iron Valiant ex,225/182,Normal Holo,Ultra Rare,Pokemon Paradox Rift,Iron Valiant ex [Holo] #225,paradox rift | iron valiant ex | 225 | holo | ungraded,2,0
Paradox Rift,Gholdengo ex,231/182,Normal Holo,Ultra Rare,Pokemon Paradox Rift,Gholdengo ex [Holo] #231,paradox rift | gholdengo ex | 231 | holo | ungraded,1,0
Paradox Rift,Tapu Koko ex,247/182,Normal Holo,Special Illustration Rare,Pokemon Paradox Rift,Tapu Koko ex [Holo] #247,paradox rift | tapu koko ex | 247 | holo | ungraded,1,0
Paradox Rift,Counter Catcher,264/182,Normal Holo,Hyper Rare,Pokemon Paradox Rift,Counter Catcher [Holo] #264,paradox rift | counter catcher | 264 | holo | ungraded,1,0
Scarlet & Violet 151,Bulbasaur,001/165,Normal,Common,Pokemon Scarlet & Violet 151,Bulbasaur #1,scarlet violet 151 | bulbasaur | 1 |  | ungraded,1,1
Scarlet & Violet 151,Bulbasaur,001/165,Reverse Holo,Common,Pokemon Scarlet & Violet 151,Bulbasaur [Reverse Holo] #1,scarlet violet 151 | bulbasaur | 1 | reverse holo | ungraded,3,1
Scarlet & Violet 151,Ivysaur,002/165,Normal,Uncommon,Pokemon Scarlet & Violet 151,Ivysaur #2,scarlet violet 151 | ivysaur | 2 |  | ungraded,1,1
Scarlet & Violet 151,Ivysaur,002/165,Reverse Holo,Uncommon,Pokemon Scarlet & Violet 151,Ivysaur [Reverse Holo] #2,scarlet violet 151 | ivysaur | 2 | reverse holo | ungraded,2,1
Scarlet & Violet 151,Venusaur ex,003/165,Normal Holo,Double Rare,Pokemon Scarlet & Violet 151,Venusaur ex [Holo] #3,scarlet violet 151 | venusaur ex | 3 | holo | ungraded,1,0
Scarlet & Violet 151,Charmander,004/165,Normal,Common,Pokemon Scarlet & Violet 151,Charmander #4,scarlet violet 151 | charmander | 4 |  | ungraded,1,1
Scarlet & Violet 151,Charmander,004/165,Reverse Holo,Common,Pokemon Scarlet & Violet 151,Charmander [Reverse Holo] #4,scarlet violet 151 | charmander | 4 | reverse holo | ungraded,2,1
Scarlet & Violet 151,Charmeleon,005/165,Normal,Uncommon,Pokemon Scarlet & Violet 151,Charmeleon #5,scarlet violet 151 | charmeleon | 5 |  | ungraded,1,1
Scarlet & Violet 151,Charmeleon,005/165,Reverse Holo,Uncommon,Pokemon Scarlet & Violet 151,Charmeleon [Reverse Holo] #5,scarlet violet 151 | charmeleon | 5 | reverse holo | ungraded,2,1
Scarlet & Violet 151,Squirtle,007/165,Normal,Common,Pokemon Scarlet & Violet 151,Squirtle #7,scarlet violet 151 | squirtle | 7 |  | ungraded,1,1
Scarlet & Violet 151,Squirtle,007/165,Reverse Holo,Common,Pokemon Scarlet & Violet 151,Squirtle [Reverse Holo] #7,scarlet violet 151 | squirtle | 7 | reverse holo | ungraded,3,1
Scarlet & Violet 151,Wartortle,008/165,Normal,Uncommon,Pokemon Scarlet & Violet 151,Wartortle #8,scarlet violet 151 | wartortle | 8 |  | ungraded,1,1
Scarlet & Violet 151,Wartortle,008/165,Reverse Holo,Uncommon,Pokemon Scarlet & Violet 151,Wartortle [Reverse Holo] #8,scarlet violet 151 | wartortle | 8 | reverse holo | ungraded,1,1
Scarlet & Violet 151,Caterpie,010/165,Normal,Common,Pokemon Scarlet & Violet 151,Caterpie #10,scarlet violet 151 | caterpie | 10 |  | ungraded,1,1
Scarlet & Violet 151,Caterpie,010/165,Reverse Holo,Common,Pokemon Scarlet & Violet 151,Caterpie [Reverse Holo] #10,scarlet violet 151 | caterpie | 10 | reverse holo | ungraded,2,1
Scarlet & Violet 151,Metapod,011/165,Normal,Common,Pokemon Scarlet & Violet 151,Metapod #11,scarlet violet 151 | metapod | 11 |  | ungraded,1,1
Scarlet & Violet 151,Metapod,011/165,Reverse Holo,Common,Pokemon Scarlet & Violet 151,Metapod [Reverse Holo] #11,scarlet violet 151 | metapod | 11 | reverse holo | ungraded,1,1
Scarlet & Violet 151,Butterfree,012/165,Normal,Uncommon,Pokemon Scarlet & Violet 151,Butterfree #12,scarlet violet 151 | butterfree | 12 |  | ungraded,1,1
Scarlet & Violet 151,Butterfree,012/165,Reverse Holo,Uncommon,Pokemon Scarlet & Violet 151,Butterfree [Reverse Holo] #12,scarlet violet 151 | butterfree | 12 | reverse holo | ungraded,1,1
Scarlet & Violet 151,Weedle,013/165,Normal,Common,Pokemon Scarlet & Violet 151,Weedle #13,scarlet violet 151 | weedle | 13 |  | ungraded,1,1
Scarlet & Violet 151,Weedle,013/165,Reverse Holo,Common,Pokemon Scarlet & Violet 151,Weedle [Reverse Holo] #13,scarlet violet 151 | weedle | 13 | reverse holo | ungraded,1,1
Scarlet & Violet 151,Kakuna,014/165,Normal,Common,Pokemon Scarlet & Violet 151,Kakuna #14,scarlet violet 151 | kakuna | 14 |  | ungraded,1,1
Scarlet & Violet 151,Kakuna,014/165,Reverse Holo,Common,Pokemon Scarlet & Violet 151,Kakuna [Reverse Holo] #14,scarlet violet 151 | kakuna | 14 | reverse holo | ungraded,1,1
Scarlet & Violet 151,Beedrill,015/165,Normal Holo,Rare,Pokemon Scarlet & Violet 151,Beedrill [Holo] #15,scarlet violet 151 | beedrill | 15 | holo | ungraded,1,0
Scarlet & Violet 151,Beedrill,015/165,Reverse Holo,Rare,Pokemon Scarlet & Violet 151,Beedrill [Reverse Holo] #15,scarlet violet 151 | beedrill | 15 | reverse holo | ungraded,1,1
Scarlet & Violet 151,Pidgey,016/165,Normal,Common,Pokemon Scarlet & Violet 151,Pidgey #16,scarlet violet 151 | pidgey | 16 |  | ungraded,1,1
Scarlet & Violet 151,Pidgey,016/165,Reverse Holo,Common,Pokemon Scarlet & Violet 151,Pidgey [Reverse Holo] #16,scarlet violet 151 | pidgey | 16 | reverse holo | ungraded,1,1
Scarlet & Violet 151,Pidgeotto,017/165,Normal,Common,Pokemon Scarlet & Violet 151,Pidgeotto #17,scarlet violet 151 | pidgeotto | 17 |  | ungraded,1,1
Scarlet & Violet 151,Pidgeotto,017/165,Reverse Holo,Common,Pokemon Scarlet & Violet 151,Pidgeotto [Reverse Holo] #17,scarlet violet 151 | pidgeotto | 17 | reverse holo | ungraded,1,1
Scarlet & Violet 151,Pidgeot,018/165,Normal,Uncommon,Pokemon Scarlet & Violet 151,Pidgeot #18,scarlet violet 151 | pidgeot | 18 |  | ungraded,1,1
Scarlet & Violet 151,Pidgeot,018/165,Reverse Holo,Uncommon,Pokemon Scarlet & Violet 151,Pidgeot [Reverse Holo] #18,scarlet violet 151 | pidgeot | 18 | reverse holo | ungraded,2,1
Scarlet & Violet 151,Rattata,019/165,Normal,Common,Pokemon Scarlet & Violet 151,Rattata #19,scarlet violet 151 | rattata | 19 |  | ungraded,1,1
Scarlet & Violet 151,Rattata,019/165,Reverse Holo,Common,Pokemon Scarlet & Violet 151,Rattata [Reverse Holo] #19,scarlet violet 151 | rattata | 19 | reverse holo | ungraded,1,1
Scarlet & Violet 151,Raticate,020/165,Normal,Uncommon,Pokemon Scarlet & Violet 151,Raticate #20,scarlet violet 151 | raticate | 20 |  | ungraded,1,1
Scarlet & Violet 151,Raticate,020/165,Reverse Holo,Uncommon,Pokemon Scarlet & Violet 151,Raticate [Reverse Holo] #20,scarlet violet 151 | raticate | 20 | reverse holo | ungraded,1,1
Scarlet & Violet 151,Spearow,021/165,Normal,Common,Pokemon Scarlet & Violet 151,Spearow #21,scarlet violet 151 | spearow | 21 |  | ungraded,1,1
Scarlet & Violet 151,Spearow,021/165,Reverse Holo,Common,Pokemon Scarlet & Violet 151,Spearow [Reverse Holo] #21,scarlet violet 151 | spearow | 21 | reverse holo | ungraded,1,1
Scarlet & Violet 151,Fearow,022/165,Normal,Uncommon,Pokemon Scarlet & Violet 151,Fearow #22,scarlet violet 151 | fearow | 22 |  | ungraded,1,1
Scarlet & Violet 151,Fearow,022/165,Reverse Holo,Uncommon,Pokemon Scarlet & Violet 151,Fearow [Reverse Holo] #22,scarlet violet 151 | fearow | 22 | reverse holo | ungraded,1,1
Scarlet & Violet 151,Ekans,023/165,Normal,Common,Pokemon Scarlet & Violet 151,Ekans #23,scarlet violet 151 | ekans | 23 |  | ungraded,1,1
Scarlet & Violet 151,Ekans,023/165,Reverse Holo,Common,Pokemon Scarlet & Violet 151,Ekans [Reverse Holo] #23,scarlet violet 151 | ekans | 23 | reverse holo | ungraded,1,1
Scarlet & Violet 151,Arbok ex,024/165,Normal Holo,Double Rare,Pokemon Scarlet & Violet 151,Arbok ex [Holo] #24,scarlet violet 151 | arbok ex | 24 | holo | ungraded,1,0
Scarlet & Violet 151,Pikachu,025/165,Normal,Common,Pokemon Scarlet & Violet 151,Pikachu #25,scarlet violet 151 | pikachu | 25 |  | ungraded,1,1
Scarlet & Violet 151,Raichu,026/165,Normal Holo,Rare,Pokemon Scarlet & Violet 151,Raichu [Holo] #26,scarlet violet 151 | raichu | 26 | holo | ungraded,1,0
Scarlet & Violet 151,Raichu,026/165,Reverse Holo,Rare,Pokemon Scarlet & Violet 151,Raichu [Reverse Holo] #26,scarlet violet 151 | raichu | 26 | reverse holo | ungraded,1,1
Scarlet & Violet 151,Sandshrew,027/165,Normal,Common,Pokemon Scarlet & Violet 151,Sandshrew #27,scarlet violet 151 | sandshrew | 27 |  | ungraded,1,1
Scarlet & Violet 151,Sandshrew,027/165,Reverse Holo,Common,Pokemon Scarlet & Violet 151,Sandshrew [Reverse Holo] #27,scarlet violet 151 | sandshrew | 27 | reverse holo | ungraded,1,1
Scarlet & Violet 151,Sandslash,028/165,Normal,Uncommon,Pokemon Scarlet & Violet 151,Sandslash #28,scarlet violet 151 | sandslash | 28 |  | ungraded,1,1
Scarlet & Violet 151,Sandslash,028/165,Reverse Holo,Uncommon,Pokemon Scarlet & Violet 151,Sandslash [Reverse Holo] #28,scarlet violet 151 | sandslash | 28 | reverse holo | ungraded,3,1
Scarlet & Violet 151,Nidoran ♀,029/165,Normal,Common,Pokemon Scarlet & Violet 151,Nidoran ♀ #29,scarlet violet 151 | nidoran | 29 |  | ungraded,1,1
Scarlet & Violet 151,Nidorina,030/165,Normal,Uncommon,Pokemon Scarlet & Violet 151,Nidorina #30,scarlet violet 151 | nidorina | 30 |  | ungraded,1,1
Scarlet & Violet 151,Nidoqueen,031/165,Normal,Uncommon,Pokemon Scarlet & Violet 151,Nidoqueen #31,scarlet violet 151 | nidoqueen | 31 |  | ungraded,1,1
Scarlet & Violet 151,Nidoqueen,031/165,Reverse Holo,Uncommon,Pokemon Scarlet & Violet 151,Nidoqueen [Reverse Holo] #31,scarlet violet 151 | nidoqueen | 31 | reverse holo | ungraded,2,1
Scarlet & Violet 151,Nidoran ♂,032/165,Normal,Common,Pokemon Scarlet & Violet 151,Nidoran ♂ #32,scarlet violet 151 | nidoran | 32 |  | ungraded,1,1
Scarlet & Violet 151,Nidoran ♂,032/165,Reverse Holo,Common,Pokemon Scarlet & Violet 151,Nidoran ♂ [Reverse Holo] #32,scarlet violet 151 | nidoran | 32 | reverse holo | ungraded,1,1
Scarlet & Violet 151,Nidorino,033/165,Normal,Uncommon,Pokemon Scarlet & Violet 151,Nidorino #33,scarlet violet 151 | nidorino | 33 |  | ungraded,1,1
Scarlet & Violet 151,Nidorino,033/165,Reverse Holo,Uncommon,Pokemon Scarlet & Violet 151,Nidorino [Reverse Holo] #33,scarlet violet 151 | nidorino | 33 | reverse holo | ungraded,2,1
Scarlet & Violet 151,Nidoking,034/165,Normal Holo,Rare,Pokemon Scarlet & Violet 151,Nidoking [Holo] #34,scarlet violet 151 | nidoking | 34 | holo | ungraded,1,0
Scarlet & Violet 151,Nidoking,034/165,Reverse Holo,Rare,Pokemon Scarlet & Violet 151,Nidoking [Reverse Holo] #34,scarlet violet 151 | nidoking | 34 | reverse holo | ungraded,1,1
Scarlet & Violet 151,Clefairy,035/165,Normal,Common,Pokemon Scarlet & Violet 151,Clefairy #35,scarlet violet 151 | clefairy | 35 |  | ungraded,1,1
Scarlet & Violet 151,Clefable,036/165,Normal,Uncommon,Pokemon Scarlet & Violet 151,Clefable #36,scarlet violet 151 | clefable | 36 |  | ungraded,1,1
Scarlet & Violet 151,Clefable,036/165,Reverse Holo,Uncommon,Pokemon Scarlet & Violet 151,Clefable [Reverse Holo] #36,scarlet violet 151 | clefable | 36 | reverse holo | ungraded,3,1
Scarlet & Violet 151,Vulpix,037/165,Normal,Common,Pokemon Scarlet & Violet 151,Vulpix #37,scarlet violet 151 | vulpix | 37 |  | ungraded,1,1
Scarlet & Violet 151,Vulpix,037/165,Reverse Holo,Common,Pokemon Scarlet & Violet 151,Vulpix [Reverse Holo] #37,scarlet violet 151 | vulpix | 37 | reverse holo | ungraded,1,1
Scarlet & Violet 151,Ninetales ex,038/165,Normal Holo,Double Rare,Pokemon Scarlet & Violet 151,Ninetales ex [Holo] #38,scarlet violet 151 | ninetales ex | 38 | holo | ungraded,1,0
Scarlet & Violet 151,Jigglypuff,039/165,Normal,Common,Pokemon Scarlet & Violet 151,Jigglypuff #39,scarlet violet 151 | jigglypuff | 39 |  | ungraded,1,1
Scarlet & Violet 151,Jigglypuff,039/165,Reverse Holo,Common,Pokemon Scarlet & Violet 151,Jigglypuff [Reverse Holo] #39,scarlet violet 151 | jigglypuff | 39 | reverse holo | ungraded,1,1
Scarlet & Violet 151,Zubat,041/165,Normal,Common,Pokemon Scarlet & Violet 151,Zubat #41,scarlet violet 151 | zubat | 41 |  | ungraded,1,1
Scarlet & Violet 151,Zubat,041/165,Reverse Holo,Common,Pokemon Scarlet & Violet 151,Zubat [Reverse Holo] #41,scarlet violet 151 | zubat | 41 | reverse holo | ungraded,2,1
Scarlet & Violet 151,Golbat,042/165,Normal,Uncommon,Pokemon Scarlet & Violet 151,Golbat #42,scarlet violet 151 | golbat | 42 |  | ungraded,1,1
Scarlet & Violet 151,Golbat,042/165,Reverse Holo,Uncommon,Pokemon Scarlet & Violet 151,Golbat [Reverse Holo] #42,scarlet violet 151 | golbat | 42 | reverse holo | ungraded,1,1
Scarlet & Violet 151,Oddish,043/165,Normal,Common,Pokemon Scarlet & Violet 151,Oddish #43,scarlet violet 151 | oddish | 43 |  | ungraded,1,1
Scarlet & Violet 151,Gloom,044/165,Normal,Uncommon,Pokemon Scarlet & Violet 151,Gloom #44,scarlet violet 151 | gloom | 44 |  | ungraded,1,1
Scarlet & Violet 151,Gloom,044/165,Reverse Holo,Uncommon,Pokemon Scarlet & Violet 151,Gloom [Reverse Holo] #44,scarlet violet 151 | gloom | 44 | reverse holo | ungraded,1,1
Scarlet & Violet 151,Vileplume,045/165,Normal Holo,Rare,Pokemon Scarlet & Violet 151,Vileplume [Holo] #45,scarlet violet 151 | vileplume | 45 | holo | ungraded,1,1
Scarlet & Violet 151,Paras,046/165,Normal,Common,Pokemon Scarlet & Violet 151,Paras #46,scarlet violet 151 | paras | 46 |  | ungraded,1,1
Scarlet & Violet 151,Paras,046/165,Reverse Holo,Common,Pokemon Scarlet & Violet 151,Paras [Reverse Holo] #46,scarlet violet 151 | paras | 46 | reverse holo | ungraded,1,1
Scarlet & Violet 151,Parasect,047/165,Normal,Uncommon,Pokemon Scarlet & Violet 151,Parasect #47,scarlet violet 151 | parasect | 47 |  | ungraded,1,1
Scarlet & Violet 151,Parasect,047/165,Reverse Holo,Uncommon,Pokemon Scarlet & Violet 151,Parasect [Reverse Holo] #47,scarlet violet 151 | parasect | 47 | reverse holo | ungraded,4,1
Scarlet & Violet 151,Venonat,048/165,Normal,Common,Pokemon Scarlet & Violet 151,Venonat #48,scarlet violet 151 | venonat | 48 |  | ungraded,1,1
Scarlet & Violet 151,Venonat,048/165,Reverse Holo,Common,Pokemon Scarlet & Violet 151,Venonat [Reverse Holo] #48,scarlet violet 151 | venonat | 48 | reverse holo | ungraded,2,1
Scarlet & Violet 151,Venomoth,049/165,Normal,Uncommon,Pokemon Scarlet & Violet 151,Venomoth #49,scarlet violet 151 | venomoth | 49 |  | ungraded,1,1
Scarlet & Violet 151,Venomoth,049/165,Reverse Holo,Uncommon,Pokemon Scarlet & Violet 151,Venomoth [Reverse Holo] #49,scarlet violet 151 | venomoth | 49 | reverse holo | ungraded,3,1
Scarlet & Violet 151,Diglett,050/165,Normal,Common,Pokemon Scarlet & Violet 151,Diglett #50,scarlet violet 151 | diglett | 50 |  | ungraded,1,1
Scarlet & Violet 151,Diglett,050/165,Reverse Holo,Common,Pokemon Scarlet & Violet 151,Diglett [Reverse Holo] #50,scarlet violet 151 | diglett | 50 | reverse holo | ungraded,3,1
Scarlet & Violet 151,Dugtrio,051/165,Normal,Uncommon,Pokemon Scarlet & Violet 151,Dugtrio #51,scarlet violet 151 | dugtrio | 51 |  | ungraded,1,1
Scarlet & Violet 151,Meowth,052/165,Normal,Common,Pokemon Scarlet & Violet 151,Meowth #52,scarlet violet 151 | meowth | 52 |  | ungraded,1,1
Scarlet & Violet 151,Meowth,052/165,Reverse Holo,Common,Pokemon Scarlet & Violet 151,Meowth [Reverse Holo] #52,scarlet violet 151 | meowth | 52 | reverse holo | ungraded,1,1
Scarlet & Violet 151,Persian,053/165,Normal,Uncommon,Pokemon Scarlet & Violet 151,Persian #53,scarlet violet 151 | persian | 53 |  | ungraded,1,1
Scarlet & Violet 151,Persian,053/165,Reverse Holo,Uncommon,Pokemon Scarlet & Violet 151,Persian [Reverse Holo] #53,scarlet violet 151 | persian | 53 | reverse holo | ungraded,2,1
Scarlet & Violet 151,Psyduck,054/165,Normal,Common,Pokemon Scarlet & Violet 151,Psyduck #54,scarlet violet 151 | psyduck | 54 |  | ungraded,1,1
Scarlet & Violet 151,Psyduck,054/165,Reverse Holo,Common,Pokemon Scarlet & Violet 151,Psyduck [Reverse Holo] #54,scarlet violet 151 | psyduck | 54 | reverse holo | ungraded,1,1
Scarlet & Violet 151,Golduck,055/165,Normal,Uncommon,Pokemon Scarlet & Violet 151,Golduck #55,scarlet violet 151 | golduck | 55 |  | ungraded,1,1
Scarlet & Violet 151,Golduck,055/165,Reverse Holo,Uncommon,Pokemon Scarlet & Violet 151,Golduck [Reverse Holo] #55,scarlet violet 151 | golduck | 55 | reverse holo | ungraded,1,1
Scarlet & Violet 151,Mankey,056/165,Normal,Common,Pokemon Scarlet & Violet 151,Mankey #56,scarlet violet 151 | mankey | 56 |  | ungraded,1,1
Scarlet & Violet 151,Mankey,056/165,Reverse Holo,Common,Pokemon Scarlet & Violet 151,Mankey [Reverse Holo] #56,scarlet violet 151 | mankey | 56 | reverse holo | ungraded,2,1
Scarlet & Violet 151,Primeape,057/165,Normal,Uncommon,Pokemon Scarlet & Violet 151,Primeape #57,scarlet violet 151 | primeape | 57 |  | ungraded,1,1
Scarlet & Violet 151,Primeape,057/165,Reverse Holo,Uncommon,Pokemon Scarlet & Violet 151,Primeape [Reverse Holo] #57,scarlet violet 151 | primeape | 57 | reverse holo | ungraded,2,1
Scarlet & Violet 151,Growlithe,058/165,Normal,Common,Pokemon Scarlet & Violet 151,Growlithe #58,scarlet violet 151 | growlithe | 58 |  | ungraded,1,1
Scarlet & Violet 151,Arcanine,059/165,Normal,Uncommon,Pokemon Scarlet & Violet 151,Arcanine #59,scarlet violet 151 | arcanine | 59 |  | ungraded,1,1
Scarlet & Violet 151,Arcanine,059/165,Reverse Holo,Uncommon,Pokemon Scarlet & Violet 151,Arcanine [Reverse Holo] #59,scarlet violet 151 | arcanine | 59 | reverse holo | ungraded,3,1
Scarlet & Violet 151,Poliwag,060/165,Normal,Common,Pokemon Scarlet & Violet 151,Poliwag #60,scarlet violet 151 | poliwag | 60 |  | ungraded,1,1
Scarlet & Violet 151,Poliwag,060/165,Reverse Holo,Common,Pokemon Scarlet & Violet 151,Poliwag [Reverse Holo] #60,scarlet violet 151 | poliwag | 60 | reverse holo | ungraded,2,1
Scarlet & Violet 151,Poliwhirl,061/165,Normal,Common,Pokemon Scarlet & Violet 151,Poliwhirl #61,scarlet violet 151 | poliwhirl | 61 |  | ungraded,1,1
Scarlet & Violet 151,Poliwhirl,061/165,Reverse Holo,Common,Pokemon Scarlet & Violet 151,Poliwhirl [Reverse Holo] #61,scarlet violet 151 | poliwhirl | 61 | reverse holo | ungraded,1,1
Scarlet & Violet 151,Poliwrath,062/165,Normal,Uncommon,Pokemon Scarlet & Violet 151,Poliwrath #62,scarlet violet 151 | poliwrath | 62 |  | ungraded,1,1
Scarlet & Violet 151,Poliwrath,062/165,Reverse Holo,Uncommon,Pokemon Scarlet & Violet 151,Poliwrath [Reverse Holo] #62,scarlet violet 151 | poliwrath | 62 | reverse holo | ungraded,1,1
Scarlet & Violet 151,Abra,063/165,Normal,Common,Pokemon Scarlet & Violet 151,Abra #63,scarlet violet 151 | abra | 63 |  | ungraded,1,1
Scarlet & Violet 151,Abra,063/165,Reverse Holo,Common,Pokemon Scarlet & Violet 151,Abra [Reverse Holo] #63,scarlet violet 151 | abra | 63 | reverse holo | ungraded,3,1
Scarlet & Violet 151,Kadabra,064/165,Normal,Uncommon,Pokemon Scarlet & Violet 151,Kadabra #64,scarlet violet 151 | kadabra | 64 |  | ungraded,1,1
Scarlet & Violet 151,Kadabra,064/165,Reverse Holo,Uncommon,Pokemon Scarlet & Violet 151,Kadabra [Reverse Holo] #64,scarlet violet 151 | kadabra | 64 | reverse holo | ungraded,1,1
Scarlet & Violet 151,Alakazam ex,065/165,Normal Holo,Double Rare,Pokemon Scarlet & Violet 151,Alakazam ex [Holo] #65,scarlet violet 151 | alakazam ex | 65 | holo | ungraded,1,0
Scarlet & Violet 151,Machop,066/165,Normal,Common,Pokemon Scarlet & Violet 151,Machop #66,scarlet violet 151 | machop | 66 |  | ungraded,1,1
Scarlet & Violet 151,Machop,066/165,Reverse Holo,Common,Pokemon Scarlet & Violet 151,Machop [Reverse Holo] #66,scarlet violet 151 | machop | 66 | reverse holo | ungraded,2,1
Scarlet & Violet 151,Machoke,067/165,Normal,Uncommon,Pokemon Scarlet & Violet 151,Machoke #67,scarlet violet 151 | machoke | 67 |  | ungraded,1,1
Scarlet & Violet 151,Machoke,067/165,Reverse Holo,Uncommon,Pokemon Scarlet & Violet 151,Machoke [Reverse Holo] #67,scarlet violet 151 | machoke | 67 | reverse holo | ungraded,1,1
Scarlet & Violet 151,Machamp,068/165,Normal Holo,Rare,Pokemon Scarlet & Violet 151,Machamp [Holo] #68,scarlet violet 151 | machamp | 68 | holo | ungraded,1,1
Scarlet & Violet 151,Machamp,068/165,Reverse Holo,Rare,Pokemon Scarlet & Violet 151,Machamp [Reverse Holo] #68,scarlet violet 151 | machamp | 68 | reverse holo | ungraded,2,1
Scarlet & Violet 151,Bellsprout,069/165,Normal,Common,Pokemon Scarlet & Violet 151,Bellsprout #69,scarlet violet 151 | bellsprout | 69 |  | ungraded,1,1
Scarlet & Violet 151,Bellsprout,069/165,Reverse Holo,Common,Pokemon Scarlet & Violet 151,Bellsprout [Reverse Holo] #69,scarlet violet 151 | bellsprout | 69 | reverse holo | ungraded,1,1
Scarlet & Violet 151,Weepinbell,070/165,Normal,Common,Pokemon Scarlet & Violet 151,Weepinbell #70,scarlet violet 151 | weepinbell | 70 |  | ungraded,1,1
Scarlet & Violet 151,Victreebel,071/165,Normal,Uncommon,Pokemon Scarlet & Violet 151,Victreebel #71,scarlet violet 151 | victreebel | 71 |  | ungraded,1,1
Scarlet & Violet 151,Victreebel,071/165,Reverse Holo,Uncommon,Pokemon Scarlet & Violet 151,Victreebel [Reverse Holo] #71,scarlet violet 151 | victreebel | 71 | reverse holo | ungraded,2,1
Scarlet & Violet 151,Tentacool,072/165,Normal,Common,Pokemon Scarlet & Violet 151,Tentacool #72,scarlet violet 151 | tentacool | 72 |  | ungraded,1,1
Scarlet & Violet 151,Tentacool,072/165,Reverse Holo,Common,Pokemon Scarlet & Violet 151,Tentacool [Reverse Holo] #72,scarlet violet 151 | tentacool | 72 | reverse holo | ungraded,1,1
Scarlet & Violet 151,Tentacruel,073/165,Normal,Uncommon,Pokemon Scarlet & Violet 151,Tentacruel #73,scarlet violet 151 | tentacruel | 73 |  | ungraded,1,1
Scarlet & Violet 151,Tentacruel,073/165,Reverse Holo,Uncommon,Pokemon Scarlet & Violet 151,Tentacruel [Reverse Holo] #73,scarlet violet 151 | tentacruel | 73 | reverse holo | ungraded,1,1
Scarlet & Violet 151,Geodude,074/165,Normal,Common,Pokemon Scarlet & Violet 151,Geodude #74,scarlet violet 151 | geodude | 74 |  | ungraded,1,1
Scarlet & Violet 151,Geodude,074/165,Reverse Holo,Common,Pokemon Scarlet & Violet 151,Geodude [Reverse Holo] #74,scarlet violet 151 | geodude | 74 | reverse holo | ungraded,1,1
Scarlet & Violet 151,Graveler,075/165,Normal,Uncommon,Pokemon Scarlet & Violet 151,Graveler #75,scarlet violet 151 | graveler | 75 |  | ungraded,1,1
Scarlet & Violet 151,Golem ex,076/165,Normal Holo,Double Rare,Pokemon Scarlet & Violet 151,Golem ex [Holo] #76,scarlet violet 151 | golem ex | 76 | holo | ungraded,1,0
Scarlet & Violet 151,Ponyta,077/165,Normal,Common,Pokemon Scarlet & Violet 151,Ponyta #77,scarlet violet 151 | ponyta | 77 |  | ungraded,1,1
Scarlet & Violet 151,Ponyta,077/165,Reverse Holo,Common,Pokemon Scarlet & Violet 151,Ponyta [Reverse Holo] #77,scarlet violet 151 | ponyta | 77 | reverse holo | ungraded,4,1
Scarlet & Violet 151,Rapidash,078/165,Normal,Uncommon,Pokemon Scarlet & Violet 151,Rapidash #78,scarlet violet 151 | rapidash | 78 |  | ungraded,1,1
Scarlet & Violet 151,Rapidash,078/165,Reverse Holo,Uncommon,Pokemon Scarlet & Violet 151,Rapidash [Reverse Holo] #78,scarlet violet 151 | rapidash | 78 | reverse holo | ungraded,3,1
Scarlet & Violet 151,Slowpoke,079/165,Normal,Common,Pokemon Scarlet & Violet 151,Slowpoke #79,scarlet violet 151 | slowpoke | 79 |  | ungraded,1,1
Scarlet & Violet 151,Slowbro,080/165,Normal,Uncommon,Pokemon Scarlet & Violet 151,Slowbro #80,scarlet violet 151 | slowbro | 80 |  | ungraded,1,1
Scarlet & Violet 151,Slowbro,080/165,Reverse Holo,Uncommon,Pokemon Scarlet & Violet 151,Slowbro [Reverse Holo] #80,scarlet violet 151 | slowbro | 80 | reverse holo | ungraded,4,1
Scarlet & Violet 151,Magnemite,081/165,Normal,Common,Pokemon Scarlet & Violet 151,Magnemite #81,scarlet violet 151 | magnemite | 81 |  | ungraded,1,1
Scarlet & Violet 151,Magnemite,081/165,Reverse Holo,Common,Pokemon Scarlet & Violet 151,Magnemite [Reverse Holo] #81,scarlet violet 151 | magnemite | 81 | reverse holo | ungraded,5,1
Scarlet & Violet 151,Magneton,082/165,Normal,Uncommon,Pokemon Scarlet & Violet 151,Magneton #82,scarlet violet 151 | magneton | 82 |  | ungraded,1,1
Scarlet & Violet 151,Magneton,082/165,Reverse Holo,Uncommon,Pokemon Scarlet & Violet 151,Magneton [Reverse Holo] #82,scarlet violet 151 | magneton | 82 | reverse holo | ungraded,1,1
Scarlet & Violet 151,Farfetch'd,083/165,Normal,Common,Pokemon Scarlet & Violet 151,Farfetch'd #83,scarlet violet 151 | farfetch d | 83 |  | ungraded,1,1
Scarlet & Violet 151,Farfetch'd,083/165,Reverse Holo,Common,Pokemon Scarlet & Violet 151,Farfetch'd [Reverse Holo] #83,scarlet violet 151 | farfetch d | 83 | reverse holo | ungraded,1,1
Scarlet & Violet 151,Doduo,084/165,Normal,Common,Pokemon Scarlet & Violet 151,Doduo #84,scarlet violet 151 | doduo | 84 |  | ungraded,1,1
Scarlet & Violet 151,Doduo,084/165,Reverse Holo,Common,Pokemon Scarlet & Violet 151,Doduo [Reverse Holo] #84,scarlet violet 151 | doduo | 84 | reverse holo | ungraded,1,1
Scarlet & Violet 151,Dodrio,085/165,Normal Holo,Rare,Pokemon Scarlet & Violet 151,Dodrio [Holo] #85,scarlet violet 151 | dodrio | 85 | holo | ungraded,1,0
Scarlet & Violet 151,Seel,086/165,Normal,Common,Pokemon Scarlet & Violet 151,Seel #86,scarlet violet 151 | seel | 86 |  | ungraded,1,1
Scarlet & Violet 151,Seel,086/165,Reverse Holo,Common,Pokemon Scarlet & Violet 151,Seel [Reverse Holo] #86,scarlet violet 151 | seel | 86 | reverse holo | ungraded,3,1
Scarlet & Violet 151,Dewgong,087/165,Normal,Uncommon,Pokemon Scarlet & Violet 151,Dewgong #87,scarlet violet 151 | dewgong | 87 |  | ungraded,1,1
Scarlet & Violet 151,Dewgong,087/165,Reverse Holo,Uncommon,Pokemon Scarlet & Violet 151,Dewgong [Reverse Holo] #87,scarlet violet 151 | dewgong | 87 | reverse holo | ungraded,2,1
Scarlet & Violet 151,Grimer,088/165,Normal,Common,Pokemon Scarlet & Violet 151,Grimer #88,scarlet violet 151 | grimer | 88 |  | ungraded,1,1
Scarlet & Violet 151,Grimer,088/165,Reverse Holo,Common,Pokemon Scarlet & Violet 151,Grimer [Reverse Holo] #88,scarlet violet 151 | grimer | 88 | reverse holo | ungraded,1,1
Scarlet & Violet 151,Muk,089/165,Normal,Uncommon,Pokemon Scarlet & Violet 151,Muk #89,scarlet violet 151 | muk | 89 |  | ungraded,1,1
Scarlet & Violet 151,Muk,089/165,Reverse Holo,Uncommon,Pokemon Scarlet & Violet 151,Muk [Reverse Holo] #89,scarlet violet 151 | muk | 89 | reverse holo | ungraded,2,1
Scarlet & Violet 151,Shellder,090/165,Normal,Common,Pokemon Scarlet & Violet 151,Shellder #90,scarlet violet 151 | shellder | 90 |  | ungraded,1,1
Scarlet & Violet 151,Cloyster,091/165,Normal,Uncommon,Pokemon Scarlet & Violet 151,Cloyster #91,scarlet violet 151 | cloyster | 91 |  | ungraded,1,1
Scarlet & Violet 151,Gastly,092/165,Normal,Common,Pokemon Scarlet & Violet 151,Gastly #92,scarlet violet 151 | gastly | 92 |  | ungraded,1,1
Scarlet & Violet 151,Haunter,093/165,Normal,Uncommon,Pokemon Scarlet & Violet 151,Haunter #93,scarlet violet 151 | haunter | 93 |  | ungraded,1,1
Scarlet & Violet 151,Haunter,093/165,Reverse Holo,Uncommon,Pokemon Scarlet & Violet 151,Haunter [Reverse Holo] #93,scarlet violet 151 | haunter | 93 | reverse holo | ungraded,3,1
Scarlet & Violet 151,Gengar,094/165,Normal Holo,Rare,Pokemon Scarlet & Violet 151,Gengar [Holo] #94,scarlet violet 151 | gengar | 94 | holo | ungraded,1,0
Scarlet & Violet 151,Onix,095/165,Normal,Uncommon,Pokemon Scarlet & Violet 151,Onix #95,scarlet violet 151 | onix | 95 |  | ungraded,1,1
Scarlet & Violet 151,Drowzee,096/165,Normal,Common,Pokemon Scarlet & Violet 151,Drowzee #96,scarlet violet 151 | drowzee | 96 |  | ungraded,1,1
Scarlet & Violet 151,Drowzee,096/165,Reverse Holo,Common,Pokemon Scarlet & Violet 151,Drowzee [Reverse Holo] #96,scarlet violet 151 | drowzee | 96 | reverse holo | ungraded,2,1
Scarlet & Violet 151,Hypno,097/165,Normal,Uncommon,Pokemon Scarlet & Violet 151,Hypno #97,scarlet violet 151 | hypno | 97 |  | ungraded,1,1
Scarlet & Violet 151,Hypno,097/165,Reverse Holo,Uncommon,Pokemon Scarlet & Violet 151,Hypno [Reverse Holo] #97,scarlet violet 151 | hypno | 97 | reverse holo | ungraded,1,1
Scarlet & Violet 151,Krabby,098/165,Normal,Common,Pokemon Scarlet & Violet 151,Krabby #98,scarlet violet 151 | krabby | 98 |  | ungraded,1,1
Scarlet & Violet 151,Krabby,098/165,Reverse Holo,Common,Pokemon Scarlet & Violet 151,Krabby [Reverse Holo] #98,scarlet violet 151 | krabby | 98 | reverse holo | ungraded,2,1
Scarlet & Violet 151,Kingler,099/165,Normal,Uncommon,Pokemon Scarlet & Violet 151,Kingler #99,scarlet violet 151 | kingler | 99 |  | ungraded,1,1
Scarlet & Violet 151,Kingler,099/165,Reverse Holo,Uncommon,Pokemon Scarlet & Violet 151,Kingler [Reverse Holo] #99,scarlet violet 151 | kingler | 99 | reverse holo | ungraded,2,1
Scarlet & Violet 151,Voltorb,100/165,Normal,Common,Pokemon Scarlet & Violet 151,Voltorb #100,scarlet violet 151 | voltorb | 100 |  | ungraded,1,1
Scarlet & Violet 151,Voltorb,100/165,Reverse Holo,Common,Pokemon Scarlet & Violet 151,Voltorb [Reverse Holo] #100,scarlet violet 151 | voltorb | 100 | reverse holo | ungraded,2,1
Scarlet & Violet 151,Electrode,101/165,Normal Holo,Rare,Pokemon Scarlet & Violet 151,Electrode [Holo] #101,scarlet violet 151 | electrode | 101 | holo | ungraded,1,0
Scarlet & Violet 151,Exeggcute,102/165,Normal,Common,Pokemon Scarlet & Violet 151,Exeggcute #102,scarlet violet 151 | exeggcute | 102 |  | ungraded,1,1
Scarlet & Violet 151,Exeggcute,102/165,Reverse Holo,Common,Pokemon Scarlet & Violet 151,Exeggcute [Reverse Holo] #102,scarlet violet 151 | exeggcute | 102 | reverse holo | ungraded,2,1
Scarlet & Violet 151,Exeggutor,103/165,Normal,Uncommon,Pokemon Scarlet & Violet 151,Exeggutor #103,scarlet violet 151 | exeggutor | 103 |  | ungraded,1,1
Scarlet & Violet 151,Exeggutor,103/165,Reverse Holo,Uncommon,Pokemon Scarlet & Violet 151,Exeggutor [Reverse Holo] #103,scarlet violet 151 | exeggutor | 103 | reverse holo | ungraded,1,1
Scarlet & Violet 151,Cubone,104/165,Normal,Common,Pokemon Scarlet & Violet 151,Cubone #104,scarlet violet 151 | cubone | 104 |  | ungraded,1,1
Scarlet & Violet 151,Cubone,104/165,Reverse Holo,Common,Pokemon Scarlet & Violet 151,Cubone [Reverse Holo] #104,scarlet violet 151 | cubone | 104 | reverse holo | ungraded,3,1
Scarlet & Violet 151,Marowak,105/165,Normal Holo,Rare,Pokemon Scarlet & Violet 151,Marowak [Holo] #105,scarlet violet 151 | marowak | 105 | holo | ungraded,1,1
Scarlet & Violet 151,Marowak,105/165,Reverse Holo,Rare,Pokemon Scarlet & Violet 151,Marowak [Reverse Holo] #105,scarlet violet 151 | marowak | 105 | reverse holo | ungraded,1,1
Scarlet & Violet 151,Hitmonlee,106/165,Normal,Uncommon,Pokemon Scarlet & Violet 151,Hitmonlee #106,scarlet violet 151 | hitmonlee | 106 |  | ungraded,1,1
Scarlet & Violet 151,Hitmonchan,107/165,Normal,Uncommon,Pokemon Scarlet & Violet 151,Hitmonchan #107,scarlet violet 151 | hitmonchan | 107 |  | ungraded,1,1
Scarlet & Violet 151,Hitmonchan,107/165,Reverse Holo,Uncommon,Pokemon Scarlet & Violet 151,Hitmonchan [Reverse Holo] #107,scarlet violet 151 | hitmonchan | 107 | reverse holo | ungraded,1,1
Scarlet & Violet 151,Lickitung,108/165,Normal,Common,Pokemon Scarlet & Violet 151,Lickitung #108,scarlet violet 151 | lickitung | 108 |  | ungraded,1,1
Scarlet & Violet 151,Lickitung,108/165,Reverse Holo,Common,Pokemon Scarlet & Violet 151,Lickitung [Reverse Holo] #108,scarlet violet 151 | lickitung | 108 | reverse holo | ungraded,1,1
Scarlet & Violet 151,Koffing,109/165,Normal,Common,Pokemon Scarlet & Violet 151,Koffing #109,scarlet violet 151 | koffing | 109 |  | ungraded,1,1
Scarlet & Violet 151,Weezing,110/165,Normal Holo,Rare,Pokemon Scarlet & Violet 151,Weezing [Holo] #110,scarlet violet 151 | weezing | 110 | holo | ungraded,1,0
Scarlet & Violet 151,Rhyhorn,111/165,Normal,Common,Pokemon Scarlet & Violet 151,Rhyhorn #111,scarlet violet 151 | rhyhorn | 111 |  | ungraded,1,1
Scarlet & Violet 151,Rhyhorn,111/165,Reverse Holo,Common,Pokemon Scarlet & Violet 151,Rhyhorn [Reverse Holo] #111,scarlet violet 151 | rhyhorn | 111 | reverse holo | ungraded,1,1
Scarlet & Violet 151,Rhydon,112/165,Normal,Uncommon,Pokemon Scarlet & Violet 151,Rhydon #112,scarlet violet 151 | rhydon | 112 |  | ungraded,1,1
Scarlet & Violet 151,Rhydon,112/165,Reverse Holo,Uncommon,Pokemon Scarlet & Violet 151,Rhydon [Reverse Holo] #112,scarlet violet 151 | rhydon | 112 | reverse holo | ungraded,2,1
Scarlet & Violet 151,Chansey,113/165,Normal Holo,Rare,Pokemon Scarlet & Violet 151,Chansey [Holo] #113,scarlet violet 151 | chansey | 113 | holo | ungraded,1,0
Scarlet & Violet 151,Tangela,114/165,Normal,Common,Pokemon Scarlet & Violet 151,Tangela #114,scarlet violet 151 | tangela | 114 |  | ungraded,1,1
Scarlet & Violet 151,Tangela,114/165,Reverse Holo,Common,Pokemon Scarlet & Violet 151,Tangela [Reverse Holo] #114,scarlet violet 151 | tangela | 114 | reverse holo | ungraded,1,1
Scarlet & Violet 151,Kangaskhan ex,115/165,Normal Holo,Double Rare,Pokemon Scarlet & Violet 151,Kangaskhan ex [Holo] #115,scarlet violet 151 | kangaskhan ex | 115 | holo | ungraded,1,0
Scarlet & Violet 151,Horsea,116/165,Normal,Common,Pokemon Scarlet & Violet 151,Horsea #116,scarlet violet 151 | horsea | 116 |  | ungraded,1,1
Scarlet & Violet 151,Horsea,116/165,Reverse Holo,Common,Pokemon Scarlet & Violet 151,Horsea [Reverse Holo] #116,scarlet violet 151 | horsea | 116 | reverse holo | ungraded,3,1
Scarlet & Violet 151,Seadra,117/165,Normal,Uncommon,Pokemon Scarlet & Violet 151,Seadra #117,scarlet violet 151 | seadra | 117 |  | ungraded,1,1
Scarlet & Violet 151,Seadra,117/165,Reverse Holo,Uncommon,Pokemon Scarlet & Violet 151,Seadra [Reverse Holo] #117,scarlet violet 151 | seadra | 117 | reverse holo | ungraded,1,1
Scarlet & Violet 151,Goldeen,118/165,Normal,Common,Pokemon Scarlet & Violet 151,Goldeen #118,scarlet violet 151 | goldeen | 118 |  | ungraded,1,1
Scarlet & Violet 151,Goldeen,118/165,Reverse Holo,Common,Pokemon Scarlet & Violet 151,Goldeen [Reverse Holo] #118,scarlet violet 151 | goldeen | 118 | reverse holo | ungraded,3,1
Scarlet & Violet 151,Seaking,119/165,Normal,Uncommon,Pokemon Scarlet & Violet 151,Seaking #119,scarlet violet 151 | seaking | 119 |  | ungraded,1,1
Scarlet & Violet 151,Seaking,119/165,Reverse Holo,Uncommon,Pokemon Scarlet & Violet 151,Seaking [Reverse Holo] #119,scarlet violet 151 | seaking | 119 | reverse holo | ungraded,2,1
Scarlet & Violet 151,Staryu,120/165,Normal,Common,Pokemon Scarlet & Violet 151,Staryu #120,scarlet violet 151 | staryu | 120 |  | ungraded,1,1
Scarlet & Violet 151,Staryu,120/165,Reverse Holo,Common,Pokemon Scarlet & Violet 151,Staryu [Reverse Holo] #120,scarlet violet 151 | staryu | 120 | reverse holo | ungraded,4,1
Scarlet & Violet 151,Starmie,121/165,Normal Holo,Rare,Pokemon Scarlet & Violet 151,Starmie [Holo] #121,scarlet violet 151 | starmie | 121 | holo | ungraded,1,0
Scarlet & Violet 151,Mr. Mime,122/165,Normal Holo,Rare,Pokemon Scarlet & Violet 151,Mr. Mime [Holo] #122,scarlet violet 151 | mr mime | 122 | holo | ungraded,1,0
Scarlet & Violet 151,Scyther,123/165,Normal,Uncommon,Pokemon Scarlet & Violet 151,Scyther #123,scarlet violet 151 | scyther | 123 |  | ungraded,1,1
Scarlet & Violet 151,Jynx ex,124/165,Normal Holo,Double Rare,Pokemon Scarlet & Violet 151,Jynx ex [Holo] #124,scarlet violet 151 | jynx ex | 124 | holo | ungraded,1,0
Scarlet & Violet 151,Electabuzz,125/165,Normal,Common,Pokemon Scarlet & Violet 151,Electabuzz #125,scarlet violet 151 | electabuzz | 125 |  | ungraded,1,1
Scarlet & Violet 151,Electabuzz,125/165,Reverse Holo,Common,Pokemon Scarlet & Violet 151,Electabuzz [Reverse Holo] #125,scarlet violet 151 | electabuzz | 125 | reverse holo | ungraded,1,1
Scarlet & Violet 151,Magmar,126/165,Normal,Common,Pokemon Scarlet & Violet 151,Magmar #126,scarlet violet 151 | magmar | 126 |  | ungraded,1,1
Scarlet & Violet 151,Pinsir,127/165,Normal,Uncommon,Pokemon Scarlet & Violet 151,Pinsir #127,scarlet violet 151 | pinsir | 127 |  | ungraded,1,1
Scarlet & Violet 151,Pinsir,127/165,Reverse Holo,Uncommon,Pokemon Scarlet & Violet 151,Pinsir [Reverse Holo] #127,scarlet violet 151 | pinsir | 127 | reverse holo | ungraded,1,1
Scarlet & Violet 151,Tauros,128/165,Normal,Uncommon,Pokemon Scarlet & Violet 151,Tauros #128,scarlet violet 151 | tauros | 128 |  | ungraded,1,1
Scarlet & Violet 151,Magikarp,129/165,Normal,Common,Pokemon Scarlet & Violet 151,Magikarp #129,scarlet violet 151 | magikarp | 129 |  | ungraded,1,1
Scarlet & Violet 151,Magikarp,129/165,Reverse Holo,Common,Pokemon Scarlet & Violet 151,Magikarp [Reverse Holo] #129,scarlet violet 151 | magikarp | 129 | reverse holo | ungraded,1,1
Scarlet & Violet 151,Gyarados,130/165,Reverse Holo,Rare,Pokemon Scarlet & Violet 151,Gyarados [Reverse Holo] #130,scarlet violet 151 | gyarados | 130 | reverse holo | ungraded,2,1
Scarlet & Violet 151,Lapras,131/165,Normal,Uncommon,Pokemon Scarlet & Violet 151,Lapras #131,scarlet violet 151 | lapras | 131 |  | ungraded,1,1
Scarlet & Violet 151,Lapras,131/165,Reverse Holo,Uncommon,Pokemon Scarlet & Violet 151,Lapras [Reverse Holo] #131,scarlet violet 151 | lapras | 131 | reverse holo | ungraded,1,1
Scarlet & Violet 151,Ditto,132/165,Normal Holo,Rare,Pokemon Scarlet & Violet 151,Ditto [Holo] #132,scarlet violet 151 | ditto | 132 | holo | ungraded,1,1
Scarlet & Violet 151,Eevee,133/165,Normal,Common,Pokemon Scarlet & Violet 151,Eevee #133,scarlet violet 151 | eevee | 133 |  | ungraded,1,1
Scarlet & Violet 151,Vaporeon,134/165,Normal Holo,Rare,Pokemon Scarlet & Violet 151,Vaporeon [Holo] #134,scarlet violet 151 | vaporeon | 134 | holo | ungraded,1,1
Scarlet & Violet 151,Vaporeon,134/165,Reverse Holo,Rare,Pokemon Scarlet & Violet 151,Vaporeon [Reverse Holo] #134,scarlet violet 151 | vaporeon | 134 | reverse holo | ungraded,1,1
Scarlet & Violet 151,Jolteon,135/165,Normal Holo,Rare,Pokemon Scarlet & Violet 151,Jolteon [Holo] #135,scarlet violet 151 | jolteon | 135 | holo | ungraded,1,0
Scarlet & Violet 151,Flareon,136/165,Normal Holo,Rare,Pokemon Scarlet & Violet 151,Flareon [Holo] #136,scarlet violet 151 | flareon | 136 | holo | ungraded,1,0
Scarlet & Violet 151,Porygon,137/165,Normal,Common,Pokemon Scarlet & Violet 151,Porygon #137,scarlet violet 151 | porygon | 137 |  | ungraded,1,1
Scarlet & Violet 151,Porygon,137/165,Reverse Holo,Common,Pokemon Scarlet & Violet 151,Porygon [Reverse Holo] #137,scarlet violet 151 | porygon | 137 | reverse holo | ungraded,1,1
Scarlet & Violet 151,Omanyte,138/165,Normal,Uncommon,Pokemon Scarlet & Violet 151,Omanyte #138,scarlet violet 151 | omanyte | 138 |  | ungraded,1,1
Scarlet & Violet 151,Omastar,139/165,Normal Holo,Rare,Pokemon Scarlet & Violet 151,Omastar [Holo] #139,scarlet violet 151 | omastar | 139 | holo | ungraded,1,0
Scarlet & Violet 151,Kabuto,140/165,Normal,Uncommon,Pokemon Scarlet & Violet 151,Kabuto #140,scarlet violet 151 | kabuto | 140 |  | ungraded,1,1
Scarlet & Violet 151,Kabuto,140/165,Reverse Holo,Uncommon,Pokemon Scarlet & Violet 151,Kabuto [Reverse Holo] #140,scarlet violet 151 | kabuto | 140 | reverse holo | ungraded,2,1
Scarlet & Violet 151,Kabutops,141/165,Normal Holo,Rare,Pokemon Scarlet & Violet 151,Kabutops [Holo] #141,scarlet violet 151 | kabutops | 141 | holo | ungraded,1,0
Scarlet & Violet 151,Kabutops,141/165,Reverse Holo,Rare,Pokemon Scarlet & Violet 151,Kabutops [Reverse Holo] #141,scarlet violet 151 | kabutops | 141 | reverse holo | ungraded,1,1
Scarlet & Violet 151,Aerodactyl,142/165,Normal Holo,Rare,Pokemon Scarlet & Violet 151,Aerodactyl [Holo] #142,scarlet violet 151 | aerodactyl | 142 | holo | ungraded,1,0
Scarlet & Violet 151,Snorlax,143/165,Normal,Uncommon,Pokemon Scarlet & Violet 151,Snorlax #143,scarlet violet 151 | snorlax | 143 |  | ungraded,1,1
Scarlet & Violet 151,Articuno,144/165,Normal Holo,Rare,Pokemon Scarlet & Violet 151,Articuno [Holo] #144,scarlet violet 151 | articuno | 144 | holo | ungraded,1,0
Scarlet & Violet 151,Zapdos ex,145/165,Normal Holo,Double Rare,Pokemon Scarlet & Violet 151,Zapdos ex [Holo] #145,scarlet violet 151 | zapdos ex | 145 | holo | ungraded,1,0
Scarlet & Violet 151,Moltres,146/165,Normal Holo,Rare,Pokemon Scarlet & Violet 151,Moltres [Holo] #146,scarlet violet 151 | moltres | 146 | holo | ungraded,1,1
Scarlet & Violet 151,Moltres,146/165,Reverse Holo,Rare,Pokemon Scarlet & Violet 151,Moltres [Reverse Holo] #146,scarlet violet 151 | moltres | 146 | reverse holo | ungraded,1,1
Scarlet & Violet 151,Dratini,147/165,Normal,Common,Pokemon Scarlet & Violet 151,Dratini #147,scarlet violet 151 | dratini | 147 |  | ungraded,1,1
Scarlet & Violet 151,Dratini,147/165,Reverse Holo,Common,Pokemon Scarlet & Violet 151,Dratini [Reverse Holo] #147,scarlet violet 151 | dratini | 147 | reverse holo | ungraded,1,1
Scarlet & Violet 151,Dragonair,148/165,Normal,Uncommon,Pokemon Scarlet & Violet 151,Dragonair #148,scarlet violet 151 | dragonair | 148 |  | ungraded,1,1
Scarlet & Violet 151,Dragonair,148/165,Reverse Holo,Uncommon,Pokemon Scarlet & Violet 151,Dragonair [Reverse Holo] #148,scarlet violet 151 | dragonair | 148 | reverse holo | ungraded,1,1
Scarlet & Violet 151,Dragonite,149/165,Normal Holo,Rare,Pokemon Scarlet & Violet 151,Dragonite [Holo] #149,scarlet violet 151 | dragonite | 149 | holo | ungraded,1,0
Scarlet & Violet 151,Mewtwo,150/165,Normal Holo,Rare,Pokemon Scarlet & Violet 151,Mewtwo [Holo] #150,scarlet violet 151 | mewtwo | 150 | holo | ungraded,1,1
Scarlet & Violet 151,Mewtwo,150/165,Reverse Holo,Rare,Pokemon Scarlet & Violet 151,Mewtwo [Reverse Holo] #150,scarlet violet 151 | mewtwo | 150 | reverse holo | ungraded,2,1
Scarlet & Violet 151,Mew ex,151/165,Normal Holo,Double Rare,Pokemon Scarlet & Violet 151,Mew ex [Holo] #151,scarlet violet 151 | mew ex | 151 | holo | ungraded,1,0
Scarlet & Violet 151,Antique Dome Fossil,152/165,Normal,Common,Pokemon Scarlet & Violet 151,Antique Dome Fossil #152,scarlet violet 151 | antique dome fossil | 152 |  | ungraded,1,1
Scarlet & Violet 151,Antique Helix Fossil,153/165,Normal,Common,Pokemon Scarlet & Violet 151,Antique Helix Fossil #153,scarlet violet 151 | antique helix fossil | 153 |  | ungraded,1,1
Scarlet & Violet 151,Antique Helix Fossil,153/165,Reverse Holo,Common,Pokemon Scarlet & Violet 151,Antique Helix Fossil [Reverse Holo] #153,scarlet violet 151 | antique helix fossil | 153 | reverse holo | ungraded,1,1
Scarlet & Violet 151,Antique Old Amber,154/165,Reverse Holo,Common,Pokemon Scarlet & Violet 151,Antique Old Amber [Reverse Holo] #154,scarlet violet 151 | antique old amber | 154 | reverse holo | ungraded,1,1
Scarlet & Violet 151,Big Air Balloon,155/165,Normal,Uncommon,Pokemon Scarlet & Violet 151,Big Air Balloon #155,scarlet violet 151 | big air balloon | 155 |  | ungraded,1,1
Scarlet & Violet 151,Big Air Balloon,155/165,Reverse Holo,Uncommon,Pokemon Scarlet & Violet 151,Big Air Balloon [Reverse Holo] #155,scarlet violet 151 | big air balloon | 155 | reverse holo | ungraded,2,1
Scarlet & Violet 151,Bill's Transfer,156/165,Normal,Uncommon,Pokemon Scarlet & Violet 151,Bill's Transfer #156,scarlet violet 151 | bill s transfer | 156 |  | ungraded,1,1
Scarlet & Violet 151,Bill's Transfer,156/165,Reverse Holo,Uncommon,Pokemon Scarlet & Violet 151,Bill's Transfer [Reverse Holo] #156,scarlet violet 151 | bill s transfer | 156 | reverse holo | ungraded,1,1
Scarlet & Violet 151,Cycling Road,157/165,Normal,Uncommon,Pokemon Scarlet & Violet 151,Cycling Road #157,scarlet violet 151 | cycling road | 157 |  | ungraded,1,1
Scarlet & Violet 151,Daisy's Help,158/165,Normal,Uncommon,Pokemon Scarlet & Violet 151,Daisy's Help #158,scarlet violet 151 | daisy s help | 158 |  | ungraded,1,1
Scarlet & Violet 151,Daisy's Help,158/165,Reverse Holo,Uncommon,Pokemon Scarlet & Violet 151,Daisy's Help [Reverse Holo] #158,scarlet violet 151 | daisy s help | 158 | reverse holo | ungraded,2,1
Scarlet & Violet 151,Energy Sticker,159/165,Normal,Uncommon,Pokemon Scarlet & Violet 151,Energy Sticker #159,scarlet violet 151 | energy sticker | 159 |  | ungraded,1,1
Scarlet & Violet 151,Energy Sticker,159/165,Reverse Holo,Uncommon,Pokemon Scarlet & Violet 151,Energy Sticker [Reverse Holo] #159,scarlet violet 151 | energy sticker | 159 | reverse holo | ungraded,4,1
Scarlet & Violet 151,Erika's Invitation,160/165,Normal,Uncommon,Pokemon Scarlet & Violet 151,Erika's Invitation #160,scarlet violet 151 | erika s invitation | 160 |  | ungraded,1,1
Scarlet & Violet 151,Erika's Invitation,160/165,Reverse Holo,Uncommon,Pokemon Scarlet & Violet 151,Erika's Invitation [Reverse Holo] #160,scarlet violet 151 | erika s invitation | 160 | reverse holo | ungraded,1,1
Scarlet & Violet 151,Giovanni's Charisma,161/165,Normal,Uncommon,Pokemon Scarlet & Violet 151,Giovanni's Charisma #161,scarlet violet 151 | giovanni s charisma | 161 |  | ungraded,1,1
Scarlet & Violet 151,Giovanni's Charisma,161/165,Reverse Holo,Uncommon,Pokemon Scarlet & Violet 151,Giovanni's Charisma [Reverse Holo] #161,scarlet violet 151 | giovanni s charisma | 161 | reverse holo | ungraded,2,1
Scarlet & Violet 151,Grabber,162/165,Normal,Uncommon,Pokemon Scarlet & Violet 151,Grabber #162,scarlet violet 151 | grabber | 162 |  | ungraded,1,1
Scarlet & Violet 151,Grabber,162/165,Reverse Holo,Uncommon,Pokemon Scarlet & Violet 151,Grabber [Reverse Holo] #162,scarlet violet 151 | grabber | 162 | reverse holo | ungraded,1,1
Scarlet & Violet 151,Leftovers,163/165,Normal,Uncommon,Pokemon Scarlet & Violet 151,Leftovers #163,scarlet violet 151 | leftovers | 163 |  | ungraded,1,1
Scarlet & Violet 151,Protective Goggles,164/165,Normal,Uncommon,Pokemon Scarlet & Violet 151,Protective Goggles #164,scarlet violet 151 | protective goggles | 164 |  | ungraded,1,1
Scarlet & Violet 151,Rigid Band,165/165,Normal,Uncommon,Pokemon Scarlet & Violet 151,Rigid Band #165,scarlet violet 151 | rigid band | 165 |  | ungraded,1,1
Scarlet & Violet 151,Bulbasaur,166/165,Normal Holo,Illustration Rare,Pokemon Scarlet & Violet 151,Bulbasaur [Holo] #166,scarlet violet 151 | bulbasaur | 166 | holo | ungraded,1,0
Scarlet & Violet 151,Wartortle,171/165,Normal Holo,Illustration Rare,Pokemon Scarlet & Violet 151,Wartortle [Holo] #171,scarlet violet 151 | wartortle | 171 | holo | ungraded,1,0
Scarlet & Violet 151,Pikachu,173/165,Normal Holo,Illustration Rare,Pokemon Scarlet & Violet 151,Pikachu [Holo] #173,scarlet violet 151 | pikachu | 173 | holo | ungraded,1,0
Scarlet & Violet 151,Nidoking,174/165,Normal Holo,Illustration Rare,Pokemon Scarlet & Violet 151,Nidoking [Holo] #174,scarlet violet 151 | nidoking | 174 | holo | ungraded,1,0
Scarlet & Violet 151,Poliwhirl,176/165,Normal Holo,Illustration Rare,Pokemon Scarlet & Violet 151,Poliwhirl [Holo] #176,scarlet violet 151 | poliwhirl | 176 | holo | ungraded,1,0
Scarlet & Violet 151,Machoke,177/165,Normal Holo,Illustration Rare,Pokemon Scarlet & Violet 151,Machoke [Holo] #177,scarlet violet 151 | machoke | 177 | holo | ungraded,2,0
Scarlet & Violet 151,Venusaur ex,182/165,Normal Holo,Ultra Rare,Pokemon Scarlet & Violet 151,Venusaur ex [Holo] #182,scarlet violet 151 | venusaur ex | 182 | holo | ungraded,1,0
Scarlet & Violet 151,Charizard ex,183/165,Normal Holo,Ultra Rare,Pokemon Scarlet & Violet 151,Charizard ex [Holo] #183,scarlet violet 151 | charizard ex | 183 | holo | ungraded,1,0
Scarlet & Violet 151,Ninetales ex,186/165,Normal Holo,Ultra Rare,Pokemon Scarlet & Violet 151,Ninetales ex [Holo] #186,scarlet violet 151 | ninetales ex | 186 | holo | ungraded,1,0
Scarlet & Violet 151,Jynx ex,191/165,Normal Holo,Ultra Rare,Pokemon Scarlet & Violet 151,Jynx ex [Holo] #191,scarlet violet 151 | jynx ex | 191 | holo | ungraded,1,0
Scarlet & Violet 151,Zapdos ex,192/165,Normal Holo,Ultra Rare,Pokemon Scarlet & Violet 151,Zapdos ex [Holo] #192,scarlet violet 151 | zapdos ex | 192 | holo | ungraded,1,0
Scarlet & Violet 151,Mew ex,193/165,Normal Holo,Ultra Rare,Pokemon Scarlet & Violet 151,Mew ex [Holo] #193,scarlet violet 151 | mew ex | 193 | holo | ungraded,2,0
Scarlet & Violet 151,Giovanni's Charisma,197/165,Normal Holo,Ultra Rare,Pokemon Scarlet & Violet 151,Giovanni's Charisma [Holo] #197,scarlet violet 151 | giovanni s charisma | 197 | holo | ungraded,1,0
Scarlet & Violet 151,Charizard ex,199/165,Normal Holo,Special Illustration Rare,Pokemon Scarlet & Violet 151,Charizard ex [Holo] #199,scarlet violet 151 | charizard ex | 199 | holo | ungraded,1,0
Scarlet & Violet 151,Blastoise ex,200/165,Normal Holo,Special Illustration Rare,Pokemon Scarlet & Violet 151,Blastoise ex [Holo] #200,scarlet violet 151 | blastoise ex | 200 | holo | ungraded,1,0
Scarlet & Violet 151,Zapdos ex,202/165,Normal Holo,Special Illustration Rare,Pokemon Scarlet & Violet 151,Zapdos ex [Holo] #202,scarlet violet 151 | zapdos ex | 202 | holo | ungraded,1,0
Scarlet & Violet 151,Mew ex,205/165,Normal Holo,Hyper Rare,Pokemon Scarlet & Violet 151,Mew ex [Holo] #205,scarlet violet 151 | mew ex | 205 | holo | ungraded,1,0
Scarlet & Violet 151,Mew ex,205/165,Metal Card,Hyper Rare,Pokemon Scarlet & Violet 151,Mew ex [Metal Card] #205,scarlet violet 151 | mew ex | 205 | metal card | ungraded,1,0
Scarlet & Violet 151,Switch,206/165,Normal Holo,Hyper Rare,Pokemon Scarlet & Violet 151,Switch [Holo] #206,scarlet violet 151 | switch | 206 | holo | ungraded,1,0
Scarlet & Violet 151,Basic Psychic Energy,207/165,Normal Holo,Hyper Rare,Pokemon Scarlet & Violet 151,Basic Psychic Energy [Holo] #207,scarlet violet 151 | basic psychic energy | 207 | holo | ungraded,1,0
Obsidian Flames,Oddish,001/197,Normal,Common,Pokemon Obsidian Flames,Oddish #1,obsidian flames | oddish | 1 |  | ungraded,1,1
Obsidian Flames,Oddish,001/197,Reverse Holo,Common,Pokemon Obsidian Flames,Oddish [Reverse Holo] #1,obsidian flames | oddish | 1 | reverse holo | ungraded,5,1
Obsidian Flames,Gloom,002/197,Reverse Holo,Common,Pokemon Obsidian Flames,Gloom [Reverse Holo] #2,obsidian flames | gloom | 2 | reverse holo | ungraded,1,1
Obsidian Flames,Bellossom,003/197,Reverse Holo,Uncommon,Pokemon Obsidian Flames,Bellossom [Reverse Holo] #3,obsidian flames | bellossom | 3 | reverse holo | ungraded,1,1
Obsidian Flames,Scyther,004/197,Reverse Holo,Common,Pokemon Obsidian Flames,Scyther [Reverse Holo] #4,obsidian flames | scyther | 4 | reverse holo | ungraded,3,1
Obsidian Flames,Shuckle,005/197,Normal,Common,Pokemon Obsidian Flames,Shuckle #5,obsidian flames | shuckle | 5 |  | ungraded,1,1
Obsidian Flames,Shuckle,005/197,Reverse Holo,Common,Pokemon Obsidian Flames,Shuckle [Reverse Holo] #5,obsidian flames | shuckle | 5 | reverse holo | ungraded,1,1
Obsidian Flames,Surskit,006/197,Normal,Common,Pokemon Obsidian Flames,Surskit #6,obsidian flames | surskit | 6 |  | ungraded,1,1
Obsidian Flames,Surskit,006/197,Reverse Holo,Common,Pokemon Obsidian Flames,Surskit [Reverse Holo] #6,obsidian flames | surskit | 6 | reverse holo | ungraded,4,1
Obsidian Flames,Masquerain,007/197,Reverse Holo,Uncommon,Pokemon Obsidian Flames,Masquerain [Reverse Holo] #7,obsidian flames | masquerain | 7 | reverse holo | ungraded,3,1
Obsidian Flames,Combee,008/197,Normal,Common,Pokemon Obsidian Flames,Combee #8,obsidian flames | combee | 8 |  | ungraded,1,1
Obsidian Flames,Combee,008/197,Reverse Holo,Common,Pokemon Obsidian Flames,Combee [Reverse Holo] #8,obsidian flames | combee | 8 | reverse holo | ungraded,6,1
Obsidian Flames,Foongus,009/197,Normal,Common,Pokemon Obsidian Flames,Foongus #9,obsidian flames | foongus | 9 |  | ungraded,1,1
Obsidian Flames,Foongus,009/197,Reverse Holo,Common,Pokemon Obsidian Flames,Foongus [Reverse Holo] #9,obsidian flames | foongus | 9 | reverse holo | ungraded,2,1
Obsidian Flames,Amoonguss,010/197,Reverse Holo,Uncommon,Pokemon Obsidian Flames,Amoonguss [Reverse Holo] #10,obsidian flames | amoonguss | 10 | reverse holo | ungraded,1,1
Obsidian Flames,Phantump,011/197,Normal,Common,Pokemon Obsidian Flames,Phantump #11,obsidian flames | phantump | 11 |  | ungraded,1,1
Obsidian Flames,Phantump,011/197,Reverse Holo,Common,Pokemon Obsidian Flames,Phantump [Reverse Holo] #11,obsidian flames | phantump | 11 | reverse holo | ungraded,1,1
Obsidian Flames,Trevenant,012/197,Normal,Uncommon,Pokemon Obsidian Flames,Trevenant #12,obsidian flames | trevenant | 12 |  | ungraded,1,1
Obsidian Flames,Trevenant,012/197,Reverse Holo,Uncommon,Pokemon Obsidian Flames,Trevenant [Reverse Holo] #12,obsidian flames | trevenant | 12 | reverse holo | ungraded,1,1
Obsidian Flames,Rowlet,013/197,Normal,Common,Pokemon Obsidian Flames,Rowlet #13,obsidian flames | rowlet | 13 |  | ungraded,1,1
Obsidian Flames,Rowlet,013/197,Reverse Holo,Common,Pokemon Obsidian Flames,Rowlet [Reverse Holo] #13,obsidian flames | rowlet | 13 | reverse holo | ungraded,2,1
Obsidian Flames,Decidueye ex,015/197,Normal Holo,Double Rare,Pokemon Obsidian Flames,Decidueye ex [Holo] #15,obsidian flames | decidueye ex | 15 | holo | ungraded,1,0
Obsidian Flames,Bounsweet,016/197,Normal,Common,Pokemon Obsidian Flames,Bounsweet #16,obsidian flames | bounsweet | 16 |  | ungraded,1,1
Obsidian Flames,Bounsweet,016/197,Reverse Holo,Common,Pokemon Obsidian Flames,Bounsweet [Reverse Holo] #16,obsidian flames | bounsweet | 16 | reverse holo | ungraded,4,1
Obsidian Flames,Steenee,017/197,Reverse Holo,Common,Pokemon Obsidian Flames,Steenee [Reverse Holo] #17,obsidian flames | steenee | 17 | reverse holo | ungraded,2,1
Obsidian Flames,Tsareena,018/197,Normal,Uncommon,Pokemon Obsidian Flames,Tsareena #18,obsidian flames | tsareena | 18 |  | ungraded,1,1
Obsidian Flames,Tsareena,018/197,Reverse Holo,Uncommon,Pokemon Obsidian Flames,Tsareena [Reverse Holo] #18,obsidian flames | tsareena | 18 | reverse holo | ungraded,3,1
Obsidian Flames,Smoliv,019/197,Normal,Common,Pokemon Obsidian Flames,Smoliv #19,obsidian flames | smoliv | 19 |  | ungraded,1,1
Obsidian Flames,Smoliv,019/197,Reverse Holo,Common,Pokemon Obsidian Flames,Smoliv [Reverse Holo] #19,obsidian flames | smoliv | 19 | reverse holo | ungraded,5,1
Obsidian Flames,Dolliv,020/197,Normal,Common,Pokemon Obsidian Flames,Dolliv #20,obsidian flames | dolliv | 20 |  | ungraded,1,1
Obsidian Flames,Dolliv,020/197,Reverse Holo,Common,Pokemon Obsidian Flames,Dolliv [Reverse Holo] #20,obsidian flames | dolliv | 20 | reverse holo | ungraded,1,1
Obsidian Flames,Arboliva,021/197,Normal,Uncommon,Pokemon Obsidian Flames,Arboliva #21,obsidian flames | arboliva | 21 |  | ungraded,1,1
Obsidian Flames,Capsakid,023/197,Reverse Holo,Common,Pokemon Obsidian Flames,Capsakid [Reverse Holo] #23,obsidian flames | capsakid | 23 | reverse holo | ungraded,2,1
Obsidian Flames,Scovillain,025/197,Normal Holo,Rare,Pokemon Obsidian Flames,Scovillain [Holo] #25,obsidian flames | scovillain | 25 | holo | ungraded,13,0
Obsidian Flames,Scovillain,025/197,Reverse Holo,Rare,Pokemon Obsidian Flames,Scovillain [Reverse Holo] #25,obsidian flames | scovillain | 25 | reverse holo | ungraded,2,1
Obsidian Flames,Charmander,026/197,Normal,Common,Pokemon Obsidian Flames,Charmander #26,obsidian flames | charmander | 26 |  | ungraded,1,1
Obsidian Flames,Charmander,026/197,Reverse Holo,Common,Pokemon Obsidian Flames,Charmander [Reverse Holo] #26,obsidian flames | charmander | 26 | reverse holo | ungraded,1,1
Obsidian Flames,Charmeleon,027/197,Normal,Uncommon,Pokemon Obsidian Flames,Charmeleon #27,obsidian flames | charmeleon | 27 |  | ungraded,1,1
Obsidian Flames,Charmeleon,027/197,Reverse Holo,Uncommon,Pokemon Obsidian Flames,Charmeleon [Reverse Holo] #27,obsidian flames | charmeleon | 27 | reverse holo | ungraded,1,1
Obsidian Flames,Vulpix,028/197,Normal,Common,Pokemon Obsidian Flames,Vulpix #28,obsidian flames | vulpix | 28 |  | ungraded,1,1
Obsidian Flames,Vulpix,028/197,Reverse Holo,Common,Pokemon Obsidian Flames,Vulpix [Reverse Holo] #28,obsidian flames | vulpix | 28 | reverse holo | ungraded,2,1
Obsidian Flames,Ninetales,029/197,Normal,Uncommon,Pokemon Obsidian Flames,Ninetales #29,obsidian flames | ninetales | 29 |  | ungraded,1,1
Obsidian Flames,Ninetales,029/197,Reverse Holo,Uncommon,Pokemon Obsidian Flames,Ninetales [Reverse Holo] #29,obsidian flames | ninetales | 29 | reverse holo | ungraded,1,1
Obsidian Flames,Entei,030/197,Normal Holo,Rare,Pokemon Obsidian Flames,Entei [Holo] #30,obsidian flames | entei | 30 | holo | ungraded,12,0
Obsidian Flames,Entei,030/197,Reverse Holo,Rare,Pokemon Obsidian Flames,Entei [Reverse Holo] #30,obsidian flames | entei | 30 | reverse holo | ungraded,1,1
Obsidian Flames,Numel,031/197,Normal,Common,Pokemon Obsidian Flames,Numel #31,obsidian flames | numel | 31 |  | ungraded,1,1
Obsidian Flames,Numel,031/197,Reverse Holo,Common,Pokemon Obsidian Flames,Numel [Reverse Holo] #31,obsidian flames | numel | 31 | reverse holo | ungraded,1,1
Obsidian Flames,Camerupt,032/197,Normal,Uncommon,Pokemon Obsidian Flames,Camerupt #32,obsidian flames | camerupt | 32 |  | ungraded,1,1
Obsidian Flames,Camerupt,032/197,Reverse Holo,Uncommon,Pokemon Obsidian Flames,Camerupt [Reverse Holo] #32,obsidian flames | camerupt | 32 | reverse holo | ungraded,1,1
Obsidian Flames,Darumaka,034/197,Normal,Common,Pokemon Obsidian Flames,Darumaka #34,obsidian flames | darumaka | 34 |  | ungraded,1,1
Obsidian Flames,Darumaka,034/197,Reverse Holo,Common,Pokemon Obsidian Flames,Darumaka [Reverse Holo] #34,obsidian flames | darumaka | 34 | reverse holo | ungraded,1,1
Obsidian Flames,Darmanitan,035/197,Reverse Holo,Uncommon,Pokemon Obsidian Flames,Darmanitan [Reverse Holo] #35,obsidian flames | darmanitan | 35 | reverse holo | ungraded,1,1
Obsidian Flames,Litwick,036/197,Normal,Common,Pokemon Obsidian Flames,Litwick #36,obsidian flames | litwick | 36 |  | ungraded,1,1
Obsidian Flames,Litwick,036/197,Reverse Holo,Common,Pokemon Obsidian Flames,Litwick [Reverse Holo] #36,obsidian flames | litwick | 36 | reverse holo | ungraded,4,1
Obsidian Flames,Lampent,037/197,Reverse Holo,Common,Pokemon Obsidian Flames,Lampent [Reverse Holo] #37,obsidian flames | lampent | 37 | reverse holo | ungraded,1,1
Obsidian Flames,Chandelure,038/197,Normal,Uncommon,Pokemon Obsidian Flames,Chandelure #38,obsidian flames | chandelure | 38 |  | ungraded,1,1
Obsidian Flames,Heatmor,039/197,Normal,Common,Pokemon Obsidian Flames,Heatmor #39,obsidian flames | heatmor | 39 |  | ungraded,1,1
Obsidian Flames,Heatmor,039/197,Reverse Holo,Common,Pokemon Obsidian Flames,Heatmor [Reverse Holo] #39,obsidian flames | heatmor | 39 | reverse holo | ungraded,3,1
Obsidian Flames,Larvesta,040/197,Normal,Common,Pokemon Obsidian Flames,Larvesta #40,obsidian flames | larvesta | 40 |  | ungraded,1,1
Obsidian Flames,Larvesta,040/197,Reverse Holo,Common,Pokemon Obsidian Flames,Larvesta [Reverse Holo] #40,obsidian flames | larvesta | 40 | reverse holo | ungraded,2,1
Obsidian Flames,Volcarona,041/197,Normal,Uncommon,Pokemon Obsidian Flames,Volcarona #41,obsidian flames | volcarona | 41 |  | ungraded,1,1
Obsidian Flames,Volcarona,041/197,Reverse Holo,Uncommon,Pokemon Obsidian Flames,Volcarona [Reverse Holo] #41,obsidian flames | volcarona | 41 | reverse holo | ungraded,1,1
Obsidian Flames,Charcadet,043/197,Normal,Common,Pokemon Obsidian Flames,Charcadet #43,obsidian flames | charcadet | 43 |  | ungraded,1,1
Obsidian Flames,Charcadet,043/197,Reverse Holo,Common,Pokemon Obsidian Flames,Charcadet [Reverse Holo] #43,obsidian flames | charcadet | 43 | reverse holo | ungraded,2,1
Obsidian Flames,Armarouge,044/197,Normal,Uncommon,Pokemon Obsidian Flames,Armarouge #44,obsidian flames | armarouge | 44 |  | ungraded,1,1
Obsidian Flames,Lapras,045/197,Reverse Holo,Uncommon,Pokemon Obsidian Flames,Lapras [Reverse Holo] #45,obsidian flames | lapras | 45 | reverse holo | ungraded,4,0
Obsidian Flames,Carvanha,046/197,Normal,Common,Pokemon Obsidian Flames,Carvanha #46,obsidian flames | carvanha | 46 |  | ungraded,1,1
Obsidian Flames,Carvanha,046/197,Reverse Holo,Common,Pokemon Obsidian Flames,Carvanha [Reverse Holo] #46,obsidian flames | carvanha | 46 | reverse holo | ungraded,3,0
Obsidian Flames,Sharpedo,047/197,Normal,Uncommon,Pokemon Obsidian Flames,Sharpedo #47,obsidian flames | sharpedo | 47 |  | ungraded,1,1
Obsidian Flames,Sharpedo,047/197,Reverse Holo,Uncommon,Pokemon Obsidian Flames,Sharpedo [Reverse Holo] #47,obsidian flames | sharpedo | 47 | reverse holo | ungraded,3,0
Obsidian Flames,Buizel,048/197,Normal,Common,Pokemon Obsidian Flames,Buizel #48,obsidian flames | buizel | 48 |  | ungraded,1,1
Obsidian Flames,Buizel,048/197,Reverse Holo,Common,Pokemon Obsidian Flames,Buizel [Reverse Holo] #48,obsidian flames | buizel | 48 | reverse holo | ungraded,7,0
Obsidian Flames,Floatzel,049/197,Normal,Uncommon,Pokemon Obsidian Flames,Floatzel #49,obsidian flames | floatzel | 49 |  | ungraded,1,1
Obsidian Flames,Floatzel,049/197,Reverse Holo,Uncommon,Pokemon Obsidian Flames,Floatzel [Reverse Holo] #49,obsidian flames | floatzel | 49 | reverse holo | ungraded,2,0
Obsidian Flames,Tympole,050/197,Normal,Common,Pokemon Obsidian Flames,Tympole #50,obsidian flames | tympole | 50 |  | ungraded,1,1
Obsidian Flames,Tympole,050/197,Reverse Holo,Common,Pokemon Obsidian Flames,Tympole [Reverse Holo] #50,obsidian flames | tympole | 50 | reverse holo | ungraded,5,0
Obsidian Flames,Palpitoad,051/197,Normal,Common,Pokemon Obsidian Flames,Palpitoad #51,obsidian flames | palpitoad | 51 |  | ungraded,1,1
Obsidian Flames,Palpitoad,051/197,Reverse Holo,Common,Pokemon Obsidian Flames,Palpitoad [Reverse Holo] #51,obsidian flames | palpitoad | 51 | reverse holo | ungraded,4,0
Obsidian Flames,Seismitoad,052/197,Normal,Uncommon,Pokemon Obsidian Flames,Seismitoad #52,obsidian flames | seismitoad | 52 |  | ungraded,1,1
Obsidian Flames,Seismitoad,052/197,Reverse Holo,Uncommon,Pokemon Obsidian Flames,Seismitoad [Reverse Holo] #52,obsidian flames | seismitoad | 52 | reverse holo | ungraded,1,0
Obsidian Flames,Cubchoo,053/197,Reverse Holo,Common,Pokemon Obsidian Flames,Cubchoo [Reverse Holo] #53,obsidian flames | cubchoo | 53 | reverse holo | ungraded,4,0
Obsidian Flames,Beartic,054/197,Normal,Uncommon,Pokemon Obsidian Flames,Beartic #54,obsidian flames | beartic | 54 |  | ungraded,1,1
Obsidian Flames,Beartic,054/197,Reverse Holo,Uncommon,Pokemon Obsidian Flames,Beartic [Reverse Holo] #54,obsidian flames | beartic | 54 | reverse holo | ungraded,2,0
Obsidian Flames,Cryogonal,055/197,Normal,Common,Pokemon Obsidian Flames,Cryogonal #55,obsidian flames | cryogonal | 55 |  | ungraded,1,1
Obsidian Flames,Cryogonal,055/197,Reverse Holo,Common,Pokemon Obsidian Flames,Cryogonal [Reverse Holo] #55,obsidian flames | cryogonal | 55 | reverse holo | ungraded,2,0
Obsidian Flames,Froakie,056/197,Normal,Common,Pokemon Obsidian Flames,Froakie #56,obsidian flames | froakie | 56 |  | ungraded,1,1
Obsidian Flames,Froakie,056/197,Reverse Holo,Common,Pokemon Obsidian Flames,Froakie [Reverse Holo] #56,obsidian flames | froakie | 56 | reverse holo | ungraded,1,0
Obsidian Flames,Frogadier,057/197,Reverse Holo,Uncommon,Pokemon Obsidian Flames,Frogadier [Reverse Holo] #57,obsidian flames | frogadier | 57 | reverse holo | ungraded,1,0
Obsidian Flames,Wiglett,058/197,Normal,Common,Pokemon Obsidian Flames,Wiglett #58,obsidian flames | wiglett | 58 |  | ungraded,1,1
Obsidian Flames,Wiglett,058/197,Reverse Holo,Common,Pokemon Obsidian Flames,Wiglett [Reverse Holo] #58,obsidian flames | wiglett | 58 | reverse holo | ungraded,4,0
Obsidian Flames,Wugtrio,059/197,Reverse Holo,Uncommon,Pokemon Obsidian Flames,Wugtrio [Reverse Holo] #59,obsidian flames | wugtrio | 59 | reverse holo | ungraded,1,0
Obsidian Flames,Finizen,060/197,Normal,Common,Pokemon Obsidian Flames,Finizen #60,obsidian flames | finizen | 60 |  | ungraded,1,1
Obsidian Flames,Finizen,060/197,Reverse Holo,Common,Pokemon Obsidian Flames,Finizen [Reverse Holo] #60,obsidian flames | finizen | 60 | reverse holo | ungraded,6,0
Obsidian Flames,Finizen,061/197,Reverse Holo,Common,Pokemon Obsidian Flames,Finizen [Reverse Holo] #61,obsidian flames | finizen | 61 | reverse holo | ungraded,2,0
Obsidian Flames,Palafin,062/197,Normal Holo,Rare,Pokemon Obsidian Flames,Palafin [Holo] #62,obsidian flames | palafin | 62 | holo | ungraded,16,1
Obsidian Flames,Palafin,062/197,Reverse Holo,Rare,Pokemon Obsidian Flames,Palafin [Reverse Holo] #62,obsidian flames | palafin | 62 | reverse holo | ungraded,3,0
Obsidian Flames,Magnemite,063/197,Normal,Common,Pokemon Obsidian Flames,Magnemite #63,obsidian flames | magnemite | 63 |  | ungraded,1,1
Obsidian Flames,Magnemite,063/197,Reverse Holo,Common,Pokemon Obsidian Flames,Magnemite [Reverse Holo] #63,obsidian flames | magnemite | 63 | reverse holo | ungraded,1,0
Obsidian Flames,Magneton,064/197,Normal,Common,Pokemon Obsidian Flames,Magneton #64,obsidian flames | magneton | 64 |  | ungraded,1,1
Obsidian Flames,Magneton,064/197,Reverse Holo,Common,Pokemon Obsidian Flames,Magneton [Reverse Holo] #64,obsidian flames | magneton | 64 | reverse holo | ungraded,2,0
Obsidian Flames,Magnezone,065/197,Normal,Uncommon,Pokemon Obsidian Flames,Magnezone #65,obsidian flames | magnezone | 65 |  | ungraded,1,1
Obsidian Flames,Magnezone,065/197,Reverse Holo,Uncommon,Pokemon Obsidian Flames,Magnezone [Reverse Holo] #65,obsidian flames | magnezone | 65 | reverse holo | ungraded,1,0
Obsidian Flames,Tyranitar ex,066/197,Normal Holo,Double Rare,Pokemon Obsidian Flames,Tyranitar ex [Holo] #66,obsidian flames | tyranitar ex | 66 | holo | ungraded,1,0
Obsidian Flames,Tynamo,067/197,Normal,Common,Pokemon Obsidian Flames,Tynamo #67,obsidian flames | tynamo | 67 |  | ungraded,1,1
Obsidian Flames,Tynamo,067/197,Reverse Holo,Common,Pokemon Obsidian Flames,Tynamo [Reverse Holo] #67,obsidian flames | tynamo | 67 | reverse holo | ungraded,2,0
Obsidian Flames,Eelektrik,068/197,Normal,Common,Pokemon Obsidian Flames,Eelektrik #68,obsidian flames | eelektrik | 68 |  | ungraded,1,1
Obsidian Flames,Eelektrik,068/197,Reverse Holo,Common,Pokemon Obsidian Flames,Eelektrik [Reverse Holo] #68,obsidian flames | eelektrik | 68 | reverse holo | ungraded,3,0
Obsidian Flames,Eelektross,069/197,Normal,Uncommon,Pokemon Obsidian Flames,Eelektross #69,obsidian flames | eelektross | 69 |  | ungraded,1,1
Obsidian Flames,Eelektross,069/197,Reverse Holo,Uncommon,Pokemon Obsidian Flames,Eelektross [Reverse Holo] #69,obsidian flames | eelektross | 69 | reverse holo | ungraded,3,0
Obsidian Flames,Thundurus,070/197,Normal Holo,Rare,Pokemon Obsidian Flames,Thundurus [Holo] #70,obsidian flames | thundurus | 70 | holo | ungraded,17,1
Obsidian Flames,Toxel,071/197,Normal,Common,Pokemon Obsidian Flames,Toxel #71,obsidian flames | toxel | 71 |  | ungraded,1,1
Obsidian Flames,Toxel,071/197,Reverse Holo,Common,Pokemon Obsidian Flames,Toxel [Reverse Holo] #71,obsidian flames | toxel | 71 | reverse holo | ungraded,1,0
Obsidian Flames,Toxtricity,072/197,Normal Holo,Rare,Pokemon Obsidian Flames,Toxtricity [Holo] #72,obsidian flames | toxtricity | 72 | holo | ungraded,17,1
Obsidian Flames,Toxtricity,072/197,Reverse Holo,Rare,Pokemon Obsidian Flames,Toxtricity [Reverse Holo] #72,obsidian flames | toxtricity | 72 | reverse holo | ungraded,2,0
Obsidian Flames,Pawmot ex,073/197,Normal Holo,Double Rare,Pokemon Obsidian Flames,Pawmot ex [Holo] #73,obsidian flames | pawmot ex | 73 | holo | ungraded,1,0
Obsidian Flames,Tadbulb,075/197,Normal,Common,Pokemon Obsidian Flames,Tadbulb #75,obsidian flames | tadbulb | 75 |  | ungraded,1,1
Obsidian Flames,Tadbulb,075/197,Reverse Holo,Common,Pokemon Obsidian Flames,Tadbulb [Reverse Holo] #75,obsidian flames | tadbulb | 75 | reverse holo | ungraded,2,0
Obsidian Flames,Tadbulb,076/197,Reverse Holo,Common,Pokemon Obsidian Flames,Tadbulb [Reverse Holo] #76,obsidian flames | tadbulb | 76 | reverse holo | ungraded,1,0
Obsidian Flames,Bellibolt,078/197,Normal,Uncommon,Pokemon Obsidian Flames,Bellibolt #78,obsidian flames | bellibolt | 78 |  | ungraded,1,1
Obsidian Flames,Bellibolt,078/197,Reverse Holo,Uncommon,Pokemon Obsidian Flames,Bellibolt [Reverse Holo] #78,obsidian flames | bellibolt | 78 | reverse holo | ungraded,1,0
Obsidian Flames,Miraidon ex,079/197,Normal Holo,Double Rare,Pokemon Obsidian Flames,Miraidon ex [Holo] #79,obsidian flames | miraidon ex | 79 | holo | ungraded,1,0
Obsidian Flames,Cleffa,080/197,Reverse Holo,Common,Pokemon Obsidian Flames,Cleffa [Reverse Holo] #80,obsidian flames | cleffa | 80 | reverse holo | ungraded,1,0
Obsidian Flames,Clefairy,081/197,Reverse Holo,Common,Pokemon Obsidian Flames,Clefairy [Reverse Holo] #81,obsidian flames | clefairy | 81 | reverse holo | ungraded,1,0
Obsidian Flames,Clefable ex,082/197,Normal Holo,Double Rare,Pokemon Obsidian Flames,Clefable ex [Holo] #82,obsidian flames | clefable ex | 82 | holo | ungraded,1,0
Obsidian Flames,Togepi,083/197,Normal,Common,Pokemon Obsidian Flames,Togepi #83,obsidian flames | togepi | 83 |  | ungraded,1,1
Obsidian Flames,Togepi,083/197,Reverse Holo,Common,Pokemon Obsidian Flames,Togepi [Reverse Holo] #83,obsidian flames | togepi | 83 | reverse holo | ungraded,4,0
Obsidian Flames,Togetic,084/197,Normal,Uncommon,Pokemon Obsidian Flames,Togetic #84,obsidian flames | togetic | 84 |  | ungraded,1,1
Obsidian Flames,Togekiss,085/197,Normal Holo,Rare,Pokemon Obsidian Flames,Togekiss [Holo] #85,obsidian flames | togekiss | 85 | holo | ungraded,9,1
Obsidian Flames,Togekiss,085/197,Reverse Holo,Rare,Pokemon Obsidian Flames,Togekiss [Reverse Holo] #85,obsidian flames | togekiss | 85 | reverse holo | ungraded,2,0
Obsidian Flames,Espeon,086/197,Normal,Uncommon,Pokemon Obsidian Flames,Espeon #86,obsidian flames | espeon | 86 |  | ungraded,1,1
Obsidian Flames,Espeon,086/197,Reverse Holo,Uncommon,Pokemon Obsidian Flames,Espeon [Reverse Holo] #86,obsidian flames | espeon | 86 | reverse holo | ungraded,3,0
Obsidian Flames,Snubbull,087/197,Reverse Holo,Common,Pokemon Obsidian Flames,Snubbull [Reverse Holo] #87,obsidian flames | snubbull | 87 | reverse holo | ungraded,2,0
Obsidian Flames,Granbull,088/197,Normal,Uncommon,Pokemon Obsidian Flames,Granbull #88,obsidian flames | granbull | 88 |  | ungraded,1,1
Obsidian Flames,Granbull,088/197,Reverse Holo,Uncommon,Pokemon Obsidian Flames,Granbull [Reverse Holo] #88,obsidian flames | granbull | 88 | reverse holo | ungraded,2,0
Obsidian Flames,Mawile,089/197,Reverse Holo,Common,Pokemon Obsidian Flames,Mawile [Reverse Holo] #89,obsidian flames | mawile | 89 | reverse holo | ungraded,1,0
Obsidian Flames,Spoink,090/197,Normal,Common,Pokemon Obsidian Flames,Spoink #90,obsidian flames | spoink | 90 |  | ungraded,1,1
Obsidian Flames,Spoink,090/197,Reverse Holo,Common,Pokemon Obsidian Flames,Spoink [Reverse Holo] #90,obsidian flames | spoink | 90 | reverse holo | ungraded,3,0
Obsidian Flames,Grumpig,091/197,Reverse Holo,Uncommon,Pokemon Obsidian Flames,Grumpig [Reverse Holo] #91,obsidian flames | grumpig | 91 | reverse holo | ungraded,4,0
Obsidian Flames,Lunatone,092/197,Normal,Uncommon,Pokemon Obsidian Flames,Lunatone #92,obsidian flames | lunatone | 92 |  | ungraded,1,1
Obsidian Flames,Solrock,093/197,Normal,Uncommon,Pokemon Obsidian Flames,Solrock #93,obsidian flames | solrock | 93 |  | ungraded,1,1
Obsidian Flames,Solrock,093/197,Reverse Holo,Uncommon,Pokemon Obsidian Flames,Solrock [Reverse Holo] #93,obsidian flames | solrock | 93 | reverse holo | ungraded,1,0
Obsidian Flames,Baltoy,094/197,Reverse Holo,Common,Pokemon Obsidian Flames,Baltoy [Reverse Holo] #94,obsidian flames | baltoy | 94 | reverse holo | ungraded,1,0
Obsidian Flames,Claydol,095/197,Normal Holo,Rare,Pokemon Obsidian Flames,Claydol [Holo] #95,obsidian flames | claydol | 95 | holo | ungraded,12,1
Obsidian Flames,Sinistea,097/197,Normal,Common,Pokemon Obsidian Flames,Sinistea #97,obsidian flames | sinistea | 97 |  | ungraded,1,1
Obsidian Flames,Sinistea,097/197,Reverse Holo,Common,Pokemon Obsidian Flames,Sinistea [Reverse Holo] #97,obsidian flames | sinistea | 97 | reverse holo | ungraded,4,0
Obsidian Flames,Polteageist,098/197,Normal,Uncommon,Pokemon Obsidian Flames,Polteageist #98,obsidian flames | polteageist | 98 |  | ungraded,1,1
Obsidian Flames,Greavard,099/197,Reverse Holo,Common,Pokemon Obsidian Flames,Greavard [Reverse Holo] #99,obsidian flames | greavard | 99 | reverse holo | ungraded,1,0
Obsidian Flames,Greavard,100/197,Normal,Common,Pokemon Obsidian Flames,Greavard #100,obsidian flames | greavard | 100 |  | ungraded,1,1
Obsidian Flames,Greavard,100/197,Reverse Holo,Common,Pokemon Obsidian Flames,Greavard [Reverse Holo] #100,obsidian flames | greavard | 100 | reverse holo | ungraded,3,0
Obsidian Flames,Houndstone,101/197,Normal,Uncommon,Pokemon Obsidian Flames,Houndstone #101,obsidian flames | houndstone | 101 |  | ungraded,1,1
Obsidian Flames,Diglett,103/197,Normal,Common,Pokemon Obsidian Flames,Diglett #103,obsidian flames | diglett | 103 |  | ungraded,1,1
Obsidian Flames,Diglett,103/197,Reverse Holo,Common,Pokemon Obsidian Flames,Diglett [Reverse Holo] #103,obsidian flames | diglett | 103 | reverse holo | ungraded,2,0
Obsidian Flames,Dugtrio,104/197,Normal,Uncommon,Pokemon Obsidian Flames,Dugtrio #104,obsidian flames | dugtrio | 104 |  | ungraded,1,1
Obsidian Flames,Dugtrio,104/197,Reverse Holo,Uncommon,Pokemon Obsidian Flames,Dugtrio [Reverse Holo] #104,obsidian flames | dugtrio | 104 | reverse holo | ungraded,1,0
Obsidian Flames,Larvitar,105/197,Normal,Common,Pokemon Obsidian Flames,Larvitar #105,obsidian flames | larvitar | 105 |  | ungraded,1,1
Obsidian Flames,Larvitar,105/197,Reverse Holo,Common,Pokemon Obsidian Flames,Larvitar [Reverse Holo] #105,obsidian flames | larvitar | 105 | reverse holo | ungraded,3,0
Obsidian Flames,Pupitar,106/197,Normal,Uncommon,Pokemon Obsidian Flames,Pupitar #106,obsidian flames | pupitar | 106 |  | ungraded,1,1
Obsidian Flames,Pupitar,106/197,Reverse Holo,Uncommon,Pokemon Obsidian Flames,Pupitar [Reverse Holo] #106,obsidian flames | pupitar | 106 | reverse holo | ungraded,2,0
Obsidian Flames,Nosepass,107/197,Normal,Common,Pokemon Obsidian Flames,Nosepass #107,obsidian flames | nosepass | 107 |  | ungraded,1,1
Obsidian Flames,Nosepass,107/197,Reverse Holo,Common,Pokemon Obsidian Flames,Nosepass [Reverse Holo] #107,obsidian flames | nosepass | 107 | reverse holo | ungraded,3,0
Obsidian Flames,Barboach,108/197,Normal,Common,Pokemon Obsidian Flames,Barboach #108,obsidian flames | barboach | 108 |  | ungraded,1,1
Obsidian Flames,Barboach,108/197,Reverse Holo,Common,Pokemon Obsidian Flames,Barboach [Reverse Holo] #108,obsidian flames | barboach | 108 | reverse holo | ungraded,3,0
Obsidian Flames,Whiscash,109/197,Normal,Uncommon,Pokemon Obsidian Flames,Whiscash #109,obsidian flames | whiscash | 109 |  | ungraded,1,1
Obsidian Flames,Whiscash,109/197,Reverse Holo,Uncommon,Pokemon Obsidian Flames,Whiscash [Reverse Holo] #109,obsidian flames | whiscash | 109 | reverse holo | ungraded,2,0
Obsidian Flames,Bonsly,110/197,Reverse Holo,Common,Pokemon Obsidian Flames,Bonsly [Reverse Holo] #110,obsidian flames | bonsly | 110 | reverse holo | ungraded,2,0
Obsidian Flames,Drilbur,111/197,Reverse Holo,Common,Pokemon Obsidian Flames,Drilbur [Reverse Holo] #111,obsidian flames | drilbur | 111 | reverse holo | ungraded,1,0
Obsidian Flames,Diggersby,113/197,Normal,Uncommon,Pokemon Obsidian Flames,Diggersby #113,obsidian flames | diggersby | 113 |  | ungraded,1,1
Obsidian Flames,Diggersby,113/197,Reverse Holo,Uncommon,Pokemon Obsidian Flames,Diggersby [Reverse Holo] #113,obsidian flames | diggersby | 113 | reverse holo | ungraded,1,0
Obsidian Flames,Crabrawler,114/197,Reverse Holo,Common,Pokemon Obsidian Flames,Crabrawler [Reverse Holo] #114,obsidian flames | crabrawler | 114 | reverse holo | ungraded,3,0
Obsidian Flames,Crabominable,115/197,Normal,Uncommon,Pokemon Obsidian Flames,Crabominable #115,obsidian flames | crabominable | 115 |  | ungraded,1,1
Obsidian Flames,Crabominable,115/197,Reverse Holo,Uncommon,Pokemon Obsidian Flames,Crabominable [Reverse Holo] #115,obsidian flames | crabominable | 115 | reverse holo | ungraded,3,0
Obsidian Flames,Rockruff,116/197,Normal,Common,Pokemon Obsidian Flames,Rockruff #116,obsidian flames | rockruff | 116 |  | ungraded,1,1
Obsidian Flames,Rockruff,116/197,Reverse Holo,Common,Pokemon Obsidian Flames,Rockruff [Reverse Holo] #116,obsidian flames | rockruff | 116 | reverse holo | ungraded,5,0
Obsidian Flames,Lycanroc,117/197,Normal,Uncommon,Pokemon Obsidian Flames,Lycanroc #117,obsidian flames | lycanroc | 117 |  | ungraded,1,1
Obsidian Flames,Lycanroc,117/197,Reverse Holo,Uncommon,Pokemon Obsidian Flames,Lycanroc [Reverse Holo] #117,obsidian flames | lycanroc | 117 | reverse holo | ungraded,3,0
Obsidian Flames,Toedscool,118/197,Normal,Common,Pokemon Obsidian Flames,Toedscool #118,obsidian flames | toedscool | 118 |  | ungraded,1,1
Obsidian Flames,Toedscool,118/197,Reverse Holo,Common,Pokemon Obsidian Flames,Toedscool [Reverse Holo] #118,obsidian flames | toedscool | 118 | reverse holo | ungraded,4,0
Obsidian Flames,Toedscruel,119/197,Normal,Uncommon,Pokemon Obsidian Flames,Toedscruel #119,obsidian flames | toedscruel | 119 |  | ungraded,1,1
Obsidian Flames,Toedscruel,119/197,Reverse Holo,Uncommon,Pokemon Obsidian Flames,Toedscruel [Reverse Holo] #119,obsidian flames | toedscruel | 119 | reverse holo | ungraded,2,0
Obsidian Flames,Klawf ex,120/197,Normal Holo,Double Rare,Pokemon Obsidian Flames,Klawf ex [Holo] #120,obsidian flames | klawf ex | 120 | holo | ungraded,1,0
Obsidian Flames,Glimmet,121/197,Normal,Common,Pokemon Obsidian Flames,Glimmet #121,obsidian flames | glimmet | 121 |  | ungraded,1,1
Obsidian Flames,Glimmet,121/197,Reverse Holo,Common,Pokemon Obsidian Flames,Glimmet [Reverse Holo] #121,obsidian flames | glimmet | 121 | reverse holo | ungraded,1,0
Obsidian Flames,Glimmet,122/197,Normal,Common,Pokemon Obsidian Flames,Glimmet #122,obsidian flames | glimmet | 122 |  | ungraded,1,1
Obsidian Flames,Koraidon ex,124/197,Normal Holo,Double Rare,Pokemon Obsidian Flames,Koraidon ex [Holo] #124,obsidian flames | koraidon ex | 124 | holo | ungraded,1,0
Obsidian Flames,Paldean Wooper,126/197,Normal,Common,Pokemon Obsidian Flames,Paldean Wooper #126,obsidian flames | paldean wooper | 126 |  | ungraded,1,1
Obsidian Flames,Paldean Wooper,126/197,Reverse Holo,Common,Pokemon Obsidian Flames,Paldean Wooper [Reverse Holo] #126,obsidian flames | paldean wooper | 126 | reverse holo | ungraded,2,0
Obsidian Flames,Paldean Wooper,127/197,Normal,Common,Pokemon Obsidian Flames,Paldean Wooper #127,obsidian flames | paldean wooper | 127 |  | ungraded,1,1
Obsidian Flames,Paldean Wooper,127/197,Reverse Holo,Common,Pokemon Obsidian Flames,Paldean Wooper [Reverse Holo] #127,obsidian flames | paldean wooper | 127 | reverse holo | ungraded,1,0
Obsidian Flames,Paldean Clodsire,128/197,Normal,Uncommon,Pokemon Obsidian Flames,Paldean Clodsire #128,obsidian flames | paldean clodsire | 128 |  | ungraded,1,1
Obsidian Flames,Paldean Clodsire,129/197,Reverse Holo,Uncommon,Pokemon Obsidian Flames,Paldean Clodsire [Reverse Holo] #129,obsidian flames | paldean clodsire | 129 | reverse holo | ungraded,4,0
Obsidian Flames,Umbreon,130/197,GameStop,Uncommon,Pokemon Obsidian Flames,Umbreon [GameStop] #130,obsidian flames | umbreon | 130 | gamestop | ungraded,1,1
Obsidian Flames,Houndour,131/197,Normal,Common,Pokemon Obsidian Flames,Houndour #131,obsidian flames | houndour | 131 |  | ungraded,1,1
Obsidian Flames,Houndour,131/197,Reverse Holo,Common,Pokemon Obsidian Flames,Houndour [Reverse Holo] #131,obsidian flames | houndour | 131 | reverse holo | ungraded,1,0
Obsidian Flames,Houndour,132/197,Normal,Common,Pokemon Obsidian Flames,Houndour #132,obsidian flames | houndour | 132 |  | ungraded,1,1
Obsidian Flames,Houndoom,133/197,Normal,Uncommon,Pokemon Obsidian Flames,Houndoom #133,obsidian flames | houndoom | 133 |  | ungraded,1,1
Obsidian Flames,Houndoom,133/197,Reverse Holo,Uncommon,Pokemon Obsidian Flames,Houndoom [Reverse Holo] #133,obsidian flames | houndoom | 133 | reverse holo | ungraded,2,0
Obsidian Flames,Absol ex,135/197,Normal Holo,Double Rare,Pokemon Obsidian Flames,Absol ex [Holo] #135,obsidian flames | absol ex | 135 | holo | ungraded,1,0
Obsidian Flames,Darkrai,136/197,Normal Holo,Rare,Pokemon Obsidian Flames,Darkrai [Holo] #136,obsidian flames | darkrai | 136 | holo | ungraded,16,1
Obsidian Flames,Darkrai,136/197,Reverse Holo,Rare,Pokemon Obsidian Flames,Darkrai [Reverse Holo] #136,obsidian flames | darkrai | 136 | reverse holo | ungraded,1,0
Obsidian Flames,Inkay,137/197,Reverse Holo,Common,Pokemon Obsidian Flames,Inkay [Reverse Holo] #137,obsidian flames | inkay | 137 | reverse holo | ungraded,3,0
Obsidian Flames,Malamar,138/197,Reverse Holo,Uncommon,Pokemon Obsidian Flames,Malamar [Reverse Holo] #138,obsidian flames | malamar | 138 | reverse holo | ungraded,2,0
Obsidian Flames,Salandit,139/197,Normal,Common,Pokemon Obsidian Flames,Salandit #139,obsidian flames | salandit | 139 |  | ungraded,1,1
Obsidian Flames,Salandit,139/197,Reverse Holo,Common,Pokemon Obsidian Flames,Salandit [Reverse Holo] #139,obsidian flames | salandit | 139 | reverse holo | ungraded,5,0
Obsidian Flames,Salazzle,140/197,Reverse Holo,Uncommon,Pokemon Obsidian Flames,Salazzle [Reverse Holo] #140,obsidian flames | salazzle | 140 | reverse holo | ungraded,2,0
Obsidian Flames,Scizor,141/197,Normal Holo,Rare,Pokemon Obsidian Flames,Scizor [Holo] #141,obsidian flames | scizor | 141 | holo | ungraded,13,1
Obsidian Flames,Scizor,141/197,Reverse Holo,Rare,Pokemon Obsidian Flames,Scizor [Reverse Holo] #141,obsidian flames | scizor | 141 | reverse holo | ungraded,1,0
Obsidian Flames,Skarmory,142/197,Normal,Uncommon,Pokemon Obsidian Flames,Skarmory #142,obsidian flames | skarmory | 142 |  | ungraded,1,1
Obsidian Flames,Skarmory,142/197,Reverse Holo,Uncommon,Pokemon Obsidian Flames,Skarmory [Reverse Holo] #142,obsidian flames | skarmory | 142 | reverse holo | ungraded,3,0
Obsidian Flames,Mawile,143/197,Normal,Uncommon,Pokemon Obsidian Flames,Mawile #143,obsidian flames | mawile | 143 |  | ungraded,1,1
Obsidian Flames,Mawile,143/197,Reverse Holo,Uncommon,Pokemon Obsidian Flames,Mawile [Reverse Holo] #143,obsidian flames | mawile | 143 | reverse holo | ungraded,2,0
Obsidian Flames,Bronzor,144/197,Reverse Holo,Common,Pokemon Obsidian Flames,Bronzor [Reverse Holo] #144,obsidian flames | bronzor | 144 | reverse holo | ungraded,4,0
Obsidian Flames,Bronzong,145/197,Normal,Uncommon,Pokemon Obsidian Flames,Bronzong #145,obsidian flames | bronzong | 145 |  | ungraded,1,1
Obsidian Flames,Bronzong,145/197,Reverse Holo,Uncommon,Pokemon Obsidian Flames,Bronzong [Reverse Holo] #145,obsidian flames | bronzong | 145 | reverse holo | ungraded,1,0
Obsidian Flames,Probopass,146/197,Normal,Uncommon,Pokemon Obsidian Flames,Probopass #146,obsidian flames | probopass | 146 |  | ungraded,1,1
Obsidian Flames,Excadrill,147/197,Normal,Uncommon,Pokemon Obsidian Flames,Excadrill #147,obsidian flames | excadrill | 147 |  | ungraded,1,1
Obsidian Flames,Excadrill,147/197,Reverse Holo,Uncommon,Pokemon Obsidian Flames,Excadrill [Reverse Holo] #147,obsidian flames | excadrill | 147 | reverse holo | ungraded,3,0
Obsidian Flames,Pawniard,148/197,Normal,Common,Pokemon Obsidian Flames,Pawniard #148,obsidian flames | pawniard | 148 |  | ungraded,1,1
Obsidian Flames,Pawniard,148/197,Reverse Holo,Common,Pokemon Obsidian Flames,Pawniard [Reverse Holo] #148,obsidian flames | pawniard | 148 | reverse holo | ungraded,2,0
Obsidian Flames,Bisharp,149/197,Normal,Common,Pokemon Obsidian Flames,Bisharp #149,obsidian flames | bisharp | 149 |  | ungraded,1,1
Obsidian Flames,Bisharp,149/197,Reverse Holo,Common,Pokemon Obsidian Flames,Bisharp [Reverse Holo] #149,obsidian flames | bisharp | 149 | reverse holo | ungraded,1,0
Obsidian Flames,Kingambit,150/197,Normal,Uncommon,Pokemon Obsidian Flames,Kingambit #150,obsidian flames | kingambit | 150 |  | ungraded,1,1
Obsidian Flames,Kingambit,150/197,Reverse Holo,Uncommon,Pokemon Obsidian Flames,Kingambit [Reverse Holo] #150,obsidian flames | kingambit | 150 | reverse holo | ungraded,2,0
Obsidian Flames,Melmetal ex,153/197,Normal Holo,Double Rare,Pokemon Obsidian Flames,Melmetal ex [Holo] #153,obsidian flames | melmetal ex | 153 | holo | ungraded,1,0
Obsidian Flames,Varoom,154/197,Reverse Holo,Common,Pokemon Obsidian Flames,Varoom [Reverse Holo] #154,obsidian flames | varoom | 154 | reverse holo | ungraded,1,0
Obsidian Flames,Varoom,155/197,Normal,Common,Pokemon Obsidian Flames,Varoom #155,obsidian flames | varoom | 155 |  | ungraded,1,1
Obsidian Flames,Varoom,155/197,Reverse Holo,Common,Pokemon Obsidian Flames,Varoom [Reverse Holo] #155,obsidian flames | varoom | 155 | reverse holo | ungraded,1,0
Obsidian Flames,Revavroom ex,156/197,Normal Holo,Double Rare,Pokemon Obsidian Flames,Revavroom ex [Holo] #156,obsidian flames | revavroom ex | 156 | holo | ungraded,1,0
Obsidian Flames,Dratini,157/197,Normal,Common,Pokemon Obsidian Flames,Dratini #157,obsidian flames | dratini | 157 |  | ungraded,1,1
Obsidian Flames,Dratini,157/197,Reverse Holo,Common,Pokemon Obsidian Flames,Dratini [Reverse Holo] #157,obsidian flames | dratini | 157 | reverse holo | ungraded,2,0
Obsidian Flames,Dragonair,158/197,Normal,Uncommon,Pokemon Obsidian Flames,Dragonair #158,obsidian flames | dragonair | 158 |  | ungraded,1,1
Obsidian Flames,Dragonair,158/197,Reverse Holo,Uncommon,Pokemon Obsidian Flames,Dragonair [Reverse Holo] #158,obsidian flames | dragonair | 158 | reverse holo | ungraded,3,0
Obsidian Flames,Dragonite ex,159/197,Normal Holo,Double Rare,Pokemon Obsidian Flames,Dragonite ex [Holo] #159,obsidian flames | dragonite ex | 159 | holo | ungraded,1,0
Obsidian Flames,Altaria,160/197,Normal,Uncommon,Pokemon Obsidian Flames,Altaria #160,obsidian flames | altaria | 160 |  | ungraded,1,1
Obsidian Flames,Altaria,160/197,Reverse Holo,Uncommon,Pokemon Obsidian Flames,Altaria [Reverse Holo] #160,obsidian flames | altaria | 160 | reverse holo | ungraded,1,0
Obsidian Flames,Drampa,161/197,Reverse Holo,Uncommon,Pokemon Obsidian Flames,Drampa [Reverse Holo] #161,obsidian flames | drampa | 161 | reverse holo | ungraded,5,0
Obsidian Flames,Pidgey,162/197,Reverse Holo,Common,Pokemon Obsidian Flames,Pidgey [Reverse Holo] #162,obsidian flames | pidgey | 162 | reverse holo | ungraded,4,0
Obsidian Flames,Pidgeotto,163/197,Normal,Uncommon,Pokemon Obsidian Flames,Pidgeotto #163,obsidian flames | pidgeotto | 163 |  | ungraded,1,1
Obsidian Flames,Pidgeot ex,164/197,Normal Holo,Double Rare,Pokemon Obsidian Flames,Pidgeot ex [Holo] #164,obsidian flames | pidgeot ex | 164 | holo | ungraded,1,0
Obsidian Flames,Kangaskhan,165/197,Normal,Uncommon,Pokemon Obsidian Flames,Kangaskhan #165,obsidian flames | kangaskhan | 165 |  | ungraded,1,1
Obsidian Flames,Kangaskhan,165/197,Reverse Holo,Uncommon,Pokemon Obsidian Flames,Kangaskhan [Reverse Holo] #165,obsidian flames | kangaskhan | 165 | reverse holo | ungraded,2,0
Obsidian Flames,Eevee,166/197,Normal,Common,Pokemon Obsidian Flames,Eevee #166,obsidian flames | eevee | 166 |  | ungraded,1,1
Obsidian Flames,Eevee,166/197,Reverse Holo,Common,Pokemon Obsidian Flames,Eevee [Reverse Holo] #166,obsidian flames | eevee | 166 | reverse holo | ungraded,2,0
Obsidian Flames,Zigzagoon,167/197,Normal,Common,Pokemon Obsidian Flames,Zigzagoon #167,obsidian flames | zigzagoon | 167 |  | ungraded,1,1
Obsidian Flames,Zigzagoon,167/197,Reverse Holo,Common,Pokemon Obsidian Flames,Zigzagoon [Reverse Holo] #167,obsidian flames | zigzagoon | 167 | reverse holo | ungraded,2,0
Obsidian Flames,Linoone,168/197,Normal,Uncommon,Pokemon Obsidian Flames,Linoone #168,obsidian flames | linoone | 168 |  | ungraded,1,1
Obsidian Flames,Linoone,168/197,Reverse Holo,Uncommon,Pokemon Obsidian Flames,Linoone [Reverse Holo] #168,obsidian flames | linoone | 168 | reverse holo | ungraded,2,0
Obsidian Flames,Swablu,169/197,Normal,Common,Pokemon Obsidian Flames,Swablu #169,obsidian flames | swablu | 169 |  | ungraded,1,1
Obsidian Flames,Swablu,169/197,Reverse Holo,Common,Pokemon Obsidian Flames,Swablu [Reverse Holo] #169,obsidian flames | swablu | 169 | reverse holo | ungraded,1,0
Obsidian Flames,Lillipup,170/197,Normal,Common,Pokemon Obsidian Flames,Lillipup #170,obsidian flames | lillipup | 170 |  | ungraded,1,1
Obsidian Flames,Lillipup,170/197,Reverse Holo,Common,Pokemon Obsidian Flames,Lillipup [Reverse Holo] #170,obsidian flames | lillipup | 170 | reverse holo | ungraded,1,0
Obsidian Flames,Herdier,171/197,Normal,Common,Pokemon Obsidian Flames,Herdier #171,obsidian flames | herdier | 171 |  | ungraded,1,1
Obsidian Flames,Herdier,171/197,Reverse Holo,Common,Pokemon Obsidian Flames,Herdier [Reverse Holo] #171,obsidian flames | herdier | 171 | reverse holo | ungraded,1,0
Obsidian Flames,Stoutland,172/197,Reverse Holo,Uncommon,Pokemon Obsidian Flames,Stoutland [Reverse Holo] #172,obsidian flames | stoutland | 172 | reverse holo | ungraded,1,0
Obsidian Flames,Audino,173/197,Normal,Common,Pokemon Obsidian Flames,Audino #173,obsidian flames | audino | 173 |  | ungraded,1,1
Obsidian Flames,Audino,173/197,Reverse Holo,Common,Pokemon Obsidian Flames,Audino [Reverse Holo] #173,obsidian flames | audino | 173 | reverse holo | ungraded,3,0
Obsidian Flames,Bouffalant,174/197,Normal,Uncommon,Pokemon Obsidian Flames,Bouffalant #174,obsidian flames | bouffalant | 174 |  | ungraded,1,1
Obsidian Flames,Bunnelby,175/197,Reverse Holo,Common,Pokemon Obsidian Flames,Bunnelby [Reverse Holo] #175,obsidian flames | bunnelby | 175 | reverse holo | ungraded,3,0
Obsidian Flames,Yungoos,176/197,Reverse Holo,Common,Pokemon Obsidian Flames,Yungoos [Reverse Holo] #176,obsidian flames | yungoos | 176 | reverse holo | ungraded,6,0
Obsidian Flames,Gumshoos,177/197,Reverse Holo,Uncommon,Pokemon Obsidian Flames,Gumshoos [Reverse Holo] #177,obsidian flames | gumshoos | 177 | reverse holo | ungraded,2,0
Obsidian Flames,Skwovet,178/197,Normal,Common,Pokemon Obsidian Flames,Skwovet #178,obsidian flames | skwovet | 178 |  | ungraded,1,1
Obsidian Flames,Skwovet,178/197,Reverse Holo,Common,Pokemon Obsidian Flames,Skwovet [Reverse Holo] #178,obsidian flames | skwovet | 178 | reverse holo | ungraded,1,0
Obsidian Flames,Greedent ex,179/197,Normal Holo,Double Rare,Pokemon Obsidian Flames,Greedent ex [Holo] #179,obsidian flames | greedent ex | 179 | holo | ungraded,1,0
Obsidian Flames,Lechonk,180/197,Normal,Common,Pokemon Obsidian Flames,Lechonk #180,obsidian flames | lechonk | 180 |  | ungraded,1,1
Obsidian Flames,Lechonk,180/197,Reverse Holo,Common,Pokemon Obsidian Flames,Lechonk [Reverse Holo] #180,obsidian flames | lechonk | 180 | reverse holo | ungraded,1,0
Obsidian Flames,Lechonk,181/197,Normal,Common,Pokemon Obsidian Flames,Lechonk #181,obsidian flames | lechonk | 181 |  | ungraded,1,1
Obsidian Flames,Lechonk,181/197,Reverse Holo,Common,Pokemon Obsidian Flames,Lechonk [Reverse Holo] #181,obsidian flames | lechonk | 181 | reverse holo | ungraded,4,0
Obsidian Flames,Lechonk,182/197,Reverse Holo,Common,Pokemon Obsidian Flames,Lechonk [Reverse Holo] #182,obsidian flames | lechonk | 182 | reverse holo | ungraded,2,0
Obsidian Flames,Oinkologne,184/197,Normal,Uncommon,Pokemon Obsidian Flames,Oinkologne #184,obsidian flames | oinkologne | 184 |  | ungraded,1,1
Obsidian Flames,Oinkologne,184/197,Reverse Holo,Uncommon,Pokemon Obsidian Flames,Oinkologne [Reverse Holo] #184,obsidian flames | oinkologne | 184 | reverse holo | ungraded,3,0
Obsidian Flames,Flamigo,185/197,Normal,Uncommon,Pokemon Obsidian Flames,Flamigo #185,obsidian flames | flamigo | 185 |  | ungraded,1,1
Obsidian Flames,Flamigo,185/197,Reverse Holo,Uncommon,Pokemon Obsidian Flames,Flamigo [Reverse Holo] #185,obsidian flames | flamigo | 185 | reverse holo | ungraded,1,0
Obsidian Flames,Arven,186/197,Reverse Holo,Uncommon,Pokemon Obsidian Flames,Arven [Reverse Holo] #186,obsidian flames | arven | 186 | reverse holo | ungraded,1,0
Obsidian Flames,Brassius,187/197,Normal,Uncommon,Pokemon Obsidian Flames,Brassius #187,obsidian flames | brassius | 187 |  | ungraded,1,1
Obsidian Flames,Brassius,187/197,Reverse Holo,Uncommon,Pokemon Obsidian Flames,Brassius [Reverse Holo] #187,obsidian flames | brassius | 187 | reverse holo | ungraded,2,0
Obsidian Flames,Geeta,188/197,Normal Holo,Rare,Pokemon Obsidian Flames,Geeta [Holo] #188,obsidian flames | geeta | 188 | holo | ungraded,15,1
Obsidian Flames,Geeta,188/197,Reverse Holo,Rare,Pokemon Obsidian Flames,Geeta [Reverse Holo] #188,obsidian flames | geeta | 188 | reverse holo | ungraded,1,0
Obsidian Flames,Letter of Encouragement,189/197,Normal,Uncommon,Pokemon Obsidian Flames,Letter of Encouragement #189,obsidian flames | letter of encouragement | 189 |  | ungraded,1,1
Obsidian Flames,Letter of Encouragement,189/197,Reverse Holo,Uncommon,Pokemon Obsidian Flames,Letter of Encouragement [Reverse Holo] #189,obsidian flames | letter of encouragement | 189 | reverse holo | ungraded,3,0
Obsidian Flames,Ortega,190/197,Normal,Uncommon,Pokemon Obsidian Flames,Ortega #190,obsidian flames | ortega | 190 |  | ungraded,1,1
Obsidian Flames,Ortega,190/197,Reverse Holo,Uncommon,Pokemon Obsidian Flames,Ortega [Reverse Holo] #190,obsidian flames | ortega | 190 | reverse holo | ungraded,4,0
Obsidian Flames,Patrol Cap,191/197,Normal,Uncommon,Pokemon Obsidian Flames,Patrol Cap #191,obsidian flames | patrol cap | 191 |  | ungraded,1,1
Obsidian Flames,Patrol Cap,191/197,Reverse Holo,Uncommon,Pokemon Obsidian Flames,Patrol Cap [Reverse Holo] #191,obsidian flames | patrol cap | 191 | reverse holo | ungraded,5,0
Obsidian Flames,Pokémon League Headquarters,192/197,Normal,Uncommon,Pokemon Obsidian Flames,Pokémon League Headquarters #192,obsidian flames | pokemon league headquarters | 192 |  | ungraded,1,1
Obsidian Flames,Pokémon League Headquarters,192/197,Reverse Holo,Uncommon,Pokemon Obsidian Flames,Pokémon League Headquarters [Reverse Holo] #192,obsidian flames | pokemon league headquarters | 192 | reverse holo | ungraded,3,0
Obsidian Flames,Ryme,194/197,Normal,Common,Pokemon Obsidian Flames,Ryme #194,obsidian flames | ryme | 194 |  | ungraded,1,1
Obsidian Flames,Ryme,194/197,Reverse Holo,Common,Pokemon Obsidian Flames,Ryme [Reverse Holo] #194,obsidian flames | ryme | 194 | reverse holo | ungraded,2,0
Obsidian Flames,Team Star Grunt,195/197,Normal,Uncommon,Pokemon Obsidian Flames,Team Star Grunt #195,obsidian flames | team star grunt | 195 |  | ungraded,1,1
Obsidian Flames,Team Star Grunt,195/197,Reverse Holo,Uncommon,Pokemon Obsidian Flames,Team Star Grunt [Reverse Holo] #195,obsidian flames | team star grunt | 195 | reverse holo | ungraded,5,0
Obsidian Flames,Town Store,196/197,Normal,Common,Pokemon Obsidian Flames,Town Store #196,obsidian flames | town store | 196 |  | ungraded,1,1
Obsidian Flames,Town Store,196/197,Reverse Holo,Common,Pokemon Obsidian Flames,Town Store [Reverse Holo] #196,obsidian flames | town store | 196 | reverse holo | ungraded,1,0
Obsidian Flames,Vengeful Punch,197/197,Normal,Uncommon,Pokemon Obsidian Flames,Vengeful Punch #197,obsidian flames | vengeful punch | 197 |  | ungraded,1,1
Obsidian Flames,Vengeful Punch,197/197,Reverse Holo,Uncommon,Pokemon Obsidian Flames,Vengeful Punch [Reverse Holo] #197,obsidian flames | vengeful punch | 197 | reverse holo | ungraded,2,0
Obsidian Flames,Ninetales,199/197,Normal Holo,Illustration Rare,Pokemon Obsidian Flames,Ninetales [Holo] #199,obsidian flames | ninetales | 199 | holo | ungraded,1,0
Obsidian Flames,Palafin,200/197,Normal Holo,Illustration Rare,Pokemon Obsidian Flames,Palafin [Holo] #200,obsidian flames | palafin | 200 | holo | ungraded,1,0
Obsidian Flames,Bellibolt,201/197,Normal Holo,Illustration Rare,Pokemon Obsidian Flames,Bellibolt [Holo] #201,obsidian flames | bellibolt | 201 | holo | ungraded,2,0
Obsidian Flames,Cleffa,202/197,Normal Holo,Illustration Rare,Pokemon Obsidian Flames,Cleffa [Holo] #202,obsidian flames | cleffa | 202 | holo | ungraded,1,0
Obsidian Flames,Larvitar,203/197,Normal Holo,Illustration Rare,Pokemon Obsidian Flames,Larvitar [Holo] #203,obsidian flames | larvitar | 203 | holo | ungraded,1,0
Obsidian Flames,Scizor,205/197,Normal Holo,Illustration Rare,Pokemon Obsidian Flames,Scizor [Holo] #205,obsidian flames | scizor | 205 | holo | ungraded,1,0
Obsidian Flames,Varoom,206/197,Normal Holo,Illustration Rare,Pokemon Obsidian Flames,Varoom [Holo] #206,obsidian flames | varoom | 206 | holo | ungraded,1,0
Obsidian Flames,Pidgey,207/197,Normal Holo,Illustration Rare,Pokemon Obsidian Flames,Pidgey [Holo] #207,obsidian flames | pidgey | 207 | holo | ungraded,1,0
Obsidian Flames,Pidgeotto,208/197,Normal Holo,Illustration Rare,Pokemon Obsidian Flames,Pidgeotto [Holo] #208,obsidian flames | pidgeotto | 208 | holo | ungraded,1,0
Obsidian Flames,Lechonk,209/197,Normal Holo,Illustration Rare,Pokemon Obsidian Flames,Lechonk [Holo] #209,obsidian flames | lechonk | 209 | holo | ungraded,1,0
Obsidian Flames,Vespiquen ex,212/197,Normal Holo,Ultra Rare,Pokemon Obsidian Flames,Vespiquen ex [Holo] #212,obsidian flames | vespiquen ex | 212 | holo | ungraded,1,0
Obsidian Flames,Charizard ex,215/197,Normal Holo,Ultra Rare,Pokemon Obsidian Flames,Charizard ex [Holo] #215,obsidian flames | charizard ex | 215 | holo | ungraded,2,0
Obsidian Flames,Revavroom ex,216/197,Normal Holo,Ultra Rare,Pokemon Obsidian Flames,Revavroom ex [Holo] #216,obsidian flames | revavroom ex | 216 | holo | ungraded,2,0
Obsidian Flames,Pidgeot ex,217/197,Normal Holo,Ultra Rare,Pokemon Obsidian Flames,Pidgeot ex [Holo] #217,obsidian flames | pidgeot ex | 217 | holo | ungraded,1,0
Obsidian Flames,Geeta,218/197,Normal Holo,Ultra Rare,Pokemon Obsidian Flames,Geeta [Holo] #218,obsidian flames | geeta | 218 | holo | ungraded,2,0
Obsidian Flames,Ortega,219/197,Normal Holo,Ultra Rare,Pokemon Obsidian Flames,Ortega [Holo] #219,obsidian flames | ortega | 219 | holo | ungraded,1,0
Obsidian Flames,Poppy,220/197,Normal Holo,Ultra Rare,Pokemon Obsidian Flames,Poppy [Holo] #220,obsidian flames | poppy | 220 | holo | ungraded,1,0
Obsidian Flames,Ryme,221/197,Normal Holo,Ultra Rare,Pokemon Obsidian Flames,Ryme [Holo] #221,obsidian flames | ryme | 221 | holo | ungraded,2,0
Obsidian Flames,Eiscue ex,222/197,Normal Holo,Special Illustration Rare,Pokemon Obsidian Flames,Eiscue ex [Holo] #222,obsidian flames | eiscue ex | 222 | holo | ungraded,1,0
Obsidian Flames,Revavroom ex,224/197,Normal Holo,Special Illustration Rare,Pokemon Obsidian Flames,Revavroom ex [Holo] #224,obsidian flames | revavroom ex | 224 | holo | ungraded,2,0
Obsidian Flames,Pidgeot ex,225/197,Normal Holo,Special Illustration Rare,Pokemon Obsidian Flames,Pidgeot ex [Holo] #225,obsidian flames | pidgeot ex | 225 | holo | ungraded,1,0
Obsidian Flames,Geeta,226/197,Normal Holo,Special Illustration Rare,Pokemon Obsidian Flames,Geeta [Holo] #226,obsidian flames | geeta | 226 | holo | ungraded,1,0
Obsidian Flames,Poppy,227/197,Normal Holo,Special Illustration Rare,Pokemon Obsidian Flames,Poppy [Holo] #227,obsidian flames | poppy | 227 | holo | ungraded,1,0
Obsidian Flames,Artazon,229/197,Normal Holo,Hyper Rare,Pokemon Obsidian Flames,Artazon [Holo] #229,obsidian flames | artazon | 229 | holo | ungraded,1,0
Obsidian Flames,Basic Fire Energy,230/197,Normal Holo,Hyper Rare,Pokemon Obsidian Flames,Basic Fire Energy [Holo] #230,obsidian flames | basic fire energy | 230 | holo | ungraded,1,0
Paldea Evolved,Hoppip,001/193,Normal,Common,Pokemon Paldea Evolved,Hoppip #1,paldea evolved | hoppip | 1 |  | ungraded,1,1
Paldea Evolved,Hoppip,001/193,Reverse Holo,Common,Pokemon Paldea Evolved,Hoppip [Reverse Holo] #1,paldea evolved | hoppip | 1 | reverse holo | ungraded,1,1
Paldea Evolved,Skiploom,002/193,Normal,Uncommon,Pokemon Paldea Evolved,Skiploom #2,paldea evolved | skiploom | 2 |  | ungraded,1,1
Paldea Evolved,Jumpluff,003/193,Normal Holo,Rare,Pokemon Paldea Evolved,Jumpluff [Holo] #3,paldea evolved | jumpluff | 3 | holo | ungraded,2,0
Paldea Evolved,Jumpluff,003/193,Reverse Holo,Rare,Pokemon Paldea Evolved,Jumpluff [Reverse Holo] #3,paldea evolved | jumpluff | 3 | reverse holo | ungraded,1,1
Paldea Evolved,Pineco,004/193,Normal,Common,Pokemon Paldea Evolved,Pineco #4,paldea evolved | pineco | 4 |  | ungraded,1,1
Paldea Evolved,Pineco,004/193,Reverse Holo,Common,Pokemon Paldea Evolved,Pineco [Reverse Holo] #4,paldea evolved | pineco | 4 | reverse holo | ungraded,1,1
Paldea Evolved,Forretress ex,005/193,Normal Holo,Double Rare,Pokemon Paldea Evolved,Forretress ex [Holo] #5,paldea evolved | forretress ex | 5 | holo | ungraded,1,0
Paldea Evolved,Heracross,006/193,Normal,Uncommon,Pokemon Paldea Evolved,Heracross #6,paldea evolved | heracross | 6 |  | ungraded,1,1
Paldea Evolved,Heracross,006/193,Reverse Holo,Uncommon,Pokemon Paldea Evolved,Heracross [Reverse Holo] #6,paldea evolved | heracross | 6 | reverse holo | ungraded,1,1
Paldea Evolved,Tropius,007/193,Normal,Common,Pokemon Paldea Evolved,Tropius #7,paldea evolved | tropius | 7 |  | ungraded,1,1
Paldea Evolved,Tropius,007/193,Reverse Holo,Common,Pokemon Paldea Evolved,Tropius [Reverse Holo] #7,paldea evolved | tropius | 7 | reverse holo | ungraded,1,1
Paldea Evolved,Combee,008/193,Normal,Common,Pokemon Paldea Evolved,Combee #8,paldea evolved | combee | 8 |  | ungraded,1,1
Paldea Evolved,Combee,008/193,Reverse Holo,Common,Pokemon Paldea Evolved,Combee [Reverse Holo] #8,paldea evolved | combee | 8 | reverse holo | ungraded,1,1
Paldea Evolved,Vespiquen,009/193,Normal,Uncommon,Pokemon Paldea Evolved,Vespiquen #9,paldea evolved | vespiquen | 9 |  | ungraded,1,1
Paldea Evolved,Vespiquen,009/193,Reverse Holo,Uncommon,Pokemon Paldea Evolved,Vespiquen [Reverse Holo] #9,paldea evolved | vespiquen | 9 | reverse holo | ungraded,1,1
Paldea Evolved,Snover,010/193,Normal,Common,Pokemon Paldea Evolved,Snover #10,paldea evolved | snover | 10 |  | ungraded,1,1
Paldea Evolved,Snover,010/193,Reverse Holo,Common,Pokemon Paldea Evolved,Snover [Reverse Holo] #10,paldea evolved | snover | 10 | reverse holo | ungraded,1,1
Paldea Evolved,Abomasnow,011/193,Normal Holo,Rare,Pokemon Paldea Evolved,Abomasnow [Holo] #11,paldea evolved | abomasnow | 11 | holo | ungraded,2,0
Paldea Evolved,Abomasnow,011/193,Reverse Holo,Rare,Pokemon Paldea Evolved,Abomasnow [Reverse Holo] #11,paldea evolved | abomasnow | 11 | reverse holo | ungraded,1,1
Paldea Evolved,Sprigatito,012/193,Normal,Common,Pokemon Paldea Evolved,Sprigatito #12,paldea evolved | sprigatito | 12 |  | ungraded,1,1
Paldea Evolved,Sprigatito,012/193,Reverse Holo,Common,Pokemon Paldea Evolved,Sprigatito [Reverse Holo] #12,paldea evolved | sprigatito | 12 | reverse holo | ungraded,2,1
Paldea Evolved,Sprigatito,013/193,Normal,Common,Pokemon Paldea Evolved,Sprigatito #13,paldea evolved | sprigatito | 13 |  | ungraded,1,1
Paldea Evolved,Sprigatito,013/193,Reverse Holo,Common,Pokemon Paldea Evolved,Sprigatito [Reverse Holo] #13,paldea evolved | sprigatito | 13 | reverse holo | ungraded,1,1
Paldea Evolved,Floragato,014/193,Normal,Uncommon,Pokemon Paldea Evolved,Floragato #14,paldea evolved | floragato | 14 |  | ungraded,1,1
Paldea Evolved,Meowscarada ex,015/193,Normal Holo,Double Rare,Pokemon Paldea Evolved,Meowscarada ex [Holo] #15,paldea evolved | meowscarada ex | 15 | holo | ungraded,1,0
Paldea Evolved,Tarountula,016/193,Normal,Common,Pokemon Paldea Evolved,Tarountula #16,paldea evolved | tarountula | 16 |  | ungraded,1,1
Paldea Evolved,Tarountula,016/193,Reverse Holo,Common,Pokemon Paldea Evolved,Tarountula [Reverse Holo] #16,paldea evolved | tarountula | 16 | reverse holo | ungraded,1,1
Paldea Evolved,Spidops,018/193,Normal,Uncommon,Pokemon Paldea Evolved,Spidops #18,paldea evolved | spidops | 18 |  | ungraded,1,1
Paldea Evolved,Nymble,019/193,Normal,Common,Pokemon Paldea Evolved,Nymble #19,paldea evolved | nymble | 19 |  | ungraded,1,1
Paldea Evolved,Nymble,020/193,Normal,Common,Pokemon Paldea Evolved,Nymble #20,paldea evolved | nymble | 20 |  | ungraded,1,1
Paldea Evolved,Nymble,020/193,Reverse Holo,Common,Pokemon Paldea Evolved,Nymble [Reverse Holo] #20,paldea evolved | nymble | 20 | reverse holo | ungraded,1,1
Paldea Evolved,Lokix,021/193,Normal Holo,Rare,Pokemon Paldea Evolved,Lokix [Holo] #21,paldea evolved | lokix | 21 | holo | ungraded,2,1
Paldea Evolved,Bramblin,022/193,Normal,Common,Pokemon Paldea Evolved,Bramblin #22,paldea evolved | bramblin | 22 |  | ungraded,1,1
Paldea Evolved,Bramblin,023/193,Normal,Common,Pokemon Paldea Evolved,Bramblin #23,paldea evolved | bramblin | 23 |  | ungraded,1,1
Paldea Evolved,Brambleghast,024/193,Normal,Uncommon,Pokemon Paldea Evolved,Brambleghast #24,paldea evolved | brambleghast | 24 |  | ungraded,1,1
Paldea Evolved,Brambleghast,024/193,Reverse Holo,Uncommon,Pokemon Paldea Evolved,Brambleghast [Reverse Holo] #24,paldea evolved | brambleghast | 24 | reverse holo | ungraded,1,1
Paldea Evolved,Rellor,025/193,Normal,Common,Pokemon Paldea Evolved,Rellor #25,paldea evolved | rellor | 25 |  | ungraded,1,1
Paldea Evolved,Rellor,026/193,Normal,Common,Pokemon Paldea Evolved,Rellor #26,paldea evolved | rellor | 26 |  | ungraded,1,1
Paldea Evolved,Fletchinder,029/193,Normal,Uncommon,Pokemon Paldea Evolved,Fletchinder #29,paldea evolved | fletchinder | 29 |  | ungraded,1,1
Paldea Evolved,Talonflame,030/193,Normal,Uncommon,Pokemon Paldea Evolved,Talonflame #30,paldea evolved | talonflame | 30 |  | ungraded,1,1
Paldea Evolved,Talonflame,030/193,Reverse Holo,Uncommon,Pokemon Paldea Evolved,Talonflame [Reverse Holo] #30,paldea evolved | talonflame | 30 | reverse holo | ungraded,1,1
Paldea Evolved,Litleo,031/193,Normal,Common,Pokemon Paldea Evolved,Litleo #31,paldea evolved | litleo | 31 |  | ungraded,1,1
Paldea Evolved,Pyroar,032/193,Normal,Uncommon,Pokemon Paldea Evolved,Pyroar #32,paldea evolved | pyroar | 32 |  | ungraded,1,1
Paldea Evolved,Oricorio,033/193,Normal Holo,Rare,Pokemon Paldea Evolved,Oricorio [Holo] #33,paldea evolved | oricorio | 33 | holo | ungraded,1,0
Paldea Evolved,Oricorio,033/193,Reverse Holo,Rare,Pokemon Paldea Evolved,Oricorio [Reverse Holo] #33,paldea evolved | oricorio | 33 | reverse holo | ungraded,1,1
Paldea Evolved,Fuecoco,034/193,Normal,Common,Pokemon Paldea Evolved,Fuecoco #34,paldea evolved | fuecoco | 34 |  | ungraded,1,1
Paldea Evolved,Fuecoco,034/193,Reverse Holo,Common,Pokemon Paldea Evolved,Fuecoco [Reverse Holo] #34,paldea evolved | fuecoco | 34 | reverse holo | ungraded,1,1
Paldea Evolved,Fuecoco,035/193,Normal,Common,Pokemon Paldea Evolved,Fuecoco #35,paldea evolved | fuecoco | 35 |  | ungraded,1,1
Paldea Evolved,Fuecoco,035/193,Reverse Holo,Common,Pokemon Paldea Evolved,Fuecoco [Reverse Holo] #35,paldea evolved | fuecoco | 35 | reverse holo | ungraded,1,1
Paldea Evolved,Crocalor,036/193,Normal,Uncommon,Pokemon Paldea Evolved,Crocalor #36,paldea evolved | crocalor | 36 |  | ungraded,1,1
Paldea Evolved,Charcadet,038/193,Normal,Common,Pokemon Paldea Evolved,Charcadet #38,paldea evolved | charcadet | 38 |  | ungraded,1,1
Paldea Evolved,Charcadet,039/193,Normal,Common,Pokemon Paldea Evolved,Charcadet #39,paldea evolved | charcadet | 39 |  | ungraded,1,1
Paldea Evolved,Charcadet,039/193,Reverse Holo,Common,Pokemon Paldea Evolved,Charcadet [Reverse Holo] #39,paldea evolved | charcadet | 39 | reverse holo | ungraded,2,1
Paldea Evolved,Chi-Yu ex,040/193,Normal Holo,Double Rare,Pokemon Paldea Evolved,Chi-Yu ex [Holo] #40,paldea evolved | chi yu ex | 40 | holo | ungraded,1,0
Paldea Evolved,Paldean Tauros,041/193,Normal,Uncommon,Pokemon Paldea Evolved,Paldean Tauros #41,paldea evolved | paldean tauros | 41 |  | ungraded,1,1
Paldea Evolved,Magikarp,042/193,Normal,Common,Pokemon Paldea Evolved,Magikarp #42,paldea evolved | magikarp | 42 |  | ungraded,1,1
Paldea Evolved,Magikarp,042/193,Reverse Holo,Common,Pokemon Paldea Evolved,Magikarp [Reverse Holo] #42,paldea evolved | magikarp | 42 | reverse holo | ungraded,1,1
Paldea Evolved,Gyarados,043/193,Normal Holo,Rare,Pokemon Paldea Evolved,Gyarados [Holo] #43,paldea evolved | gyarados | 43 | holo | ungraded,2,0
Paldea Evolved,Marill,044/193,Normal,Common,Pokemon Paldea Evolved,Marill #44,paldea evolved | marill | 44 |  | ungraded,1,1
Paldea Evolved,Azumarill,045/193,Normal,Uncommon,Pokemon Paldea Evolved,Azumarill #45,paldea evolved | azumarill | 45 |  | ungraded,1,1
Paldea Evolved,Delibird,046/193,Normal,Common,Pokemon Paldea Evolved,Delibird #46,paldea evolved | delibird | 46 |  | ungraded,1,1
Paldea Evolved,Delibird,046/193,Reverse Holo,Common,Pokemon Paldea Evolved,Delibird [Reverse Holo] #46,paldea evolved | delibird | 46 | reverse holo | ungraded,2,1
Paldea Evolved,Luvdisc,047/193,Normal,Common,Pokemon Paldea Evolved,Luvdisc #47,paldea evolved | luvdisc | 47 |  | ungraded,1,1
Paldea Evolved,Luvdisc,047/193,Reverse Holo,Common,Pokemon Paldea Evolved,Luvdisc [Reverse Holo] #47,paldea evolved | luvdisc | 47 | reverse holo | ungraded,2,1
Paldea Evolved,Eiscue,048/193,Normal,Uncommon,Pokemon Paldea Evolved,Eiscue #48,paldea evolved | eiscue | 48 |  | ungraded,1,1
Paldea Evolved,Eiscue,048/193,Reverse Holo,Uncommon,Pokemon Paldea Evolved,Eiscue [Reverse Holo] #48,paldea evolved | eiscue | 48 | reverse holo | ungraded,1,1
Paldea Evolved,Quaxly,049/193,Normal,Common,Pokemon Paldea Evolved,Quaxly #49,paldea evolved | quaxly | 49 |  | ungraded,1,1
Paldea Evolved,Quaxly,049/193,Reverse Holo,Common,Pokemon Paldea Evolved,Quaxly [Reverse Holo] #49,paldea evolved | quaxly | 49 | reverse holo | ungraded,1,1
Paldea Evolved,Quaxly,050/193,Normal,Common,Pokemon Paldea Evolved,Quaxly #50,paldea evolved | quaxly | 50 |  | ungraded,1,1
Paldea Evolved,Quaxly,050/193,Reverse Holo,Common,Pokemon Paldea Evolved,Quaxly [Reverse Holo] #50,paldea evolved | quaxly | 50 | reverse holo | ungraded,2,1
Paldea Evolved,Quaxwell,051/193,Normal,Uncommon,Pokemon Paldea Evolved,Quaxwell #51,paldea evolved | quaxwell | 51 |  | ungraded,1,1
Paldea Evolved,Quaxwell,051/193,Reverse Holo,Uncommon,Pokemon Paldea Evolved,Quaxwell [Reverse Holo] #51,paldea evolved | quaxwell | 51 | reverse holo | ungraded,1,1
Paldea Evolved,Cetoddle,053/193,Normal,Common,Pokemon Paldea Evolved,Cetoddle #53,paldea evolved | cetoddle | 53 |  | ungraded,1,1
Paldea Evolved,Cetoddle,053/193,Reverse Holo,Common,Pokemon Paldea Evolved,Cetoddle [Reverse Holo] #53,paldea evolved | cetoddle | 53 | reverse holo | ungraded,2,1
Paldea Evolved,Cetoddle,054/193,Normal,Common,Pokemon Paldea Evolved,Cetoddle #54,paldea evolved | cetoddle | 54 |  | ungraded,1,1
Paldea Evolved,Cetitan,055/193,Normal,Uncommon,Pokemon Paldea Evolved,Cetitan #55,paldea evolved | cetitan | 55 |  | ungraded,1,1
Paldea Evolved,Veluza,056/193,Normal Holo,Rare,Pokemon Paldea Evolved,Veluza [Holo] #56,paldea evolved | veluza | 56 | holo | ungraded,2,0
Paldea Evolved,Frigibax,057/193,Normal,Common,Pokemon Paldea Evolved,Frigibax #57,paldea evolved | frigibax | 57 |  | ungraded,1,1
Paldea Evolved,Frigibax,057/193,Reverse Holo,Common,Pokemon Paldea Evolved,Frigibax [Reverse Holo] #57,paldea evolved | frigibax | 57 | reverse holo | ungraded,2,1
Paldea Evolved,Frigibax,058/193,Normal,Common,Pokemon Paldea Evolved,Frigibax #58,paldea evolved | frigibax | 58 |  | ungraded,1,1
Paldea Evolved,Arctibax,059/193,Normal,Uncommon,Pokemon Paldea Evolved,Arctibax #59,paldea evolved | arctibax | 59 |  | ungraded,1,1
Paldea Evolved,Baxcalibur,060/193,Normal Holo,Rare,Pokemon Paldea Evolved,Baxcalibur [Holo] #60,paldea evolved | baxcalibur | 60 | holo | ungraded,2,1
Paldea Evolved,Baxcalibur,060/193,Reverse Holo,Rare,Pokemon Paldea Evolved,Baxcalibur [Reverse Holo] #60,paldea evolved | baxcalibur | 60 | reverse holo | ungraded,2,1
Paldea Evolved,Chien-Pao ex,061/193,Normal Holo,Double Rare,Pokemon Paldea Evolved,Chien-Pao ex [Holo] #61,paldea evolved | chien pao ex | 61 | holo | ungraded,1,0
Paldea Evolved,Pikachu,062/193,Normal,Common,Pokemon Paldea Evolved,Pikachu #62,paldea evolved | pikachu | 62 |  | ungraded,1,1
Paldea Evolved,Pikachu,062/193,Reverse Holo,Common,Pokemon Paldea Evolved,Pikachu [Reverse Holo] #62,paldea evolved | pikachu | 62 | reverse holo | ungraded,1,1
Paldea Evolved,Pikachu,062/193,Trick or Trade 2023,Common,Pokemon Trick or Trade 2023,Pikachu #62,trick or trade 2023 | pikachu | 62 |  | ungraded,1,0
Paldea Evolved,Pikachu ex,063/193,Normal Holo,Double Rare,Pokemon Paldea Evolved,Pikachu ex [Holo] #63,paldea evolved | pikachu ex | 63 | holo | ungraded,1,0
Paldea Evolved,Raichu,064/193,Normal,Uncommon,Pokemon Paldea Evolved,Raichu #64,paldea evolved | raichu | 64 |  | ungraded,1,1
Paldea Evolved,Magnemite,065/193,Normal,Common,Pokemon Paldea Evolved,Magnemite #65,paldea evolved | magnemite | 65 |  | ungraded,1,1
Paldea Evolved,Magnemite,065/193,Reverse Holo,Common,Pokemon Paldea Evolved,Magnemite [Reverse Holo] #65,paldea evolved | magnemite | 65 | reverse holo | ungraded,1,1
Paldea Evolved,Voltorb,066/193,Normal,Common,Pokemon Paldea Evolved,Voltorb #66,paldea evolved | voltorb | 66 |  | ungraded,1,1
Paldea Evolved,Voltorb,066/193,Reverse Holo,Common,Pokemon Paldea Evolved,Voltorb [Reverse Holo] #66,paldea evolved | voltorb | 66 | reverse holo | ungraded,1,1
Paldea Evolved,Electrode,067/193,Normal,Uncommon,Pokemon Paldea Evolved,Electrode #67,paldea evolved | electrode | 67 |  | ungraded,1,1
Paldea Evolved,Electrode,067/193,Reverse Holo,Uncommon,Pokemon Paldea Evolved,Electrode [Reverse Holo] #67,paldea evolved | electrode | 67 | reverse holo | ungraded,2,1
Paldea Evolved,Shinx,068/193,Normal,Common,Pokemon Paldea Evolved,Shinx #68,paldea evolved | shinx | 68 |  | ungraded,1,1
Paldea Evolved,Shinx,069/193,Normal,Common,Pokemon Paldea Evolved,Shinx #69,paldea evolved | shinx | 69 |  | ungraded,1,1
Paldea Evolved,Shinx,069/193,Reverse Holo,Common,Pokemon Paldea Evolved,Shinx [Reverse Holo] #69,paldea evolved | shinx | 69 | reverse holo | ungraded,2,1
Paldea Evolved,Luxio,070/193,Normal,Uncommon,Pokemon Paldea Evolved,Luxio #70,paldea evolved | luxio | 70 |  | ungraded,1,1
Paldea Evolved,Luxray,071/193,Normal Holo,Rare,Pokemon Paldea Evolved,Luxray [Holo] #71,paldea evolved | luxray | 71 | holo | ungraded,1,0
Paldea Evolved,Pincurchin,072/193,Normal,Common,Pokemon Paldea Evolved,Pincurchin #72,paldea evolved | pincurchin | 72 |  | ungraded,1,1
Paldea Evolved,Pincurchin,072/193,Reverse Holo,Common,Pokemon Paldea Evolved,Pincurchin [Reverse Holo] #72,paldea evolved | pincurchin | 72 | reverse holo | ungraded,2,1
Paldea Evolved,Pincurchin,073/193,Normal,Uncommon,Pokemon Paldea Evolved,Pincurchin #73,paldea evolved | pincurchin | 73 |  | ungraded,1,1
Paldea Evolved,Pawmi,074/193,Normal,Common,Pokemon Paldea Evolved,Pawmi #74,paldea evolved | pawmi | 74 |  | ungraded,1,1
Paldea Evolved,Pawmi,074/193,Reverse Holo,Common,Pokemon Paldea Evolved,Pawmi [Reverse Holo] #74,paldea evolved | pawmi | 74 | reverse holo | ungraded,2,1
Paldea Evolved,Pawmo,075/193,Normal,Uncommon,Pokemon Paldea Evolved,Pawmo #75,paldea evolved | pawmo | 75 |  | ungraded,1,1
Paldea Evolved,Pawmo,075/193,Reverse Holo,Uncommon,Pokemon Paldea Evolved,Pawmo [Reverse Holo] #75,paldea evolved | pawmo | 75 | reverse holo | ungraded,1,1
Paldea Evolved,Pawmot,076/193,Normal Holo,Rare,Pokemon Paldea Evolved,Pawmot [Holo] #76,paldea evolved | pawmot | 76 | holo | ungraded,1,0
Paldea Evolved,Tadbulb,077/193,Normal,Common,Pokemon Paldea Evolved,Tadbulb #77,paldea evolved | tadbulb | 77 |  | ungraded,1,1
Paldea Evolved,Tadbulb,077/193,Reverse Holo,Common,Pokemon Paldea Evolved,Tadbulb [Reverse Holo] #77,paldea evolved | tadbulb | 77 | reverse holo | ungraded,1,1
Paldea Evolved,Tadbulb,078/193,Normal,Common,Pokemon Paldea Evolved,Tadbulb #78,paldea evolved | tadbulb | 78 |  | ungraded,1,1
Paldea Evolved,Bellibolt ex,079/193,Normal Holo,Double Rare,Pokemon Paldea Evolved,Bellibolt ex [Holo] #79,paldea evolved | bellibolt ex | 79 | holo | ungraded,1,0
Paldea Evolved,Wattrel,080/193,Normal,Common,Pokemon Paldea Evolved,Wattrel #80,paldea evolved | wattrel | 80 |  | ungraded,1,1
Paldea Evolved,Wattrel,080/193,Reverse Holo,Common,Pokemon Paldea Evolved,Wattrel [Reverse Holo] #80,paldea evolved | wattrel | 80 | reverse holo | ungraded,1,1
Paldea Evolved,Wattrel,081/193,Normal,Common,Pokemon Paldea Evolved,Wattrel #81,paldea evolved | wattrel | 81 |  | ungraded,1,1
Paldea Evolved,Wattrel,081/193,Reverse Holo,Common,Pokemon Paldea Evolved,Wattrel [Reverse Holo] #81,paldea evolved | wattrel | 81 | reverse holo | ungraded,2,1
Paldea Evolved,Kilowattrel,082/193,Normal,Uncommon,Pokemon Paldea Evolved,Kilowattrel #82,paldea evolved | kilowattrel | 82 |  | ungraded,1,1
Paldea Evolved,Kilowattrel,082/193,Reverse Holo,Uncommon,Pokemon Paldea Evolved,Kilowattrel [Reverse Holo] #82,paldea evolved | kilowattrel | 82 | reverse holo | ungraded,2,1
Paldea Evolved,Jigglypuff,083/193,Normal,Common,Pokemon Paldea Evolved,Jigglypuff #83,paldea evolved | jigglypuff | 83 |  | ungraded,1,1
Paldea Evolved,Jigglypuff,083/193,Reverse Holo,Common,Pokemon Paldea Evolved,Jigglypuff [Reverse Holo] #83,paldea evolved | jigglypuff | 83 | reverse holo | ungraded,2,1
Paldea Evolved,Wigglytuff,084/193,Normal Holo,Rare,Pokemon Paldea Evolved,Wigglytuff [Holo] #84,paldea evolved | wigglytuff | 84 | holo | ungraded,4,0
Paldea Evolved,Wigglytuff,084/193,Reverse Holo,Rare,Pokemon Paldea Evolved,Wigglytuff [Reverse Holo] #84,paldea evolved | wigglytuff | 84 | reverse holo | ungraded,1,1
Paldea Evolved,Slowpoke,085/193,Normal,Common,Pokemon Paldea Evolved,Slowpoke #85,paldea evolved | slowpoke | 85 |  | ungraded,1,1
Paldea Evolved,Slowpoke,085/193,Reverse Holo,Common,Pokemon Paldea Evolved,Slowpoke [Reverse Holo] #85,paldea evolved | slowpoke | 85 | reverse holo | ungraded,2,1
Paldea Evolved,Misdreavus,087/193,Normal,Common,Pokemon Paldea Evolved,Misdreavus #87,paldea evolved | misdreavus | 87 |  | ungraded,1,1
Paldea Evolved,Misdreavus,087/193,Reverse Holo,Common,Pokemon Paldea Evolved,Misdreavus [Reverse Holo] #87,paldea evolved | misdreavus | 87 | reverse holo | ungraded,2,1
Paldea Evolved,Mismagius,088/193,Normal,Uncommon,Pokemon Paldea Evolved,Mismagius #88,paldea evolved | mismagius | 88 |  | ungraded,1,1
Paldea Evolved,Mismagius,088/193,Trick or Trade 2023,Uncommon,Pokemon Trick or Trade 2023,Mismagius #88,trick or trade 2023 | mismagius | 88 |  | ungraded,1,1
Paldea Evolved,Spiritomb,089/193,Normal Holo,Rare,Pokemon Paldea Evolved,Spiritomb [Holo] #89,paldea evolved | spiritomb | 89 | holo | ungraded,2,0
Paldea Evolved,Spiritomb,089/193,Reverse Holo,Rare,Pokemon Paldea Evolved,Spiritomb [Reverse Holo] #89,paldea evolved | spiritomb | 89 | reverse holo | ungraded,1,1
Paldea Evolved,Gothita,090/193,Normal,Common,Pokemon Paldea Evolved,Gothita #90,paldea evolved | gothita | 90 |  | ungraded,1,1
Paldea Evolved,Gothita,090/193,Reverse Holo,Common,Pokemon Paldea Evolved,Gothita [Reverse Holo] #90,paldea evolved | gothita | 90 | reverse holo | ungraded,1,1
Paldea Evolved,Gothorita,091/193,Normal,Uncommon,Pokemon Paldea Evolved,Gothorita #91,paldea evolved | gothorita | 91 |  | ungraded,1,1
Paldea Evolved,Gothorita,091/193,Reverse Holo,Uncommon,Pokemon Paldea Evolved,Gothorita [Reverse Holo] #91,paldea evolved | gothorita | 91 | reverse holo | ungraded,1,1
Paldea Evolved,Gothitelle,092/193,Normal,Uncommon,Pokemon Paldea Evolved,Gothitelle #92,paldea evolved | gothitelle | 92 |  | ungraded,1,1
Paldea Evolved,Gothitelle,092/193,Reverse Holo,Uncommon,Pokemon Paldea Evolved,Gothitelle [Reverse Holo] #92,paldea evolved | gothitelle | 92 | reverse holo | ungraded,1,1
Paldea Evolved,Dedenne ex,093/193,Normal Holo,Double Rare,Pokemon Paldea Evolved,Dedenne ex [Holo] #93,paldea evolved | dedenne ex | 93 | holo | ungraded,1,0
Paldea Evolved,Oranguru,094/193,Normal,Uncommon,Pokemon Paldea Evolved,Oranguru #94,paldea evolved | oranguru | 94 |  | ungraded,1,1
Paldea Evolved,Oranguru,094/193,Reverse Holo,Uncommon,Pokemon Paldea Evolved,Oranguru [Reverse Holo] #94,paldea evolved | oranguru | 94 | reverse holo | ungraded,1,1
Paldea Evolved,Sandygast,095/193,Normal,Common,Pokemon Paldea Evolved,Sandygast #95,paldea evolved | sandygast | 95 |  | ungraded,1,1
Paldea Evolved,Sandygast,095/193,Reverse Holo,Common,Pokemon Paldea Evolved,Sandygast [Reverse Holo] #95,paldea evolved | sandygast | 95 | reverse holo | ungraded,1,1
Paldea Evolved,Palossand,096/193,Normal,Uncommon,Pokemon Paldea Evolved,Palossand #96,paldea evolved | palossand | 96 |  | ungraded,1,1
Paldea Evolved,Mimikyu,097/193,Normal Holo,Rare,Pokemon Paldea Evolved,Mimikyu [Holo] #97,paldea evolved | mimikyu | 97 | holo | ungraded,3,0
Paldea Evolved,Mimikyu,097/193,Reverse Holo,Rare,Pokemon Paldea Evolved,Mimikyu [Reverse Holo] #97,paldea evolved | mimikyu | 97 | reverse holo | ungraded,1,1
Paldea Evolved,Mimikyu,097/193,Trick or Trade 2023,Rare,Pokemon Trick or Trade 2023,Mimikyu [Holo] #97,trick or trade 2023 | mimikyu | 97 | holo | ungraded,1,1
Paldea Evolved,Ceruledge,098/193,Normal Holo,Rare,Pokemon Paldea Evolved,Ceruledge [Holo] #98,paldea evolved | ceruledge | 98 | holo | ungraded,3,0
Paldea Evolved,Rabsca,099/193,Normal Holo,Rare,Pokemon Paldea Evolved,Rabsca [Holo] #99,paldea evolved | rabsca | 99 | holo | ungraded,2,0
Paldea Evolved,Tinkatink,100/193,Normal,Common,Pokemon Paldea Evolved,Tinkatink #100,paldea evolved | tinkatink | 100 |  | ungraded,1,1
Paldea Evolved,Tinkatink,101/193,Normal,Common,Pokemon Paldea Evolved,Tinkatink #101,paldea evolved | tinkatink | 101 |  | ungraded,1,1
Paldea Evolved,Tinkatink,101/193,Reverse Holo,Common,Pokemon Paldea Evolved,Tinkatink [Reverse Holo] #101,paldea evolved | tinkatink | 101 | reverse holo | ungraded,1,1
Paldea Evolved,Tinkatink,102/193,Normal,Common,Pokemon Paldea Evolved,Tinkatink #102,paldea evolved | tinkatink | 102 |  | ungraded,1,1
Paldea Evolved,Tinkatuff,103/193,Reverse Holo,Uncommon,Pokemon Paldea Evolved,Tinkatuff [Reverse Holo] #103,paldea evolved | tinkatuff | 103 | reverse holo | ungraded,1,1
Paldea Evolved,Tinkatuff,104/193,Normal,Uncommon,Pokemon Paldea Evolved,Tinkatuff #104,paldea evolved | tinkatuff | 104 |  | ungraded,1,1
Paldea Evolved,Tinkaton,105/193,Normal Holo,Rare,Pokemon Paldea Evolved,Tinkaton [Holo] #105,paldea evolved | tinkaton | 105 | holo | ungraded,2,1
Paldea Evolved,Mankey,106/193,Normal,Common,Pokemon Paldea Evolved,Mankey #106,paldea evolved | mankey | 106 |  | ungraded,1,1
Paldea Evolved,Primeape,107/193,Normal,Uncommon,Pokemon Paldea Evolved,Primeape #107,paldea evolved | primeape | 107 |  | ungraded,1,1
Paldea Evolved,Primeape,107/193,Reverse Holo,Uncommon,Pokemon Paldea Evolved,Primeape [Reverse Holo] #107,paldea evolved | primeape | 107 | reverse holo | ungraded,1,1
Paldea Evolved,Paldean Tauros,108/193,Normal,Uncommon,Pokemon Paldea Evolved,Paldean Tauros #108,paldea evolved | paldean tauros | 108 |  | ungraded,1,1
Paldea Evolved,Paldean Tauros,108/193,Reverse Holo,Uncommon,Pokemon Paldea Evolved,Paldean Tauros [Reverse Holo] #108,paldea evolved | paldean tauros | 108 | reverse holo | ungraded,2,1
Paldea Evolved,Sudowoodo,109/193,Normal,Uncommon,Pokemon Paldea Evolved,Sudowoodo #109,paldea evolved | sudowoodo | 109 |  | ungraded,1,1
Paldea Evolved,Larvitar,110/193,Normal,Common,Pokemon Paldea Evolved,Larvitar #110,paldea evolved | larvitar | 110 |  | ungraded,1,1
Paldea Evolved,Pupitar,111/193,Normal,Uncommon,Pokemon Paldea Evolved,Pupitar #111,paldea evolved | pupitar | 111 |  | ungraded,1,1
Paldea Evolved,Pupitar,111/193,Reverse Holo,Uncommon,Pokemon Paldea Evolved,Pupitar [Reverse Holo] #111,paldea evolved | pupitar | 111 | reverse holo | ungraded,1,1
Paldea Evolved,Makuhita,112/193,Normal,Common,Pokemon Paldea Evolved,Makuhita #112,paldea evolved | makuhita | 112 |  | ungraded,1,1
Paldea Evolved,Makuhita,112/193,Reverse Holo,Common,Pokemon Paldea Evolved,Makuhita [Reverse Holo] #112,paldea evolved | makuhita | 112 | reverse holo | ungraded,2,1
Paldea Evolved,Hariyama,113/193,Normal Holo,Rare,Pokemon Paldea Evolved,Hariyama [Holo] #113,paldea evolved | hariyama | 113 | holo | ungraded,4,0
Paldea Evolved,Croagunk,114/193,Normal,Common,Pokemon Paldea Evolved,Croagunk #114,paldea evolved | croagunk | 114 |  | ungraded,1,1
Paldea Evolved,Croagunk,114/193,Reverse Holo,Common,Pokemon Paldea Evolved,Croagunk [Reverse Holo] #114,paldea evolved | croagunk | 114 | reverse holo | ungraded,2,1
Paldea Evolved,Toxicroak,115/193,Normal,Uncommon,Pokemon Paldea Evolved,Toxicroak #115,paldea evolved | toxicroak | 115 |  | ungraded,1,1
Paldea Evolved,Toxicroak,115/193,Reverse Holo,Uncommon,Pokemon Paldea Evolved,Toxicroak [Reverse Holo] #115,paldea evolved | toxicroak | 115 | reverse holo | ungraded,1,1
Paldea Evolved,Rockruff,116/193,Normal,Common,Pokemon Paldea Evolved,Rockruff #116,paldea evolved | rockruff | 116 |  | ungraded,1,1
Paldea Evolved,Rockruff,116/193,Reverse Holo,Common,Pokemon Paldea Evolved,Rockruff [Reverse Holo] #116,paldea evolved | rockruff | 116 | reverse holo | ungraded,2,1
Paldea Evolved,Passimian,118/193,Normal,Uncommon,Pokemon Paldea Evolved,Passimian #118,paldea evolved | passimian | 118 |  | ungraded,1,1
Paldea Evolved,Falinks,119/193,Normal,Common,Pokemon Paldea Evolved,Falinks #119,paldea evolved | falinks | 119 |  | ungraded,1,1
Paldea Evolved,Falinks,119/193,Reverse Holo,Common,Pokemon Paldea Evolved,Falinks [Reverse Holo] #119,paldea evolved | falinks | 119 | reverse holo | ungraded,2,1
Paldea Evolved,Nacli,120/193,Normal,Common,Pokemon Paldea Evolved,Nacli #120,paldea evolved | nacli | 120 |  | ungraded,1,1
Paldea Evolved,Nacli,121/193,Normal,Common,Pokemon Paldea Evolved,Nacli #121,paldea evolved | nacli | 121 |  | ungraded,1,1
Paldea Evolved,Naclstack,122/193,Normal,Uncommon,Pokemon Paldea Evolved,Naclstack #122,paldea evolved | naclstack | 122 |  | ungraded,1,1
Paldea Evolved,Garganacl,123/193,Normal Holo,Rare,Pokemon Paldea Evolved,Garganacl [Holo] #123,paldea evolved | garganacl | 123 | holo | ungraded,2,0
Paldea Evolved,Glimmet,124/193,Normal,Common,Pokemon Paldea Evolved,Glimmet #124,paldea evolved | glimmet | 124 |  | ungraded,1,1
Paldea Evolved,Glimmet,125/193,Normal,Common,Pokemon Paldea Evolved,Glimmet #125,paldea evolved | glimmet | 125 |  | ungraded,1,1
Paldea Evolved,Glimmora,126/193,Normal Holo,Rare,Pokemon Paldea Evolved,Glimmora [Holo] #126,paldea evolved | glimmora | 126 | holo | ungraded,2,0
Paldea Evolved,Paldean Wooper,128/193,Normal,Common,Pokemon Paldea Evolved,Paldean Wooper #128,paldea evolved | paldean wooper | 128 |  | ungraded,1,1
Paldea Evolved,Paldean Wooper,129/193,Normal,Common,Pokemon Paldea Evolved,Paldean Wooper #129,paldea evolved | paldean wooper | 129 |  | ungraded,1,1
Paldea Evolved,Paldean Wooper,129/193,Reverse Holo,Common,Pokemon Paldea Evolved,Paldean Wooper [Reverse Holo] #129,paldea evolved | paldean wooper | 129 | reverse holo | ungraded,1,1
Paldea Evolved,Paldean Clodsire ex,130/193,Normal Holo,Double Rare,Pokemon Paldea Evolved,Paldean Clodsire ex [Holo] #130,paldea evolved | paldean clodsire ex | 130 | holo | ungraded,1,0
Paldea Evolved,Murkrow,131/193,Normal,Common,Pokemon Paldea Evolved,Murkrow #131,paldea evolved | murkrow | 131 |  | ungraded,1,1
Paldea Evolved,Murkrow,131/193,Reverse Holo,Common,Pokemon Paldea Evolved,Murkrow [Reverse Holo] #131,paldea evolved | murkrow | 131 | reverse holo | ungraded,1,1
Paldea Evolved,Murkrow,131/193,Trick or Trade 2023,Common,Pokemon Trick or Trade 2023,Murkrow #131,trick or trade 2023 | murkrow | 131 |  | ungraded,1,1
Paldea Evolved,Honchkrow,132/193,Normal,Uncommon,Pokemon Paldea Evolved,Honchkrow #132,paldea evolved | honchkrow | 132 |  | ungraded,1,1
Paldea Evolved,Honchkrow,132/193,Reverse Holo,Uncommon,Pokemon Paldea Evolved,Honchkrow [Reverse Holo] #132,paldea evolved | honchkrow | 132 | reverse holo | ungraded,1,1
Paldea Evolved,Sneasel,133/193,Normal,Common,Pokemon Paldea Evolved,Sneasel #133,paldea evolved | sneasel | 133 |  | ungraded,1,1
Paldea Evolved,Sneasel,133/193,Reverse Holo,Common,Pokemon Paldea Evolved,Sneasel [Reverse Holo] #133,paldea evolved | sneasel | 133 | reverse holo | ungraded,2,1
Paldea Evolved,Weavile,134/193,Normal Holo,Rare,Pokemon Paldea Evolved,Weavile [Holo] #134,paldea evolved | weavile | 134 | holo | ungraded,2,0
Paldea Evolved,Weavile,134/193,Reverse Holo,Rare,Pokemon Paldea Evolved,Weavile [Reverse Holo] #134,paldea evolved | weavile | 134 | reverse holo | ungraded,1,1
Paldea Evolved,Tyranitar,135/193,Normal Holo,Rare,Pokemon Paldea Evolved,Tyranitar [Holo] #135,paldea evolved | tyranitar | 135 | holo | ungraded,2,0
Paldea Evolved,Sableye,136/193,Normal Holo,Rare,Pokemon Paldea Evolved,Sableye [Holo] #136,paldea evolved | sableye | 136 | holo | ungraded,2,0
Paldea Evolved,Seviper,137/193,Normal,Uncommon,Pokemon Paldea Evolved,Seviper #137,paldea evolved | seviper | 137 |  | ungraded,1,1
Paldea Evolved,Deino,138/193,Normal,Common,Pokemon Paldea Evolved,Deino #138,paldea evolved | deino | 138 |  | ungraded,1,1
Paldea Evolved,Deino,138/193,Reverse Holo,Common,Pokemon Paldea Evolved,Deino [Reverse Holo] #138,paldea evolved | deino | 138 | reverse holo | ungraded,2,1
Paldea Evolved,Zweilous,139/193,Normal,Uncommon,Pokemon Paldea Evolved,Zweilous #139,paldea evolved | zweilous | 139 |  | ungraded,1,1
Paldea Evolved,Hydreigon,140/193,Normal Holo,Rare,Pokemon Paldea Evolved,Hydreigon [Holo] #140,paldea evolved | hydreigon | 140 | holo | ungraded,3,0
Paldea Evolved,Hydreigon,140/193,Reverse Holo,Rare,Pokemon Paldea Evolved,Hydreigon [Reverse Holo] #140,paldea evolved | hydreigon | 140 | reverse holo | ungraded,1,0
Paldea Evolved,Maschiff,141/193,Normal,Common,Pokemon Paldea Evolved,Maschiff #141,paldea evolved | maschiff | 141 |  | ungraded,1,1
Paldea Evolved,Maschiff,142/193,Normal,Common,Pokemon Paldea Evolved,Maschiff #142,paldea evolved | maschiff | 142 |  | ungraded,1,1
Paldea Evolved,Mabosstiff,143/193,Normal,Uncommon,Pokemon Paldea Evolved,Mabosstiff #143,paldea evolved | mabosstiff | 143 |  | ungraded,1,1
Paldea Evolved,Mabosstiff,143/193,Reverse Holo,Uncommon,Pokemon Paldea Evolved,Mabosstiff [Reverse Holo] #143,paldea evolved | mabosstiff | 143 | reverse holo | ungraded,2,1
Paldea Evolved,Shroodle,144/193,Normal,Common,Pokemon Paldea Evolved,Shroodle #144,paldea evolved | shroodle | 144 |  | ungraded,1,1
Paldea Evolved,Shroodle,144/193,Reverse Holo,Common,Pokemon Paldea Evolved,Shroodle [Reverse Holo] #144,paldea evolved | shroodle | 144 | reverse holo | ungraded,2,1
Paldea Evolved,Shroodle,145/193,Normal,Common,Pokemon Paldea Evolved,Shroodle #145,paldea evolved | shroodle | 145 |  | ungraded,1,1
Paldea Evolved,Shroodle,145/193,Reverse Holo,Common,Pokemon Paldea Evolved,Shroodle [Reverse Holo] #145,paldea evolved | shroodle | 145 | reverse holo | ungraded,2,1
Paldea Evolved,Grafaiai,146/193,Normal,Uncommon,Pokemon Paldea Evolved,Grafaiai #146,paldea evolved | grafaiai | 146 |  | ungraded,1,1
Paldea Evolved,Grafaiai,146/193,Reverse Holo,Uncommon,Pokemon Paldea Evolved,Grafaiai [Reverse Holo] #146,paldea evolved | grafaiai | 146 | reverse holo | ungraded,1,1
Paldea Evolved,Bombirdier,147/193,Normal,Uncommon,Pokemon Paldea Evolved,Bombirdier #147,paldea evolved | bombirdier | 147 |  | ungraded,1,1
Paldea Evolved,Corviknight,148/193,Normal,Uncommon,Pokemon Paldea Evolved,Corviknight #148,paldea evolved | corviknight | 148 |  | ungraded,1,1
Paldea Evolved,Cufant,149/193,Normal,Common,Pokemon Paldea Evolved,Cufant #149,paldea evolved | cufant | 149 |  | ungraded,1,1
Paldea Evolved,Cufant,149/193,Reverse Holo,Common,Pokemon Paldea Evolved,Cufant [Reverse Holo] #149,paldea evolved | cufant | 149 | reverse holo | ungraded,1,1
Paldea Evolved,Copperajah ex,150/193,Normal Holo,Double Rare,Pokemon Paldea Evolved,Copperajah ex [Holo] #150,paldea evolved | copperajah ex | 150 | holo | ungraded,1,0
Paldea Evolved,Orthworm,151/193,Normal Holo,Rare,Pokemon Paldea Evolved,Orthworm [Holo] #151,paldea evolved | orthworm | 151 | holo | ungraded,2,1
Paldea Evolved,Orthworm,151/193,Reverse Holo,Rare,Pokemon Paldea Evolved,Orthworm [Reverse Holo] #151,paldea evolved | orthworm | 151 | reverse holo | ungraded,1,1
Paldea Evolved,Noibat,152/193,Normal,Common,Pokemon Paldea Evolved,Noibat #152,paldea evolved | noibat | 152 |  | ungraded,1,1
Paldea Evolved,Noibat,152/193,Reverse Holo,Common,Pokemon Paldea Evolved,Noibat [Reverse Holo] #152,paldea evolved | noibat | 152 | reverse holo | ungraded,2,1
Paldea Evolved,Noivern ex,153/193,Normal Holo,Double Rare,Pokemon Paldea Evolved,Noivern ex [Holo] #153,paldea evolved | noivern ex | 153 | holo | ungraded,1,0
Paldea Evolved,Girafarig,154/193,Normal,Common,Pokemon Paldea Evolved,Girafarig #154,paldea evolved | girafarig | 154 |  | ungraded,1,1
Paldea Evolved,Girafarig,154/193,Reverse Holo,Common,Pokemon Paldea Evolved,Girafarig [Reverse Holo] #154,paldea evolved | girafarig | 154 | reverse holo | ungraded,1,1
Paldea Evolved,Farigiraf,155/193,Normal,Uncommon,Pokemon Paldea Evolved,Farigiraf #155,paldea evolved | farigiraf | 155 |  | ungraded,1,1
Paldea Evolved,Farigiraf,155/193,Reverse Holo,Uncommon,Pokemon Paldea Evolved,Farigiraf [Reverse Holo] #155,paldea evolved | farigiraf | 155 | reverse holo | ungraded,1,1
Paldea Evolved,Dunsparce,156/193,Normal,Common,Pokemon Paldea Evolved,Dunsparce #156,paldea evolved | dunsparce | 156 |  | ungraded,1,1
Paldea Evolved,Dudunsparce,157/193,Normal,Uncommon,Pokemon Paldea Evolved,Dudunsparce #157,paldea evolved | dudunsparce | 157 |  | ungraded,1,1
Paldea Evolved,Dudunsparce,157/193,Reverse Holo,Uncommon,Pokemon Paldea Evolved,Dudunsparce [Reverse Holo] #157,paldea evolved | dudunsparce | 157 | reverse holo | ungraded,2,1
Paldea Evolved,Wingull,158/193,Normal,Common,Pokemon Paldea Evolved,Wingull #158,paldea evolved | wingull | 158 |  | ungraded,1,1
Paldea Evolved,Pelipper,159/193,Normal,Uncommon,Pokemon Paldea Evolved,Pelipper #159,paldea evolved | pelipper | 159 |  | ungraded,1,1
Paldea Evolved,Slakoth,160/193,Normal,Common,Pokemon Paldea Evolved,Slakoth #160,paldea evolved | slakoth | 160 |  | ungraded,1,1
Paldea Evolved,Slakoth,160/193,Reverse Holo,Common,Pokemon Paldea Evolved,Slakoth [Reverse Holo] #160,paldea evolved | slakoth | 160 | reverse holo | ungraded,1,1
Paldea Evolved,Vigoroth,161/193,Normal,Uncommon,Pokemon Paldea Evolved,Vigoroth #161,paldea evolved | vigoroth | 161 |  | ungraded,1,1
Paldea Evolved,Vigoroth,161/193,Reverse Holo,Uncommon,Pokemon Paldea Evolved,Vigoroth [Reverse Holo] #161,paldea evolved | vigoroth | 161 | reverse holo | ungraded,1,1
Paldea Evolved,Slaking,162/193,Normal Holo,Rare,Pokemon Paldea Evolved,Slaking [Holo] #162,paldea evolved | slaking | 162 | holo | ungraded,3,0
Paldea Evolved,Slaking,162/193,Reverse Holo,Rare,Pokemon Paldea Evolved,Slaking [Reverse Holo] #162,paldea evolved | slaking | 162 | reverse holo | ungraded,1,1
Paldea Evolved,Fletchling,163/193,Normal,Common,Pokemon Paldea Evolved,Fletchling #163,paldea evolved | fletchling | 163 |  | ungraded,1,1
Paldea Evolved,Fletchling,163/193,Reverse Holo,Common,Pokemon Paldea Evolved,Fletchling [Reverse Holo] #163,paldea evolved | fletchling | 163 | reverse holo | ungraded,2,1
Paldea Evolved,Rookidee,164/193,Normal,Common,Pokemon Paldea Evolved,Rookidee #164,paldea evolved | rookidee | 164 |  | ungraded,1,1
Paldea Evolved,Rookidee,164/193,Reverse Holo,Common,Pokemon Paldea Evolved,Rookidee [Reverse Holo] #164,paldea evolved | rookidee | 164 | reverse holo | ungraded,2,1
Paldea Evolved,Corvisquire,165/193,Normal,Uncommon,Pokemon Paldea Evolved,Corvisquire #165,paldea evolved | corvisquire | 165 |  | ungraded,1,1
Paldea Evolved,Tandemaus,166/193,Normal,Common,Pokemon Paldea Evolved,Tandemaus #166,paldea evolved | tandemaus | 166 |  | ungraded,1,1
Paldea Evolved,Tandemaus,167/193,Normal,Common,Pokemon Paldea Evolved,Tandemaus #167,paldea evolved | tandemaus | 167 |  | ungraded,1,1
Paldea Evolved,Maushold,168/193,Normal,Uncommon,Pokemon Paldea Evolved,Maushold #168,paldea evolved | maushold | 168 |  | ungraded,1,1
Paldea Evolved,Maushold,168/193,Reverse Holo,Uncommon,Pokemon Paldea Evolved,Maushold [Reverse Holo] #168,paldea evolved | maushold | 168 | reverse holo | ungraded,2,1
Paldea Evolved,Flamigo,170/193,Normal,Uncommon,Pokemon Paldea Evolved,Flamigo #170,paldea evolved | flamigo | 170 |  | ungraded,1,1
Paldea Evolved,Flamigo,170/193,Reverse Holo,Uncommon,Pokemon Paldea Evolved,Flamigo [Reverse Holo] #170,paldea evolved | flamigo | 170 | reverse holo | ungraded,1,1
Paldea Evolved,Artazon,171/193,Normal,Uncommon,Pokemon Paldea Evolved,Artazon #171,paldea evolved | artazon | 171 |  | ungraded,1,1
Paldea Evolved,Boss's Orders,172/193,Normal Holo,Rare,Pokemon Paldea Evolved,Boss's Orders [Holo] #172,paldea evolved | boss s orders | 172 | holo | ungraded,2,1
Paldea Evolved,Boss's Orders,172/193,Reverse Holo,Rare,Pokemon Paldea Evolved,Boss's Orders [Reverse Holo] #172,paldea evolved | boss s orders | 172 | reverse holo | ungraded,1,1
Paldea Evolved,Calamitous Snowy Mountain,174/193,Normal,Uncommon,Pokemon Paldea Evolved,Calamitous Snowy Mountain #174,paldea evolved | calamitous snowy mountain | 174 |  | ungraded,1,1
Paldea Evolved,Calamitous Snowy Mountain,174/193,Reverse Holo,Uncommon,Pokemon Paldea Evolved,Calamitous Snowy Mountain [Reverse Holo] #174,paldea evolved | calamitous snowy mountain | 174 | reverse holo | ungraded,1,1
Paldea Evolved,Calamitous Wasteland,175/193,Normal,Uncommon,Pokemon Paldea Evolved,Calamitous Wasteland #175,paldea evolved | calamitous wasteland | 175 |  | ungraded,1,1
Paldea Evolved,Clavell,177/193,Normal,Common,Pokemon Paldea Evolved,Clavell #177,paldea evolved | clavell | 177 |  | ungraded,1,1
Paldea Evolved,Delivery Drone,178/193,Reverse Holo,Uncommon,Pokemon Paldea Evolved,Delivery Drone [Reverse Holo] #178,paldea evolved | delivery drone | 178 | reverse holo | ungraded,2,1
Paldea Evolved,Dendra,179/193,Normal,Uncommon,Pokemon Paldea Evolved,Dendra #179,paldea evolved | dendra | 179 |  | ungraded,1,1
Paldea Evolved,Dendra,179/193,Reverse Holo,Uncommon,Pokemon Paldea Evolved,Dendra [Reverse Holo] #179,paldea evolved | dendra | 179 | reverse holo | ungraded,2,1
Paldea Evolved,Falkner,180/193,Normal,Uncommon,Pokemon Paldea Evolved,Falkner #180,paldea evolved | falkner | 180 |  | ungraded,1,1
Paldea Evolved,Fighting Au Lait,181/193,Normal,Uncommon,Pokemon Paldea Evolved,Fighting Au Lait #181,paldea evolved | fighting au lait | 181 |  | ungraded,1,1
Paldea Evolved,Fighting Au Lait,181/193,Reverse Holo,Uncommon,Pokemon Paldea Evolved,Fighting Au Lait [Reverse Holo] #181,paldea evolved | fighting au lait | 181 | reverse holo | ungraded,2,1
Paldea Evolved,Giacomo,182/193,Normal,Uncommon,Pokemon Paldea Evolved,Giacomo #182,paldea evolved | giacomo | 182 |  | ungraded,1,1
Paldea Evolved,Giacomo,182/193,Reverse Holo,Uncommon,Pokemon Paldea Evolved,Giacomo [Reverse Holo] #182,paldea evolved | giacomo | 182 | reverse holo | ungraded,1,1
Paldea Evolved,Great Ball,183/193,Normal,Common,Pokemon Paldea Evolved,Great Ball #183,paldea evolved | great ball | 183 |  | ungraded,1,1
Paldea Evolved,Grusha,184/193,Normal,Uncommon,Pokemon Paldea Evolved,Grusha #184,paldea evolved | grusha | 184 |  | ungraded,1,1
Paldea Evolved,Grusha,184/193,Reverse Holo,Uncommon,Pokemon Paldea Evolved,Grusha [Reverse Holo] #184,paldea evolved | grusha | 184 | reverse holo | ungraded,1,1
Paldea Evolved,Iono,185/193,Normal,Uncommon,Pokemon Paldea Evolved,Iono #185,paldea evolved | iono | 185 |  | ungraded,1,1
Paldea Evolved,Iono,185/193,Reverse Holo,Uncommon,Pokemon Paldea Evolved,Iono [Reverse Holo] #185,paldea evolved | iono | 185 | reverse holo | ungraded,2,1
Paldea Evolved,Saguaro,187/193,Normal,Uncommon,Pokemon Paldea Evolved,Saguaro #187,paldea evolved | saguaro | 187 |  | ungraded,1,1
Paldea Evolved,Saguaro,187/193,Reverse Holo,Uncommon,Pokemon Paldea Evolved,Saguaro [Reverse Holo] #187,paldea evolved | saguaro | 187 | reverse holo | ungraded,1,1
Paldea Evolved,Super Rod,188/193,Normal,Common,Pokemon Paldea Evolved,Super Rod #188,paldea evolved | super rod | 188 |  | ungraded,1,1
Paldea Evolved,Superior Energy Retrieval,189/193,Normal,Uncommon,Pokemon Paldea Evolved,Superior Energy Retrieval #189,paldea evolved | superior energy retrieval | 189 |  | ungraded,1,1
Paldea Evolved,Superior Energy Retrieval,189/193,Reverse Holo,Uncommon,Pokemon Paldea Evolved,Superior Energy Retrieval [Reverse Holo] #189,paldea evolved | superior energy retrieval | 189 | reverse holo | ungraded,1,1
Paldea Evolved,Jet Energy,190/193,Normal,Uncommon,Pokemon Paldea Evolved,Jet Energy #190,paldea evolved | jet energy | 190 |  | ungraded,1,1
Paldea Evolved,Jet Energy,190/193,Reverse Holo,Uncommon,Pokemon Paldea Evolved,Jet Energy [Reverse Holo] #190,paldea evolved | jet energy | 190 | reverse holo | ungraded,2,1
Paldea Evolved,Luminous Energy,191/193,Normal,Uncommon,Pokemon Paldea Evolved,Luminous Energy #191,paldea evolved | luminous energy | 191 |  | ungraded,1,1
Paldea Evolved,Reversal Energy,192/193,Reverse Holo,Uncommon,Pokemon Paldea Evolved,Reversal Energy [Reverse Holo] #192,paldea evolved | reversal energy | 192 | reverse holo | ungraded,1,1
Paldea Evolved,Therapeutic Energy,193/193,Reverse Holo,Uncommon,Pokemon Paldea Evolved,Therapeutic Energy [Reverse Holo] #193,paldea evolved | therapeutic energy | 193 | reverse holo | ungraded,1,1
Paldea Evolved,Fuecoco,201/193,Normal Holo,Illustration Rare,Pokemon Paldea Evolved,Fuecoco [Holo] #201,paldea evolved | fuecoco | 201 | holo | ungraded,1,0
Paldea Evolved,Magikarp,203/193,Normal Holo,Illustration Rare,Pokemon Paldea Evolved,Magikarp [Holo] #203,paldea evolved | magikarp | 203 | holo | ungraded,1,0
Paldea Evolved,Rabsca,215/193,Normal Holo,Illustration Rare,Pokemon Paldea Evolved,Rabsca [Holo] #215,paldea evolved | rabsca | 215 | holo | ungraded,1,0
Paldea Evolved,Nacli,220/193,Normal Holo,Illustration Rare,Pokemon Paldea Evolved,Nacli [Holo] #220,paldea evolved | nacli | 220 | holo | ungraded,1,0
Paldea Evolved,Orthworm,224/193,Normal Holo,Illustration Rare,Pokemon Paldea Evolved,Orthworm [Holo] #224,paldea evolved | orthworm | 224 | holo | ungraded,1,0
Paldea Evolved,Flamigo,227/193,Normal Holo,Illustration Rare,Pokemon Paldea Evolved,Flamigo [Holo] #227,paldea evolved | flamigo | 227 | holo | ungraded,1,0
Paldea Evolved,Slowking ex,238/193,Normal Holo,Ultra Rare,Pokemon Paldea Evolved,Slowking ex [Holo] #238,paldea evolved | slowking ex | 238 | holo | ungraded,1,0
Paldea Evolved,Annihilape ex,242/193,Normal Holo,Ultra Rare,Pokemon Paldea Evolved,Annihilape ex [Holo] #242,paldea evolved | annihilape ex | 242 | holo | ungraded,1,0
Paldea Evolved,Boss's Orders,248/193,Normal Holo,Ultra Rare,Pokemon Paldea Evolved,Boss's Orders [Holo] #248,paldea evolved | boss s orders | 248 | holo | ungraded,1,0
Paldea Evolved,Falkner,251/193,Normal Holo,Ultra Rare,Pokemon Paldea Evolved,Falkner [Holo] #251,paldea evolved | falkner | 251 | holo | ungraded,1,0
Paldea Evolved,Grusha,253/193,Normal Holo,Ultra Rare,Pokemon Paldea Evolved,Grusha [Holo] #253,paldea evolved | grusha | 253 | holo | ungraded,1,0
Paldea Evolved,Saguaro,255/193,Normal Holo,Ultra Rare,Pokemon Paldea Evolved,Saguaro [Holo] #255,paldea evolved | saguaro | 255 | holo | ungraded,1,0
Paldea Evolved,Wo-Chien ex,257/193,Normal Holo,Special Illustration Rare,Pokemon Paldea Evolved,Wo-Chien ex [Holo] #257,paldea evolved | wo chien ex | 257 | holo | ungraded,1,0
Paldea Evolved,Chi-Yu ex,259/193,Normal Holo,Special Illustration Rare,Pokemon Paldea Evolved,Chi-Yu ex [Holo] #259,paldea evolved | chi yu ex | 259 | holo | ungraded,1,0
Paldea Evolved,Meowscarada ex,271/193,Normal Holo,Hyper Rare,Pokemon Paldea Evolved,Meowscarada ex [Holo] #271,paldea evolved | meowscarada ex | 271 | holo | ungraded,1,0
Paldea Evolved,Superior Energy Retrieval,277/193,Normal Holo,Hyper Rare,Pokemon Paldea Evolved,Superior Energy Retrieval [Holo] #277,paldea evolved | superior energy retrieval | 277 | holo | ungraded,1,0
Scarlet & Violet,Pineco,001/198,Normal,Common,Pokemon Scarlet & Violet,Pineco #1,scarlet violet | pineco | 1 |  | ungraded,1,1
Scarlet & Violet,Heracross,002/198,Normal,Uncommon,Pokemon Scarlet & Violet,Heracross #2,scarlet violet | heracross | 2 |  | ungraded,1,1
Scarlet & Violet,Heracross,002/198,Reverse Holo,Uncommon,Pokemon Scarlet & Violet,Heracross [Reverse Holo] #2,scarlet violet | heracross | 2 | reverse holo | ungraded,2,0
Scarlet & Violet,Shroomish,003/198,Normal,Common,Pokemon Scarlet & Violet,Shroomish #3,scarlet violet | shroomish | 3 |  | ungraded,1,1
Scarlet & Violet,Shroomish,003/198,Reverse Holo,Common,Pokemon Scarlet & Violet,Shroomish [Reverse Holo] #3,scarlet violet | shroomish | 3 | reverse holo | ungraded,1,0
Scarlet & Violet,Breloom,004/198,Normal,Uncommon,Pokemon Scarlet & Violet,Breloom #4,scarlet violet | breloom | 4 |  | ungraded,1,1
Scarlet & Violet,Cacnea,005/198,Normal,Common,Pokemon Scarlet & Violet,Cacnea #5,scarlet violet | cacnea | 5 |  | ungraded,1,1
Scarlet & Violet,Cacturne,006/198,Normal,Uncommon,Pokemon Scarlet & Violet,Cacturne #6,scarlet violet | cacturne | 6 |  | ungraded,1,1
Scarlet & Violet,Cacturne,006/198,Reverse Holo,Uncommon,Pokemon Scarlet & Violet,Cacturne [Reverse Holo] #6,scarlet violet | cacturne | 6 | reverse holo | ungraded,1,0
Scarlet & Violet,Tropius,007/198,Normal,Common,Pokemon Scarlet & Violet,Tropius #7,scarlet violet | tropius | 7 |  | ungraded,1,1
Scarlet & Violet,Tropius,007/198,Reverse Holo,Common,Pokemon Scarlet & Violet,Tropius [Reverse Holo] #7,scarlet violet | tropius | 7 | reverse holo | ungraded,1,0
Scarlet & Violet,Scatterbug,008/198,Normal,Common,Pokemon Scarlet & Violet,Scatterbug #8,scarlet violet | scatterbug | 8 |  | ungraded,1,1
Scarlet & Violet,Spewpa,009/198,Normal,Common,Pokemon Scarlet & Violet,Spewpa #9,scarlet violet | spewpa | 9 |  | ungraded,1,1
Scarlet & Violet,Spewpa,009/198,Reverse Holo,Common,Pokemon Scarlet & Violet,Spewpa [Reverse Holo] #9,scarlet violet | spewpa | 9 | reverse holo | ungraded,1,0
Scarlet & Violet,Vivillon,010/198,Normal,Uncommon,Pokemon Scarlet & Violet,Vivillon #10,scarlet violet | vivillon | 10 |  | ungraded,1,1
Scarlet & Violet,Gogoat,012/198,Normal,Common,Pokemon Scarlet & Violet,Gogoat #12,scarlet violet | gogoat | 12 |  | ungraded,1,1
Scarlet & Violet,Gogoat,012/198,Reverse Holo,Common,Pokemon Scarlet & Violet,Gogoat [Reverse Holo] #12,scarlet violet | gogoat | 12 | reverse holo | ungraded,1,0
Scarlet & Violet,Sprigatito,013/198,Normal,Common,Pokemon Scarlet & Violet,Sprigatito #13,scarlet violet | sprigatito | 13 |  | ungraded,1,1
Scarlet & Violet,Sprigatito,013/198,Mirage Holo,Common,Pokemon Scarlet & Violet,Sprigatito [Mirage Holo] #13,scarlet violet | sprigatito | 13 | mirage holo | ungraded,1,0
Scarlet & Violet,Floragato,014/198,Normal,Uncommon,Pokemon Scarlet & Violet,Floragato #14,scarlet violet | floragato | 14 |  | ungraded,1,1
Scarlet & Violet,Meowscarada,015/198,Normal Holo,Rare,Pokemon Scarlet & Violet,Meowscarada [Holo] #15,scarlet violet | meowscarada | 15 | holo | ungraded,1,1
Scarlet & Violet,Meowscarada,015/198,Reverse Holo,Rare,Pokemon Scarlet & Violet,Meowscarada [Reverse Holo] #15,scarlet violet | meowscarada | 15 | reverse holo | ungraded,1,0
Scarlet & Violet,Tarountula,016/198,Reverse Holo,Common,Pokemon Scarlet & Violet,Tarountula [Reverse Holo] #16,scarlet violet | tarountula | 16 | reverse holo | ungraded,1,0
Scarlet & Violet,Tarountula,017/198,Normal,Common,Pokemon Scarlet & Violet,Tarountula #17,scarlet violet | tarountula | 17 |  | ungraded,1,1
Scarlet & Violet,Tarountula,018/198,Normal,Common,Pokemon Scarlet & Violet,Tarountula #18,scarlet violet | tarountula | 18 |  | ungraded,1,1
Scarlet & Violet,Tarountula,018/198,Reverse Holo,Common,Pokemon Scarlet & Violet,Tarountula [Reverse Holo] #18,scarlet violet | tarountula | 18 | reverse holo | ungraded,1,0
Scarlet & Violet,Spidops ex,019/198,Normal Holo,Double Rare,Pokemon Scarlet & Violet,Spidops ex [Holo] #19,scarlet violet | spidops ex | 19 | holo | ungraded,1,0
Scarlet & Violet,Smoliv,020/198,Normal,Common,Pokemon Scarlet & Violet,Smoliv #20,scarlet violet | smoliv | 20 |  | ungraded,1,1
Scarlet & Violet,Smoliv,020/198,Reverse Holo,Common,Pokemon Scarlet & Violet,Smoliv [Reverse Holo] #20,scarlet violet | smoliv | 20 | reverse holo | ungraded,1,0
Scarlet & Violet,Smoliv,021/198,Normal,Common,Pokemon Scarlet & Violet,Smoliv #21,scarlet violet | smoliv | 21 |  | ungraded,1,1
Scarlet & Violet,Dolliv,022/198,Normal,Common,Pokemon Scarlet & Violet,Dolliv #22,scarlet violet | dolliv | 22 |  | ungraded,1,1
Scarlet & Violet,Dolliv,022/198,Reverse Holo,Common,Pokemon Scarlet & Violet,Dolliv [Reverse Holo] #22,scarlet violet | dolliv | 22 | reverse holo | ungraded,1,0
Scarlet & Violet,Arboliva,023/198,Normal Holo,Rare,Pokemon Scarlet & Violet,Arboliva [Holo] #23,scarlet violet | arboliva | 23 | holo | ungraded,1,1
Scarlet & Violet,Toedscool,024/198,Normal,Common,Pokemon Scarlet & Violet,Toedscool #24,scarlet violet | toedscool | 24 |  | ungraded,1,1
Scarlet & Violet,Toedscool,024/198,Reverse Holo,Common,Pokemon Scarlet & Violet,Toedscool [Reverse Holo] #24,scarlet violet | toedscool | 24 | reverse holo | ungraded,1,0
Scarlet & Violet,Toedscool,025/198,Normal,Common,Pokemon Scarlet & Violet,Toedscool #25,scarlet violet | toedscool | 25 |  | ungraded,1,1
Scarlet & Violet,Toedscool,025/198,Reverse Holo,Common,Pokemon Scarlet & Violet,Toedscool [Reverse Holo] #25,scarlet violet | toedscool | 25 | reverse holo | ungraded,1,0
Scarlet & Violet,Toedscruel,026/198,Normal,Uncommon,Pokemon Scarlet & Violet,Toedscruel #26,scarlet violet | toedscruel | 26 |  | ungraded,1,1
Scarlet & Violet,Capsakid,027/198,Normal,Common,Pokemon Scarlet & Violet,Capsakid #27,scarlet violet | capsakid | 27 |  | ungraded,1,1
Scarlet & Violet,Capsakid,028/198,Normal,Common,Pokemon Scarlet & Violet,Capsakid #28,scarlet violet | capsakid | 28 |  | ungraded,1,1
Scarlet & Violet,Capsakid,028/198,Reverse Holo,Common,Pokemon Scarlet & Violet,Capsakid [Reverse Holo] #28,scarlet violet | capsakid | 28 | reverse holo | ungraded,1,0
Scarlet & Violet,Scovillain,029/198,Normal,Uncommon,Pokemon Scarlet & Violet,Scovillain #29,scarlet violet | scovillain | 29 |  | ungraded,1,1
Scarlet & Violet,Growlithe,030/198,Normal,Common,Pokemon Scarlet & Violet,Growlithe #30,scarlet violet | growlithe | 30 |  | ungraded,1,1
Scarlet & Violet,Growlithe,030/198,Reverse Holo,Common,Pokemon Scarlet & Violet,Growlithe [Reverse Holo] #30,scarlet violet | growlithe | 30 | reverse holo | ungraded,1,0
Scarlet & Violet,Growlithe,031/198,Normal,Common,Pokemon Scarlet & Violet,Growlithe #31,scarlet violet | growlithe | 31 |  | ungraded,1,1
Scarlet & Violet,Growlithe,031/198,Reverse Holo,Common,Pokemon Scarlet & Violet,Growlithe [Reverse Holo] #31,scarlet violet | growlithe | 31 | reverse holo | ungraded,1,0
Scarlet & Violet,Arcanine ex,032/198,Normal Holo,Double Rare,Pokemon Scarlet & Violet,Arcanine ex [Holo] #32,scarlet violet | arcanine ex | 32 | holo | ungraded,1,0
Scarlet & Violet,Houndour,033/198,Normal,Common,Pokemon Scarlet & Violet,Houndour #33,scarlet violet | houndour | 33 |  | ungraded,1,1
Scarlet & Violet,Houndoom,034/198,Reverse Holo,Common,Pokemon Scarlet & Violet,Houndoom [Reverse Holo] #34,scarlet violet | houndoom | 34 | reverse holo | ungraded,2,0
Scarlet & Violet,Houndoom,034/198,Trick or Trade 2023,Common,Pokemon Trick or Trade 2023,Houndoom #34,trick or trade 2023 | houndoom | 34 |  | ungraded,1,0
Scarlet & Violet,Torkoal,035/198,Normal,Uncommon,Pokemon Scarlet & Violet,Torkoal #35,scarlet violet | torkoal | 35 |  | ungraded,1,1
Scarlet & Violet,Torkoal,035/198,Reverse Holo,Uncommon,Pokemon Scarlet & Violet,Torkoal [Reverse Holo] #35,scarlet violet | torkoal | 35 | reverse holo | ungraded,1,0
Scarlet & Violet,Fuecoco,036/198,Normal,Common,Pokemon Scarlet & Violet,Fuecoco #36,scarlet violet | fuecoco | 36 |  | ungraded,1,1
Scarlet & Violet,Fuecoco,036/198,Reverse Holo,Common,Pokemon Scarlet & Violet,Fuecoco [Reverse Holo] #36,scarlet violet | fuecoco | 36 | reverse holo | ungraded,2,0
Scarlet & Violet,Fuecoco,036/198,Mirage Holo,Common,Pokemon Scarlet & Violet,Fuecoco [Mirage Holo] #36,scarlet violet | fuecoco | 36 | mirage holo | ungraded,1,0
Scarlet & Violet,Crocalor,037/198,Normal,Uncommon,Pokemon Scarlet & Violet,Crocalor #37,scarlet violet | crocalor | 37 |  | ungraded,1,1
Scarlet & Violet,Skeledirge,038/198,Normal Holo,Rare,Pokemon Scarlet & Violet,Skeledirge [Holo] #38,scarlet violet | skeledirge | 38 | holo | ungraded,1,1
Scarlet & Violet,Charcadet,039/198,Reverse Holo,Common,Pokemon Scarlet & Violet,Charcadet [Reverse Holo] #39,scarlet violet | charcadet | 39 | reverse holo | ungraded,1,0
Scarlet & Violet,Charcadet,040/198,Normal,Common,Pokemon Scarlet & Violet,Charcadet #40,scarlet violet | charcadet | 40 |  | ungraded,1,1
Scarlet & Violet,Charcadet,040/198,Reverse Holo,Common,Pokemon Scarlet & Violet,Charcadet [Reverse Holo] #40,scarlet violet | charcadet | 40 | reverse holo | ungraded,1,0
Scarlet & Violet,Armarouge,041/198,Normal Holo,Rare,Pokemon Scarlet & Violet,Armarouge [Holo] #41,scarlet violet | armarouge | 41 | holo | ungraded,1,1
Scarlet & Violet,Armarouge,041/198,Reverse Holo,Rare,Pokemon Scarlet & Violet,Armarouge [Reverse Holo] #41,scarlet violet | armarouge | 41 | reverse holo | ungraded,1,0
Scarlet & Violet,Slowpoke,042/198,Normal,Common,Pokemon Scarlet & Violet,Slowpoke #42,scarlet violet | slowpoke | 42 |  | ungraded,1,1
Scarlet & Violet,Slowpoke,042/198,Reverse Holo,Common,Pokemon Scarlet & Violet,Slowpoke [Reverse Holo] #42,scarlet violet | slowpoke | 42 | reverse holo | ungraded,3,0
Scarlet & Violet,Slowbro,043/198,Normal Holo,Rare,Pokemon Scarlet & Violet,Slowbro [Holo] #43,scarlet violet | slowbro | 43 | holo | ungraded,1,1
Scarlet & Violet,Magikarp,044/198,Normal,Common,Pokemon Scarlet & Violet,Magikarp #44,scarlet violet | magikarp | 44 |  | ungraded,1,1
Scarlet & Violet,Magikarp,044/198,Reverse Holo,Common,Pokemon Scarlet & Violet,Magikarp [Reverse Holo] #44,scarlet violet | magikarp | 44 | reverse holo | ungraded,1,0
Scarlet & Violet,Gyarados ex,045/198,Normal Holo,Double Rare,Pokemon Scarlet & Violet,Gyarados ex [Holo] #45,scarlet violet | gyarados ex | 45 | holo | ungraded,1,0
Scarlet & Violet,Buizel,046/198,Normal,Common,Pokemon Scarlet & Violet,Buizel #46,scarlet violet | buizel | 46 |  | ungraded,1,1
Scarlet & Violet,Floatzel,047/198,Normal,Uncommon,Pokemon Scarlet & Violet,Floatzel #47,scarlet violet | floatzel | 47 |  | ungraded,1,1
Scarlet & Violet,Alomomola,048/198,Normal,Common,Pokemon Scarlet & Violet,Alomomola #48,scarlet violet | alomomola | 48 |  | ungraded,1,1
Scarlet & Violet,Alomomola,048/198,Reverse Holo,Common,Pokemon Scarlet & Violet,Alomomola [Reverse Holo] #48,scarlet violet | alomomola | 48 | reverse holo | ungraded,1,0
Scarlet & Violet,Clauncher,049/198,Normal,Common,Pokemon Scarlet & Violet,Clauncher #49,scarlet violet | clauncher | 49 |  | ungraded,1,1
Scarlet & Violet,Clauncher,049/198,Reverse Holo,Common,Pokemon Scarlet & Violet,Clauncher [Reverse Holo] #49,scarlet violet | clauncher | 49 | reverse holo | ungraded,2,0
Scarlet & Violet,Clawitzer,050/198,Normal,Common,Pokemon Scarlet & Violet,Clawitzer #50,scarlet violet | clawitzer | 50 |  | ungraded,1,1
Scarlet & Violet,Clawitzer,050/198,Reverse Holo,Common,Pokemon Scarlet & Violet,Clawitzer [Reverse Holo] #50,scarlet violet | clawitzer | 50 | reverse holo | ungraded,1,0
Scarlet & Violet,Bruxish,051/198,Normal,Common,Pokemon Scarlet & Violet,Bruxish #51,scarlet violet | bruxish | 51 |  | ungraded,1,1
Scarlet & Violet,Bruxish,051/198,Reverse Holo,Common,Pokemon Scarlet & Violet,Bruxish [Reverse Holo] #51,scarlet violet | bruxish | 51 | reverse holo | ungraded,1,0
Scarlet & Violet,Quaxly,052/198,Mirage Holo,Common,Pokemon Scarlet & Violet,Quaxly [Mirage Holo] #52,scarlet violet | quaxly | 52 | mirage holo | ungraded,2,0
Scarlet & Violet,Quaxwell,053/198,Normal,Uncommon,Pokemon Scarlet & Violet,Quaxwell #53,scarlet violet | quaxwell | 53 |  | ungraded,1,1
Scarlet & Violet,Quaquaval,054/198,Normal Holo,Rare,Pokemon Scarlet & Violet,Quaquaval [Holo] #54,scarlet violet | quaquaval | 54 | holo | ungraded,1,1
Scarlet & Violet,Wiglett,055/198,Normal,Common,Pokemon Scarlet & Violet,Wiglett #55,scarlet violet | wiglett | 55 |  | ungraded,1,1
Scarlet & Violet,Wiglett,055/198,Reverse Holo,Common,Pokemon Scarlet & Violet,Wiglett [Reverse Holo] #55,scarlet violet | wiglett | 55 | reverse holo | ungraded,1,0
Scarlet & Violet,Wiglett,056/198,Normal,Common,Pokemon Scarlet & Violet,Wiglett #56,scarlet violet | wiglett | 56 |  | ungraded,1,1
Scarlet & Violet,Wugtrio,057/198,Normal,Uncommon,Pokemon Scarlet & Violet,Wugtrio #57,scarlet violet | wugtrio | 57 |  | ungraded,1,1
Scarlet & Violet,Cetoddle,058/198,Normal,Common,Pokemon Scarlet & Violet,Cetoddle #58,scarlet violet | cetoddle | 58 |  | ungraded,1,1
Scarlet & Violet,Cetoddle,058/198,Reverse Holo,Common,Pokemon Scarlet & Violet,Cetoddle [Reverse Holo] #58,scarlet violet | cetoddle | 58 | reverse holo | ungraded,2,0
Scarlet & Violet,Cetoddle,059/198,Normal,Common,Pokemon Scarlet & Violet,Cetoddle #59,scarlet violet | cetoddle | 59 |  | ungraded,1,1
Scarlet & Violet,Cetitan,060/198,Normal,Uncommon,Pokemon Scarlet & Violet,Cetitan #60,scarlet violet | cetitan | 60 |  | ungraded,1,1
Scarlet & Violet,Dondozo,061/198,Normal Holo,Rare,Pokemon Scarlet & Violet,Dondozo [Holo] #61,scarlet violet | dondozo | 61 | holo | ungraded,1,1
Scarlet & Violet,Dondozo,061/198,Reverse Holo,Rare,Pokemon Scarlet & Violet,Dondozo [Reverse Holo] #61,scarlet violet | dondozo | 61 | reverse holo | ungraded,1,0
Scarlet & Violet,Tatsugiri,062/198,Normal,Uncommon,Pokemon Scarlet & Violet,Tatsugiri #62,scarlet violet | tatsugiri | 62 |  | ungraded,1,1
Scarlet & Violet,Tatsugiri,062/198,Reverse Holo,Uncommon,Pokemon Scarlet & Violet,Tatsugiri [Reverse Holo] #62,scarlet violet | tatsugiri | 62 | reverse holo | ungraded,1,0
Scarlet & Violet,Magnemite,063/198,Normal,Common,Pokemon Scarlet & Violet,Magnemite #63,scarlet violet | magnemite | 63 |  | ungraded,1,1
Scarlet & Violet,Magnemite,063/198,Reverse Holo,Common,Pokemon Scarlet & Violet,Magnemite [Reverse Holo] #63,scarlet violet | magnemite | 63 | reverse holo | ungraded,1,0
Scarlet & Violet,Magneton,064/198,Normal,Common,Pokemon Scarlet & Violet,Magneton #64,scarlet violet | magneton | 64 |  | ungraded,1,1
Scarlet & Violet,Mareep,066/198,Normal,Common,Pokemon Scarlet & Violet,Mareep #66,scarlet violet | mareep | 66 |  | ungraded,1,1
Scarlet & Violet,Mareep,066/198,Reverse Holo,Common,Pokemon Scarlet & Violet,Mareep [Reverse Holo] #66,scarlet violet | mareep | 66 | reverse holo | ungraded,1,0
Scarlet & Violet,Flaaffy,067/198,Normal,Uncommon,Pokemon Scarlet & Violet,Flaaffy #67,scarlet violet | flaaffy | 67 |  | ungraded,1,1
Scarlet & Violet,Flaaffy,067/198,Reverse Holo,Uncommon,Pokemon Scarlet & Violet,Flaaffy [Reverse Holo] #67,scarlet violet | flaaffy | 67 | reverse holo | ungraded,1,0
Scarlet & Violet,Pachirisu,068/198,Normal,Uncommon,Pokemon Scarlet & Violet,Pachirisu #68,scarlet violet | pachirisu | 68 |  | ungraded,1,1
Scarlet & Violet,Rotom,069/198,Normal,Common,Pokemon Scarlet & Violet,Rotom #69,scarlet violet | rotom | 69 |  | ungraded,1,1
Scarlet & Violet,Rotom,069/198,Reverse Holo,Common,Pokemon Scarlet & Violet,Rotom [Reverse Holo] #69,scarlet violet | rotom | 69 | reverse holo | ungraded,1,0
Scarlet & Violet,Rotom,070/198,Normal,Common,Pokemon Scarlet & Violet,Rotom #70,scarlet violet | rotom | 70 |  | ungraded,1,1
Scarlet & Violet,Toxel,071/198,Normal,Common,Pokemon Scarlet & Violet,Toxel #71,scarlet violet | toxel | 71 |  | ungraded,1,1
Scarlet & Violet,Toxel,071/198,Reverse Holo,Common,Pokemon Scarlet & Violet,Toxel [Reverse Holo] #71,scarlet violet | toxel | 71 | reverse holo | ungraded,1,0
Scarlet & Violet,Toxtricity,072/198,Normal,Uncommon,Pokemon Scarlet & Violet,Toxtricity #72,scarlet violet | toxtricity | 72 |  | ungraded,1,1
Scarlet & Violet,Pawmi,073/198,Normal,Common,Pokemon Scarlet & Violet,Pawmi #73,scarlet violet | pawmi | 73 |  | ungraded,1,1
Scarlet & Violet,Pawmi,074/198,Normal,Common,Pokemon Scarlet & Violet,Pawmi #74,scarlet violet | pawmi | 74 |  | ungraded,1,1
Scarlet & Violet,Pawmo,075/198,Normal,Common,Pokemon Scarlet & Violet,Pawmo #75,scarlet violet | pawmo | 75 |  | ungraded,1,1
Scarlet & Violet,Pawmo,075/198,Reverse Holo,Common,Pokemon Scarlet & Violet,Pawmo [Reverse Holo] #75,scarlet violet | pawmo | 75 | reverse holo | ungraded,3,0
Scarlet & Violet,Pawmot,076/198,Normal Holo,Rare,Pokemon Scarlet & Violet,Pawmot [Holo] #76,scarlet violet | pawmot | 76 | holo | ungraded,1,1
Scarlet & Violet,Wattrel,078/198,Normal,Common,Pokemon Scarlet & Violet,Wattrel #78,scarlet violet | wattrel | 78 |  | ungraded,1,1
Scarlet & Violet,Miraidon,080/198,Normal Holo,Rare,Pokemon Scarlet & Violet,Miraidon [Holo] #80,scarlet violet | miraidon | 80 | holo | ungraded,1,1
Scarlet & Violet,Miraidon ex,081/198,Normal Holo,Double Rare,Pokemon Scarlet & Violet,Miraidon ex [Holo] #81,scarlet violet | miraidon ex | 81 | holo | ungraded,1,0
Scarlet & Violet,Drowzee,082/198,Normal,Common,Pokemon Scarlet & Violet,Drowzee #82,scarlet violet | drowzee | 82 |  | ungraded,1,1
Scarlet & Violet,Hypno,083/198,Normal,Uncommon,Pokemon Scarlet & Violet,Hypno #83,scarlet violet | hypno | 83 |  | ungraded,1,1
Scarlet & Violet,Ralts,084/198,Normal,Common,Pokemon Scarlet & Violet,Ralts #84,scarlet violet | ralts | 84 |  | ungraded,1,1
Scarlet & Violet,Ralts,084/198,Reverse Holo,Common,Pokemon Scarlet & Violet,Ralts [Reverse Holo] #84,scarlet violet | ralts | 84 | reverse holo | ungraded,2,0
Scarlet & Violet,Kirlia,085/198,Normal,Common,Pokemon Scarlet & Violet,Kirlia #85,scarlet violet | kirlia | 85 |  | ungraded,1,1
Scarlet & Violet,Shuppet,087/198,Normal,Common,Pokemon Scarlet & Violet,Shuppet #87,scarlet violet | shuppet | 87 |  | ungraded,1,1
Scarlet & Violet,Shuppet,087/198,Trick or Trade 2023,Common,Pokemon Trick or Trade 2023,Shuppet #87,trick or trade 2023 | shuppet | 87 |  | ungraded,1,1
Scarlet & Violet,Banette ex,088/198,Normal Holo,Double Rare,Pokemon Scarlet & Violet,Banette ex [Holo] #88,scarlet violet | banette ex | 88 | holo | ungraded,1,0
Scarlet & Violet,Drifloon,089/198,Normal,Common,Pokemon Scarlet & Violet,Drifloon #89,scarlet violet | drifloon | 89 |  | ungraded,1,1
Scarlet & Violet,Drifloon,089/198,Trick or Trade 2023,Common,Pokemon Trick or Trade 2023,Drifloon #89,trick or trade 2023 | drifloon | 89 |  | ungraded,1,1
Scarlet & Violet,Drifblim,090/198,Normal,Uncommon,Pokemon Scarlet & Violet,Drifblim #90,scarlet violet | drifblim | 90 |  | ungraded,1,1
Scarlet & Violet,Drifblim,090/198,Trick or Trade 2023,Uncommon,Pokemon Trick or Trade 2023,Drifblim #90,trick or trade 2023 | drifblim | 90 |  | ungraded,1,1
Scarlet & Violet,Flabébé,091/198,Normal,Common,Pokemon Scarlet & Violet,Flabébé #91,scarlet violet | flabebe | 91 |  | ungraded,1,1
Scarlet & Violet,Flabébé,091/198,Reverse Holo,Common,Pokemon Scarlet & Violet,Flabébé [Reverse Holo] #91,scarlet violet | flabebe | 91 | reverse holo | ungraded,2,0
Scarlet & Violet,Floette,092/198,Normal,Common,Pokemon Scarlet & Violet,Floette #92,scarlet violet | floette | 92 |  | ungraded,1,1
Scarlet & Violet,Florges,093/198,Normal,Uncommon,Pokemon Scarlet & Violet,Florges #93,scarlet violet | florges | 93 |  | ungraded,1,1
Scarlet & Violet,Florges,093/198,Reverse Holo,Uncommon,Pokemon Scarlet & Violet,Florges [Reverse Holo] #93,scarlet violet | florges | 93 | reverse holo | ungraded,1,0
Scarlet & Violet,Dedenne,094/198,Normal,Common,Pokemon Scarlet & Violet,Dedenne #94,scarlet violet | dedenne | 94 |  | ungraded,1,1
Scarlet & Violet,Dedenne,095/198,Normal,Common,Pokemon Scarlet & Violet,Dedenne #95,scarlet violet | dedenne | 95 |  | ungraded,1,1
Scarlet & Violet,Klefki,096/198,Normal Holo,Rare,Pokemon Scarlet & Violet,Klefki [Holo] #96,scarlet violet | klefki | 96 | holo | ungraded,1,1
Scarlet & Violet,Fidough,097/198,Normal,Common,Pokemon Scarlet & Violet,Fidough #97,scarlet violet | fidough | 97 |  | ungraded,1,1
Scarlet & Violet,Fidough,097/198,Reverse Holo,Common,Pokemon Scarlet & Violet,Fidough [Reverse Holo] #97,scarlet violet | fidough | 97 | reverse holo | ungraded,2,0
Scarlet & Violet,Dachsbun,099/198,Normal,Uncommon,Pokemon Scarlet & Violet,Dachsbun #99,scarlet violet | dachsbun | 99 |  | ungraded,1,1
Scarlet & Violet,Flittle,100/198,Normal,Common,Pokemon Scarlet & Violet,Flittle #100,scarlet violet | flittle | 100 |  | ungraded,1,1
Scarlet & Violet,Flittle,100/198,Reverse Holo,Common,Pokemon Scarlet & Violet,Flittle [Reverse Holo] #100,scarlet violet | flittle | 100 | reverse holo | ungraded,1,0
Scarlet & Violet,Flittle,101/198,Normal,Common,Pokemon Scarlet & Violet,Flittle #101,scarlet violet | flittle | 101 |  | ungraded,1,1
Scarlet & Violet,Flittle,101/198,Reverse Holo,Common,Pokemon Scarlet & Violet,Flittle [Reverse Holo] #101,scarlet violet | flittle | 101 | reverse holo | ungraded,1,0
Scarlet & Violet,Flittle,102/198,Normal,Common,Pokemon Scarlet & Violet,Flittle #102,scarlet violet | flittle | 102 |  | ungraded,1,1
Scarlet & Violet,Espathra,103/198,Normal,Uncommon,Pokemon Scarlet & Violet,Espathra #103,scarlet violet | espathra | 103 |  | ungraded,1,1
Scarlet & Violet,Espathra,103/198,Reverse Holo,Uncommon,Pokemon Scarlet & Violet,Espathra [Reverse Holo] #103,scarlet violet | espathra | 103 | reverse holo | ungraded,1,0
Scarlet & Violet,Greavard,104/198,Normal,Common,Pokemon Scarlet & Violet,Greavard #104,scarlet violet | greavard | 104 |  | ungraded,1,1
Scarlet & Violet,Greavard,104/198,Trick or Trade 2023,Common,Pokemon Trick or Trade 2023,Greavard #104,trick or trade 2023 | greavard | 104 |  | ungraded,1,1
Scarlet & Violet,Greavard,105/198,Normal,Common,Pokemon Scarlet & Violet,Greavard #105,scarlet violet | greavard | 105 |  | ungraded,1,1
Scarlet & Violet,Greavard,105/198,Reverse Holo,Common,Pokemon Scarlet & Violet,Greavard [Reverse Holo] #105,scarlet violet | greavard | 105 | reverse holo | ungraded,1,0
Scarlet & Violet,Houndstone,106/198,Normal Holo,Rare,Pokemon Scarlet & Violet,Houndstone [Holo] #106,scarlet violet | houndstone | 106 | holo | ungraded,1,1
Scarlet & Violet,Houndstone,106/198,Reverse Holo,Rare,Pokemon Scarlet & Violet,Houndstone [Reverse Holo] #106,scarlet violet | houndstone | 106 | reverse holo | ungraded,2,0
Scarlet & Violet,Houndstone,106/198,Trick or Trade 2023,Rare,Pokemon Trick or Trade 2023,Houndstone [Holo] #106,trick or trade 2023 | houndstone | 106 | holo | ungraded,1,1
Scarlet & Violet,Mankey,107/198,Normal,Common,Pokemon Scarlet & Violet,Mankey #107,scarlet violet | mankey | 107 |  | ungraded,1,1
Scarlet & Violet,Mankey,107/198,Reverse Holo,Common,Pokemon Scarlet & Violet,Mankey [Reverse Holo] #107,scarlet violet | mankey | 107 | reverse holo | ungraded,3,0
Scarlet & Violet,Primeape,108/198,Normal,Common,Pokemon Scarlet & Violet,Primeape #108,scarlet violet | primeape | 108 |  | ungraded,1,1
Scarlet & Violet,Primeape,108/198,Reverse Holo,Common,Pokemon Scarlet & Violet,Primeape [Reverse Holo] #108,scarlet violet | primeape | 108 | reverse holo | ungraded,4,0
Scarlet & Violet,Annihilape,109/198,Normal Holo,Rare,Pokemon Scarlet & Violet,Annihilape [Holo] #109,scarlet violet | annihilape | 109 | holo | ungraded,1,1
Scarlet & Violet,Annihilape,109/198,Reverse Holo,Rare,Pokemon Scarlet & Violet,Annihilape [Reverse Holo] #109,scarlet violet | annihilape | 109 | reverse holo | ungraded,1,0
Scarlet & Violet,Meditite,110/198,Normal,Common,Pokemon Scarlet & Violet,Meditite #110,scarlet violet | meditite | 110 |  | ungraded,1,1
Scarlet & Violet,Meditite,110/198,Reverse Holo,Common,Pokemon Scarlet & Violet,Meditite [Reverse Holo] #110,scarlet violet | meditite | 110 | reverse holo | ungraded,1,0
Scarlet & Violet,Medicham,111/198,Normal,Uncommon,Pokemon Scarlet & Violet,Medicham #111,scarlet violet | medicham | 111 |  | ungraded,1,1
Scarlet & Violet,Riolu,112/198,Normal,Common,Pokemon Scarlet & Violet,Riolu #112,scarlet violet | riolu | 112 |  | ungraded,1,1
Scarlet & Violet,Riolu,113/198,Normal,Common,Pokemon Scarlet & Violet,Riolu #113,scarlet violet | riolu | 113 |  | ungraded,1,1
Scarlet & Violet,Riolu,113/198,Reverse Holo,Common,Pokemon Scarlet & Violet,Riolu [Reverse Holo] #113,scarlet violet | riolu | 113 | reverse holo | ungraded,1,0
Scarlet & Violet,Lucario,114/198,Normal,Uncommon,Pokemon Scarlet & Violet,Lucario #114,scarlet violet | lucario | 114 |  | ungraded,1,1
Scarlet & Violet,Lucario,114/198,Reverse Holo,Uncommon,Pokemon Scarlet & Violet,Lucario [Reverse Holo] #114,scarlet violet | lucario | 114 | reverse holo | ungraded,1,0
Scarlet & Violet,Sandile,115/198,Normal,Common,Pokemon Scarlet & Violet,Sandile #115,scarlet violet | sandile | 115 |  | ungraded,1,1
Scarlet & Violet,Krookodile,117/198,Normal,Uncommon,Pokemon Scarlet & Violet,Krookodile #117,scarlet violet | krookodile | 117 |  | ungraded,1,1
Scarlet & Violet,Silicobra,119/198,Normal,Common,Pokemon Scarlet & Violet,Silicobra #119,scarlet violet | silicobra | 119 |  | ungraded,1,1
Scarlet & Violet,Silicobra,119/198,Reverse Holo,Common,Pokemon Scarlet & Violet,Silicobra [Reverse Holo] #119,scarlet violet | silicobra | 119 | reverse holo | ungraded,1,0
Scarlet & Violet,Sandaconda,120/198,Normal,Uncommon,Pokemon Scarlet & Violet,Sandaconda #120,scarlet violet | sandaconda | 120 |  | ungraded,1,1
Scarlet & Violet,Stonjourner,121/198,Normal,Uncommon,Pokemon Scarlet & Violet,Stonjourner #121,scarlet violet | stonjourner | 121 |  | ungraded,1,1
Scarlet & Violet,Klawf,122/198,Normal Holo,Rare,Pokemon Scarlet & Violet,Klawf [Holo] #122,scarlet violet | klawf | 122 | holo | ungraded,1,1
Scarlet & Violet,Klawf,122/198,Reverse Holo,Rare,Pokemon Scarlet & Violet,Klawf [Reverse Holo] #122,scarlet violet | klawf | 122 | reverse holo | ungraded,1,0
Scarlet & Violet,Great Tusk ex,123/198,Normal Holo,Double Rare,Pokemon Scarlet & Violet,Great Tusk ex [Holo] #123,scarlet violet | great tusk ex | 123 | holo | ungraded,1,0
Scarlet & Violet,Grimer,126/198,Normal,Common,Pokemon Scarlet & Violet,Grimer #126,scarlet violet | grimer | 126 |  | ungraded,1,1
Scarlet & Violet,Grimer,126/198,Reverse Holo,Common,Pokemon Scarlet & Violet,Grimer [Reverse Holo] #126,scarlet violet | grimer | 126 | reverse holo | ungraded,1,0
Scarlet & Violet,Muk,127/198,Normal,Uncommon,Pokemon Scarlet & Violet,Muk #127,scarlet violet | muk | 127 |  | ungraded,1,1
Scarlet & Violet,Seviper,128/198,Normal,Common,Pokemon Scarlet & Violet,Seviper #128,scarlet violet | seviper | 128 |  | ungraded,1,1
Scarlet & Violet,Spiritomb,129/198,Normal,Uncommon,Pokemon Scarlet & Violet,Spiritomb #129,scarlet violet | spiritomb | 129 |  | ungraded,1,1
Scarlet & Violet,Spiritomb,129/198,Reverse Holo,Uncommon,Pokemon Scarlet & Violet,Spiritomb [Reverse Holo] #129,scarlet violet | spiritomb | 129 | reverse holo | ungraded,2,0
Scarlet & Violet,Croagunk,130/198,Normal,Common,Pokemon Scarlet & Violet,Croagunk #130,scarlet violet | croagunk | 130 |  | ungraded,1,1
Scarlet & Violet,Croagunk,130/198,Reverse Holo,Common,Pokemon Scarlet & Violet,Croagunk [Reverse Holo] #130,scarlet violet | croagunk | 130 | reverse holo | ungraded,1,0
Scarlet & Violet,Toxicroak ex,131/198,Normal Holo,Double Rare,Pokemon Scarlet & Violet,Toxicroak ex [Holo] #131,scarlet violet | toxicroak ex | 131 | holo | ungraded,1,0
Scarlet & Violet,Pawniard,132/198,Normal,Common,Pokemon Scarlet & Violet,Pawniard #132,scarlet violet | pawniard | 132 |  | ungraded,1,1
Scarlet & Violet,Pawniard,132/198,Reverse Holo,Common,Pokemon Scarlet & Violet,Pawniard [Reverse Holo] #132,scarlet violet | pawniard | 132 | reverse holo | ungraded,3,0
Scarlet & Violet,Bisharp,133/198,Normal,Common,Pokemon Scarlet & Violet,Bisharp #133,scarlet violet | bisharp | 133 |  | ungraded,1,1
Scarlet & Violet,Kingambit,134/198,Normal Holo,Rare,Pokemon Scarlet & Violet,Kingambit [Holo] #134,scarlet violet | kingambit | 134 | holo | ungraded,1,1
Scarlet & Violet,Maschiff,135/198,Normal,Common,Pokemon Scarlet & Violet,Maschiff #135,scarlet violet | maschiff | 135 |  | ungraded,1,1
Scarlet & Violet,Maschiff,135/198,Reverse Holo,Common,Pokemon Scarlet & Violet,Maschiff [Reverse Holo] #135,scarlet violet | maschiff | 135 | reverse holo | ungraded,2,0
Scarlet & Violet,Maschiff,136/198,Normal,Common,Pokemon Scarlet & Violet,Maschiff #136,scarlet violet | maschiff | 136 |  | ungraded,1,1
Scarlet & Violet,Maschiff,136/198,Reverse Holo,Common,Pokemon Scarlet & Violet,Maschiff [Reverse Holo] #136,scarlet violet | maschiff | 136 | reverse holo | ungraded,1,0
Scarlet & Violet,Mabosstiff,137/198,Normal,Uncommon,Pokemon Scarlet & Violet,Mabosstiff #137,scarlet violet | mabosstiff | 137 |  | ungraded,1,1
Scarlet & Violet,Bombirdier,138/198,Normal,Uncommon,Pokemon Scarlet & Violet,Bombirdier #138,scarlet violet | bombirdier | 138 |  | ungraded,1,1
Scarlet & Violet,Bombirdier,138/198,Reverse Holo,Uncommon,Pokemon Scarlet & Violet,Bombirdier [Reverse Holo] #138,scarlet violet | bombirdier | 138 | reverse holo | ungraded,1,0
Scarlet & Violet,Forretress,139/198,Normal,Uncommon,Pokemon Scarlet & Violet,Forretress #139,scarlet violet | forretress | 139 |  | ungraded,1,1
Scarlet & Violet,Forretress,139/198,Reverse Holo,Uncommon,Pokemon Scarlet & Violet,Forretress [Reverse Holo] #139,scarlet violet | forretress | 139 | reverse holo | ungraded,1,0
Scarlet & Violet,Varoom,140/198,Reverse Holo,Common,Pokemon Scarlet & Violet,Varoom [Reverse Holo] #140,scarlet violet | varoom | 140 | reverse holo | ungraded,2,0
Scarlet & Violet,Varoom,141/198,Normal,Common,Pokemon Scarlet & Violet,Varoom #141,scarlet violet | varoom | 141 |  | ungraded,1,1
Scarlet & Violet,Revavroom,142/198,Normal Holo,Rare,Pokemon Scarlet & Violet,Revavroom [Holo] #142,scarlet violet | revavroom | 142 | holo | ungraded,1,1
Scarlet & Violet,Iron Treads ex,143/198,Normal Holo,Double Rare,Pokemon Scarlet & Violet,Iron Treads ex [Holo] #143,scarlet violet | iron treads ex | 143 | holo | ungraded,1,0
Scarlet & Violet,Chansey,144/198,Normal,Common,Pokemon Scarlet & Violet,Chansey #144,scarlet violet | chansey | 144 |  | ungraded,1,1
Scarlet & Violet,Chansey,144/198,Reverse Holo,Common,Pokemon Scarlet & Violet,Chansey [Reverse Holo] #144,scarlet violet | chansey | 144 | reverse holo | ungraded,1,0
Scarlet & Violet,Blissey,145/198,Normal,Uncommon,Pokemon Scarlet & Violet,Blissey #145,scarlet violet | blissey | 145 |  | ungraded,1,1
Scarlet & Violet,Zangoose,146/198,Normal,Common,Pokemon Scarlet & Violet,Zangoose #146,scarlet violet | zangoose | 146 |  | ungraded,1,1
Scarlet & Violet,Zangoose,147/198,Normal,Uncommon,Pokemon Scarlet & Violet,Zangoose #147,scarlet violet | zangoose | 147 |  | ungraded,1,1
Scarlet & Violet,Starly,148/198,Normal,Common,Pokemon Scarlet & Violet,Starly #148,scarlet violet | starly | 148 |  | ungraded,1,1
Scarlet & Violet,Starly,148/198,Reverse Holo,Common,Pokemon Scarlet & Violet,Starly [Reverse Holo] #148,scarlet violet | starly | 148 | reverse holo | ungraded,3,0
Scarlet & Violet,Staravia,149/198,Normal,Common,Pokemon Scarlet & Violet,Staravia #149,scarlet violet | staravia | 149 |  | ungraded,1,1
Scarlet & Violet,Staravia,149/198,Reverse Holo,Common,Pokemon Scarlet & Violet,Staravia [Reverse Holo] #149,scarlet violet | staravia | 149 | reverse holo | ungraded,1,0
Scarlet & Violet,Staraptor,150/198,Normal,Uncommon,Pokemon Scarlet & Violet,Staraptor #150,scarlet violet | staraptor | 150 |  | ungraded,1,1
Scarlet & Violet,Skwovet,151/198,Reverse Holo,Common,Pokemon Scarlet & Violet,Skwovet [Reverse Holo] #151,scarlet violet | skwovet | 151 | reverse holo | ungraded,2,0
Scarlet & Violet,Greedent,152/198,Normal,Uncommon,Pokemon Scarlet & Violet,Greedent #152,scarlet violet | greedent | 152 |  | ungraded,1,1
Scarlet & Violet,Greedent,152/198,Reverse Holo,Uncommon,Pokemon Scarlet & Violet,Greedent [Reverse Holo] #152,scarlet violet | greedent | 152 | reverse holo | ungraded,1,0
Scarlet & Violet,Indeedee,153/198,Normal Holo,Rare,Pokemon Scarlet & Violet,Indeedee [Holo] #153,scarlet violet | indeedee | 153 | holo | ungraded,1,1
Scarlet & Violet,Lechonk,154/198,Normal,Common,Pokemon Scarlet & Violet,Lechonk #154,scarlet violet | lechonk | 154 |  | ungraded,1,1
Scarlet & Violet,Lechonk,156/198,Normal,Common,Pokemon Scarlet & Violet,Lechonk #156,scarlet violet | lechonk | 156 |  | ungraded,1,1
Scarlet & Violet,Oinkologne,157/198,Normal,Uncommon,Pokemon Scarlet & Violet,Oinkologne #157,scarlet violet | oinkologne | 157 |  | ungraded,1,1
Scarlet & Violet,Oinkologne,157/198,Reverse Holo,Uncommon,Pokemon Scarlet & Violet,Oinkologne [Reverse Holo] #157,scarlet violet | oinkologne | 157 | reverse holo | ungraded,3,0
Scarlet & Violet,Oinkologne ex,158/198,Normal Holo,Double Rare,Pokemon Scarlet & Violet,Oinkologne ex [Holo] #158,scarlet violet | oinkologne ex | 158 | holo | ungraded,1,0
Scarlet & Violet,Tandemaus,159/198,Normal,Common,Pokemon Scarlet & Violet,Tandemaus #159,scarlet violet | tandemaus | 159 |  | ungraded,1,1
Scarlet & Violet,Tandemaus,159/198,Reverse Holo,Common,Pokemon Scarlet & Violet,Tandemaus [Reverse Holo] #159,scarlet violet | tandemaus | 159 | reverse holo | ungraded,2,0
Scarlet & Violet,Tandemaus,160/198,Normal,Common,Pokemon Scarlet & Violet,Tandemaus #160,scarlet violet | tandemaus | 160 |  | ungraded,1,1
Scarlet & Violet,Maushold,161/198,Normal,Uncommon,Pokemon Scarlet & Violet,Maushold #161,scarlet violet | maushold | 161 |  | ungraded,1,1
Scarlet & Violet,Squawkabilly,162/198,Normal,Common,Pokemon Scarlet & Violet,Squawkabilly #162,scarlet violet | squawkabilly | 162 |  | ungraded,1,1
Scarlet & Violet,Squawkabilly,162/198,Reverse Holo,Common,Pokemon Scarlet & Violet,Squawkabilly [Reverse Holo] #162,scarlet violet | squawkabilly | 162 | reverse holo | ungraded,2,0
Scarlet & Violet,Cyclizar,163/198,Normal,Uncommon,Pokemon Scarlet & Violet,Cyclizar #163,scarlet violet | cyclizar | 163 |  | ungraded,1,1
Scarlet & Violet,Cyclizar,164/198,Normal Holo,Rare,Pokemon Scarlet & Violet,Cyclizar [Holo] #164,scarlet violet | cyclizar | 164 | holo | ungraded,1,1
Scarlet & Violet,Cyclizar,164/198,Reverse Holo,Rare,Pokemon Scarlet & Violet,Cyclizar [Reverse Holo] #164,scarlet violet | cyclizar | 164 | reverse holo | ungraded,2,0
Scarlet & Violet,Flamigo,165/198,Normal,Uncommon,Pokemon Scarlet & Violet,Flamigo #165,scarlet violet | flamigo | 165 |  | ungraded,1,1
Scarlet & Violet,Flamigo,165/198,Reverse Holo,Uncommon,Pokemon Scarlet & Violet,Flamigo [Reverse Holo] #165,scarlet violet | flamigo | 165 | reverse holo | ungraded,1,0
Scarlet & Violet,Arven,166/198,Normal,Uncommon,Pokemon Scarlet & Violet,Arven #166,scarlet violet | arven | 166 |  | ungraded,1,1
Scarlet & Violet,Arven,166/198,Reverse Holo,Uncommon,Pokemon Scarlet & Violet,Arven [Reverse Holo] #166,scarlet violet | arven | 166 | reverse holo | ungraded,2,0
Scarlet & Violet,Beach Court,167/198,Normal,Uncommon,Pokemon Scarlet & Violet,Beach Court #167,scarlet violet | beach court | 167 |  | ungraded,1,1
Scarlet & Violet,Beach Court,167/198,Reverse Holo,Uncommon,Pokemon Scarlet & Violet,Beach Court [Reverse Holo] #167,scarlet violet | beach court | 167 | reverse holo | ungraded,1,0
Scarlet & Violet,Crushing Hammer,168/198,Normal,Common,Pokemon Scarlet & Violet,Crushing Hammer #168,scarlet violet | crushing hammer | 168 |  | ungraded,1,1
Scarlet & Violet,Defiance Band,169/198,Normal,Uncommon,Pokemon Scarlet & Violet,Defiance Band #169,scarlet violet | defiance band | 169 |  | ungraded,1,1
Scarlet & Violet,Electric Generator,170/198,Normal,Uncommon,Pokemon Scarlet & Violet,Electric Generator #170,scarlet violet | electric generator | 170 |  | ungraded,1,1
Scarlet & Violet,Electric Generator,170/198,Reverse Holo,Uncommon,Pokemon Scarlet & Violet,Electric Generator [Reverse Holo] #170,scarlet violet | electric generator | 170 | reverse holo | ungraded,2,0
Scarlet & Violet,Energy Retrieval,171/198,Normal,Common,Pokemon Scarlet & Violet,Energy Retrieval #171,scarlet violet | energy retrieval | 171 |  | ungraded,1,1
Scarlet & Violet,Energy Retrieval,171/198,Reverse Holo,Common,Pokemon Scarlet & Violet,Energy Retrieval [Reverse Holo] #171,scarlet violet | energy retrieval | 171 | reverse holo | ungraded,3,0
Scarlet & Violet,Energy Search,172/198,Normal,Common,Pokemon Scarlet & Violet,Energy Search #172,scarlet violet | energy search | 172 |  | ungraded,1,1
Scarlet & Violet,Energy Search,172/198,Reverse Holo,Common,Pokemon Scarlet & Violet,Energy Search [Reverse Holo] #172,scarlet violet | energy search | 172 | reverse holo | ungraded,2,0
Scarlet & Violet,Energy Switch,173/198,Reverse Holo,Common,Pokemon Scarlet & Violet,Energy Switch [Reverse Holo] #173,scarlet violet | energy switch | 173 | reverse holo | ungraded,1,0
Scarlet & Violet,Exp. Share,174/198,Normal,Uncommon,Pokemon Scarlet & Violet,Exp. Share #174,scarlet violet | exp share | 174 |  | ungraded,1,1
Scarlet & Violet,Exp. Share,174/198,Reverse Holo,Uncommon,Pokemon Scarlet & Violet,Exp. Share [Reverse Holo] #174,scarlet violet | exp share | 174 | reverse holo | ungraded,1,0
Scarlet & Violet,Jacq,175/198,Normal,Uncommon,Pokemon Scarlet & Violet,Jacq #175,scarlet violet | jacq | 175 |  | ungraded,1,1
Scarlet & Violet,Judge,176/198,Normal,Uncommon,Pokemon Scarlet & Violet,Judge #176,scarlet violet | judge | 176 |  | ungraded,1,1
Scarlet & Violet,Judge,176/198,Reverse Holo,Uncommon,Pokemon Scarlet & Violet,Judge [Reverse Holo] #176,scarlet violet | judge | 176 | reverse holo | ungraded,1,0
Scarlet & Violet,Katy,177/198,Normal,Uncommon,Pokemon Scarlet & Violet,Katy #177,scarlet violet | katy | 177 |  | ungraded,1,1
Scarlet & Violet,Katy,177/198,Reverse Holo,Uncommon,Pokemon Scarlet & Violet,Katy [Reverse Holo] #177,scarlet violet | katy | 177 | reverse holo | ungraded,1,0
Scarlet & Violet,Mesagoza,178/198,Normal,Uncommon,Pokemon Scarlet & Violet,Mesagoza #178,scarlet violet | mesagoza | 178 |  | ungraded,1,1
Scarlet & Violet,Miriam,179/198,Normal,Uncommon,Pokemon Scarlet & Violet,Miriam #179,scarlet violet | miriam | 179 |  | ungraded,1,1
Scarlet & Violet,Miriam,179/198,Reverse Holo,Uncommon,Pokemon Scarlet & Violet,Miriam [Reverse Holo] #179,scarlet violet | miriam | 179 | reverse holo | ungraded,1,0
Scarlet & Violet,Nemona,180/198,Normal,Common,Pokemon Scarlet & Violet,Nemona #180,scarlet violet | nemona | 180 |  | ungraded,1,1
Scarlet & Violet,Nemona,180/198,Reverse Holo,Common,Pokemon Scarlet & Violet,Nemona [Reverse Holo] #180,scarlet violet | nemona | 180 | reverse holo | ungraded,1,0
Scarlet & Violet,Nest Ball,181/198,Normal,Uncommon,Pokemon Scarlet & Violet,Nest Ball #181,scarlet violet | nest ball | 181 |  | ungraded,1,1
Scarlet & Violet,Pal Pad,182/198,Normal,Common,Pokemon Scarlet & Violet,Pal Pad #182,scarlet violet | pal pad | 182 |  | ungraded,1,1
Scarlet & Violet,Penny,183/198,Normal,Uncommon,Pokemon Scarlet & Violet,Penny #183,scarlet violet | penny | 183 |  | ungraded,1,1
Scarlet & Violet,Picnic Basket,184/198,Normal,Uncommon,Pokemon Scarlet & Violet,Picnic Basket #184,scarlet violet | picnic basket | 184 |  | ungraded,1,1
Scarlet & Violet,Poké Ball,185/198,Normal,Common,Pokemon Scarlet & Violet,Poké Ball #185,scarlet violet | poke ball | 185 |  | ungraded,1,1
Scarlet & Violet,Pokégear 3.0,186/198,Normal,Common,Pokemon Scarlet & Violet,Pokégear 3.0 #186,scarlet violet | pokegear 3 0 | 186 |  | ungraded,1,1
Scarlet & Violet,Pokégear 3.0,186/198,Reverse Holo,Common,Pokemon Scarlet & Violet,Pokégear 3.0 [Reverse Holo] #186,scarlet violet | pokegear 3 0 | 186 | reverse holo | ungraded,1,0
Scarlet & Violet,Pokémon Catcher,187/198,Normal,Common,Pokemon Scarlet & Violet,Pokémon Catcher #187,scarlet violet | pokemon catcher | 187 |  | ungraded,1,1
Scarlet & Violet,Pokémon Catcher,187/198,Reverse Holo,Common,Pokemon Scarlet & Violet,Pokémon Catcher [Reverse Holo] #187,scarlet violet | pokemon catcher | 187 | reverse holo | ungraded,1,0
Scarlet & Violet,Potion,188/198,Normal,Common,Pokemon Scarlet & Violet,Potion #188,scarlet violet | potion | 188 |  | ungraded,1,1
Scarlet & Violet,Potion,188/198,Reverse Holo,Common,Pokemon Scarlet & Violet,Potion [Reverse Holo] #188,scarlet violet | potion | 188 | reverse holo | ungraded,1,0
Scarlet & Violet,Professor's Research,189/198,Reverse Holo,Rare,Pokemon Scarlet & Violet,Professor's Research [Reverse Holo] #189,scarlet violet | professor s research | 189 | reverse holo | ungraded,2,0
Scarlet & Violet,Professor's Research,190/198,Normal Holo,Rare,Pokemon Scarlet & Violet,Professor's Research [Holo] #190,scarlet violet | professor s research | 190 | holo | ungraded,1,0
Scarlet & Violet,Rare Candy,191/198,Normal,Common,Pokemon Scarlet & Violet,Rare Candy #191,scarlet violet | rare candy | 191 |  | ungraded,1,1
Scarlet & Violet,Rock Chestplate,192/198,Normal,Uncommon,Pokemon Scarlet & Violet,Rock Chestplate #192,scarlet violet | rock chestplate | 192 |  | ungraded,1,1
Scarlet & Violet,Rocky Helmet,193/198,Normal,Uncommon,Pokemon Scarlet & Violet,Rocky Helmet #193,scarlet violet | rocky helmet | 193 |  | ungraded,1,1
Scarlet & Violet,Switch,194/198,Normal,Common,Pokemon Scarlet & Violet,Switch #194,scarlet violet | switch | 194 |  | ungraded,1,1
Scarlet & Violet,Switch,194/198,Reverse Holo,Common,Pokemon Scarlet & Violet,Switch [Reverse Holo] #194,scarlet violet | switch | 194 | reverse holo | ungraded,3,0
Scarlet & Violet,Team Star Grunt,195/198,Normal,Uncommon,Pokemon Scarlet & Violet,Team Star Grunt #195,scarlet violet | team star grunt | 195 |  | ungraded,1,1
Scarlet & Violet,Team Star Grunt,195/198,Reverse Holo,Uncommon,Pokemon Scarlet & Violet,Team Star Grunt [Reverse Holo] #195,scarlet violet | team star grunt | 195 | reverse holo | ungraded,3,0
Scarlet & Violet,Ultra Ball,196/198,Normal,Uncommon,Pokemon Scarlet & Violet,Ultra Ball #196,scarlet violet | ultra ball | 196 |  | ungraded,1,1
Scarlet & Violet,Vitality Band,197/198,Normal,Uncommon,Pokemon Scarlet & Violet,Vitality Band #197,scarlet violet | vitality band | 197 |  | ungraded,1,1
Scarlet & Violet,Vitality Band,197/198,Reverse Holo,Uncommon,Pokemon Scarlet & Violet,Vitality Band [Reverse Holo] #197,scarlet violet | vitality band | 197 | reverse holo | ungraded,1,0
Scarlet & Violet,Youngster,198/198,Normal,Uncommon,Pokemon Scarlet & Violet,Youngster #198,scarlet violet | youngster | 198 |  | ungraded,1,1
Scarlet & Violet,Dondozo,207/198,Normal Holo,Illustration Rare,Pokemon Scarlet & Violet,Dondozo [Holo] #207,scarlet violet | dondozo | 207 | holo | ungraded,1,0
Scarlet & Violet,Drowzee,210/198,Normal Holo,Illustration Rare,Pokemon Scarlet & Violet,Drowzee [Holo] #210,scarlet violet | drowzee | 210 | holo | ungraded,1,0
Scarlet & Violet,Greavard,214/198,Normal Holo,Illustration Rare,Pokemon Scarlet & Violet,Greavard [Holo] #214,scarlet violet | greavard | 214 | holo | ungraded,1,0
Scarlet & Violet,Riolu,215/198,Normal Holo,Illustration Rare,Pokemon Scarlet & Violet,Riolu [Holo] #215,scarlet violet | riolu | 215 | holo | ungraded,1,0
Scarlet & Violet,Kingambit,220/198,Normal Holo,Illustration Rare,Pokemon Scarlet & Violet,Kingambit [Holo] #220,scarlet violet | kingambit | 220 | holo | ungraded,1,0
Scarlet & Violet,Miraidon ex,227/198,Normal Holo,Ultra Rare,Pokemon Scarlet & Violet,Miraidon ex [Holo] #227,scarlet violet | miraidon ex | 227 | holo | ungraded,1,0
Scarlet & Violet,Toxicroak ex,232/198,Normal Holo,Ultra Rare,Pokemon Scarlet & Violet,Toxicroak ex [Holo] #232,scarlet violet | toxicroak ex | 232 | holo | ungraded,1,0
Scarlet & Violet,Jacq,236/198,Normal Holo,Ultra Rare,Pokemon Scarlet & Violet,Jacq [Holo] #236,scarlet violet | jacq | 236 | holo | ungraded,1,0
Scarlet & Violet,Great Tusk ex,246/198,Normal Holo,Special Illustration Rare,Pokemon Scarlet & Violet,Great Tusk ex [Holo] #246,scarlet violet | great tusk ex | 246 | holo | ungraded,1,0
Scarlet & Violet,Arven,249/198,Normal Holo,Special Illustration Rare,Pokemon Scarlet & Violet,Arven [Holo] #249,scarlet violet | arven | 249 | holo | ungraded,1,0
Scarlet & Violet,Penny,252/198,Normal Holo,Special Illustration Rare,Pokemon Scarlet & Violet,Penny [Holo] #252,scarlet violet | penny | 252 | holo | ungraded,1,0
Scarlet & Violet,Koraidon ex,254/198,Normal Holo,Hyper Rare,Pokemon Scarlet & Violet,Koraidon ex [Holo] #254,scarlet violet | koraidon ex | 254 | holo | ungraded,1,0
Scarlet & Violet,Nest Ball,255/198,Normal Holo,Hyper Rare,Pokemon Scarlet & Violet,Nest Ball [Holo] #255,scarlet violet | nest ball | 255 | holo | ungraded,1,0
Scarlet & Violet Energies,Basic Grass Energy,001,Normal,,Pokemon Scarlet & Violet Energy,Basic Grass Energy #1,scarlet violet energy | basic grass energy | 1 |  | ungraded,1,1
Scarlet & Violet Energies,Basic Fire Energy,002,Normal,,Pokemon Scarlet & Violet Energy,Basic Fire Energy #2,scarlet violet energy | basic fire energy | 2 |  | ungraded,1,1
Scarlet & Violet Energies,Basic Water Energy,003,Normal,,Pokemon Scarlet & Violet Energy,Basic Water Energy #3,scarlet violet energy | basic water energy | 3 |  | ungraded,1,1
Scarlet & Violet Energies,Basic Lightning Energy,004,Normal,,Pokemon Scarlet & Violet Energy,Basic Lightning Energy #4,scarlet violet energy | basic lightning energy | 4 |  | ungraded,1,1
Scarlet & Violet Energies,Basic Psychic Energy,005,Normal,,Pokemon Scarlet & Violet Energy,Basic Psychic Energy #5,scarlet violet energy | basic psychic energy | 5 |  | ungraded,1,1
Scarlet & Violet Energies,Basic Fighting Energy,006,Normal,,Pokemon Scarlet & Violet Energy,Basic Fighting Energy #6,scarlet violet energy | basic fighting energy | 6 |  | ungraded,1,1
Scarlet & Violet Energies,Basic Darkness Energy,007,Normal,,Pokemon Scarlet & Violet Energy,Basic Darkness Energy #7,scarlet violet energy | basic darkness energy | 7 |  | ungraded,1,1
Scarlet & Violet Energies,Basic Metal Energy,008,Normal,,Pokemon Scarlet & Violet Energy,Basic Metal Energy #8,scarlet violet energy | basic metal energy | 8 |  | ungraded,1,1
Crown Zenith,Oddish,001/159,Normal,Common,Pokemon Crown Zenith,Oddish #1,crown zenith | oddish | 1 |  | ungraded,1,1
Crown Zenith,Gloom,002/159,Normal,Uncommon,Pokemon Crown Zenith,Gloom #2,crown zenith | gloom | 2 |  | ungraded,1,1
Crown Zenith,Bellossom,003/159,Normal,Rare,Pokemon Crown Zenith,Bellossom #3,crown zenith | bellossom | 3 |  | ungraded,1,1
Crown Zenith,Bellossom,003/159,Reverse Holo,Rare,Pokemon Crown Zenith,Bellossom [Reverse Holo] #3,crown zenith | bellossom | 3 | reverse holo | ungraded,1,1
Crown Zenith,Tangela,004/159,Normal,Common,Pokemon Crown Zenith,Tangela #4,crown zenith | tangela | 4 |  | ungraded,1,1
Crown Zenith,Tangrowth,005/159,Normal,Rare,Pokemon Crown Zenith,Tangrowth #5,crown zenith | tangrowth | 5 |  | ungraded,1,1
Crown Zenith,Scyther,006/159,Normal,Common,Pokemon Crown Zenith,Scyther #6,crown zenith | scyther | 6 |  | ungraded,1,1
Crown Zenith,Sunkern,007/159,Normal,Common,Pokemon Crown Zenith,Sunkern #7,crown zenith | sunkern | 7 |  | ungraded,1,1
Crown Zenith,Sunkern,007/159,Reverse Holo,Common,Pokemon Crown Zenith,Sunkern [Reverse Holo] #7,crown zenith | sunkern | 7 | reverse holo | ungraded,1,1
Crown Zenith,Yanma,008/159,Normal,Common,Pokemon Crown Zenith,Yanma #8,crown zenith | yanma | 8 |  | ungraded,1,1
Crown Zenith,Yanmega,009/159,Normal,Rare,Pokemon Crown Zenith,Yanmega #9,crown zenith | yanmega | 9 |  | ungraded,1,1
Crown Zenith,Kricketot,010/159,Normal,Common,Pokemon Crown Zenith,Kricketot #10,crown zenith | kricketot | 10 |  | ungraded,1,1
Crown Zenith,Kricketot,010/159,Reverse Holo,Common,Pokemon Crown Zenith,Kricketot [Reverse Holo] #10,crown zenith | kricketot | 10 | reverse holo | ungraded,1,1
Crown Zenith,Cherubi,011/159,Normal,Common,Pokemon Crown Zenith,Cherubi #11,crown zenith | cherubi | 11 |  | ungraded,1,1
Crown Zenith,Carnivine,012/159,Normal,Uncommon,Pokemon Crown Zenith,Carnivine #12,crown zenith | carnivine | 12 |  | ungraded,1,1
Crown Zenith,Carnivine,012/159,Reverse Holo,Uncommon,Pokemon Crown Zenith,Carnivine [Reverse Holo] #12,crown zenith | carnivine | 12 | reverse holo | ungraded,1,1
Crown Zenith,Grubbin,015/159,Normal,Common,Pokemon Crown Zenith,Grubbin #15,crown zenith | grubbin | 15 |  | ungraded,1,1
Crown Zenith,Zarude,016/159,Normal Holo,Rare Holo,Pokemon Crown Zenith,Zarude [Holo] #16,crown zenith | zarude | 16 | holo | ungraded,1,0
Crown Zenith,Zarude,016/159,Reverse Holo,Rare Holo,Pokemon Crown Zenith,Zarude [Reverse Holo] #16,crown zenith | zarude | 16 | reverse holo | ungraded,1,1
Crown Zenith,Calyrex,017/159,Normal Holo,Rare Holo,Pokemon Crown Zenith,Calyrex [Holo] #17,crown zenith | calyrex | 17 | holo | ungraded,1,0
Crown Zenith,Calyrex,017/159,Reverse Holo,Rare Holo,Pokemon Crown Zenith,Calyrex [Reverse Holo] #17,crown zenith | calyrex | 17 | reverse holo | ungraded,2,1
Crown Zenith,Charizard V,018/159,Normal Holo,Holo Rare V,Pokemon Crown Zenith,Charizard V [Holo] #18,crown zenith | charizard v | 18 | holo | ungraded,1,0
Crown Zenith,Radiant Charizard,020/159,Normal Holo,Radiant Rare,Pokemon Crown Zenith,Radiant Charizard [Holo] #20,crown zenith | radiant charizard | 20 | holo | ungraded,2,0
Crown Zenith,Entei,021/159,Normal Holo,Rare Holo,Pokemon Crown Zenith,Entei [Holo] #21,crown zenith | entei | 21 | holo | ungraded,2,0
Crown Zenith,Entei,021/159,Reverse Holo,Rare Holo,Pokemon Crown Zenith,Entei [Reverse Holo] #21,crown zenith | entei | 21 | reverse holo | ungraded,2,1
Crown Zenith,Simisear V,022/159,Normal Holo,Holo Rare V,Pokemon Crown Zenith,Simisear V [Holo] #22,crown zenith | simisear v | 22 | holo | ungraded,2,0
Crown Zenith,Larvesta,024/159,Normal,Common,Pokemon Crown Zenith,Larvesta #24,crown zenith | larvesta | 24 |  | ungraded,1,1
Crown Zenith,Volcarona,025/159,Normal,Rare,Pokemon Crown Zenith,Volcarona #25,crown zenith | volcarona | 25 |  | ungraded,1,1
Crown Zenith,Volcarona,025/159,Reverse Holo,Rare,Pokemon Crown Zenith,Volcarona [Reverse Holo] #25,crown zenith | volcarona | 25 | reverse holo | ungraded,1,1
Crown Zenith,Volcanion,026/159,Reverse Holo,Rare Holo,Pokemon Crown Zenith,Volcanion [Reverse Holo] #26,crown zenith | volcanion | 26 | reverse holo | ungraded,2,1
Crown Zenith,Salandit,027/159,Normal,Common,Pokemon Crown Zenith,Salandit #27,crown zenith | salandit | 27 |  | ungraded,1,1
Crown Zenith,Salandit,027/159,Reverse Holo,Common,Pokemon Crown Zenith,Salandit [Reverse Holo] #27,crown zenith | salandit | 27 | reverse holo | ungraded,1,1
Crown Zenith,Salazzle,028/159,Normal,Uncommon,Pokemon Crown Zenith,Salazzle #28,crown zenith | salazzle | 28 |  | ungraded,1,1
Crown Zenith,Salazzle,028/159,Reverse Holo,Uncommon,Pokemon Crown Zenith,Salazzle [Reverse Holo] #28,crown zenith | salazzle | 28 | reverse holo | ungraded,1,1
Crown Zenith,Seel,029/159,Normal,Common,Pokemon Crown Zenith,Seel #29,crown zenith | seel | 29 |  | ungraded,1,1
Crown Zenith,Galarian Mr. Mime,030/159,Normal,Common,Pokemon Crown Zenith,Galarian Mr. Mime #30,crown zenith | galarian mr mime | 30 |  | ungraded,1,1
Crown Zenith,Galarian Mr. Mime,030/159,Reverse Holo,Common,Pokemon Crown Zenith,Galarian Mr. Mime [Reverse Holo] #30,crown zenith | galarian mr mime | 30 | reverse holo | ungraded,1,1
Crown Zenith,Wailmer,031/159,Normal,Common,Pokemon Crown Zenith,Wailmer #31,crown zenith | wailmer | 31 |  | ungraded,1,1
Crown Zenith,Wailord,032/159,Normal,Rare,Pokemon Crown Zenith,Wailord #32,crown zenith | wailord | 32 |  | ungraded,1,1
Crown Zenith,Corphish,033/159,Normal,Common,Pokemon Crown Zenith,Corphish #33,crown zenith | corphish | 33 |  | ungraded,1,1
Crown Zenith,Corphish,033/159,Reverse Holo,Common,Pokemon Crown Zenith,Corphish [Reverse Holo] #33,crown zenith | corphish | 33 | reverse holo | ungraded,2,1
Crown Zenith,Snorunt,034/159,Normal,Common,Pokemon Crown Zenith,Snorunt #34,crown zenith | snorunt | 34 |  | ungraded,1,1
Crown Zenith,Snorunt,034/159,Reverse Holo,Common,Pokemon Crown Zenith,Snorunt [Reverse Holo] #34,crown zenith | snorunt | 34 | reverse holo | ungraded,1,1
Crown Zenith,Luvdisc,035/159,Normal,Common,Pokemon Crown Zenith,Luvdisc #35,crown zenith | luvdisc | 35 |  | ungraded,1,1
Crown Zenith,Luvdisc,035/159,Reverse Holo,Common,Pokemon Crown Zenith,Luvdisc [Reverse Holo] #35,crown zenith | luvdisc | 35 | reverse holo | ungraded,1,1
Crown Zenith,Kyogre,036/159,Normal Holo,Rare Holo,Pokemon Crown Zenith,Kyogre [Holo] #36,crown zenith | kyogre | 36 | holo | ungraded,1,0
Crown Zenith,Kyogre V,037/159,Normal Holo,Holo Rare V,Pokemon Crown Zenith,Kyogre V [Holo] #37,crown zenith | kyogre v | 37 | holo | ungraded,2,0
Crown Zenith,Shinx,039/159,Normal,Common,Pokemon Crown Zenith,Shinx #39,crown zenith | shinx | 39 |  | ungraded,1,1
Crown Zenith,Shinx,039/159,Reverse Holo,Common,Pokemon Crown Zenith,Shinx [Reverse Holo] #39,crown zenith | shinx | 39 | reverse holo | ungraded,2,1
Crown Zenith,Shinx,040/159,Normal,Common,Pokemon Crown Zenith,Shinx #40,crown zenith | shinx | 40 |  | ungraded,1,1
Crown Zenith,Luxio,041/159,Normal,Uncommon,Pokemon Crown Zenith,Luxio #41,crown zenith | luxio | 41 |  | ungraded,1,1
Crown Zenith,Luxio,041/159,Reverse Holo,Uncommon,Pokemon Crown Zenith,Luxio [Reverse Holo] #41,crown zenith | luxio | 41 | reverse holo | ungraded,1,1
Crown Zenith,Luxio,042/159,Normal,Uncommon,Pokemon Crown Zenith,Luxio #42,crown zenith | luxio | 42 |  | ungraded,1,1
Crown Zenith,Luxio,042/159,Reverse Holo,Uncommon,Pokemon Crown Zenith,Luxio [Reverse Holo] #42,crown zenith | luxio | 42 | reverse holo | ungraded,2,1
Crown Zenith,Luxray,043/159,Normal,Rare,Pokemon Crown Zenith,Luxray #43,crown zenith | luxray | 43 |  | ungraded,1,1
Crown Zenith,Luxray,044/159,Normal,Rare,Pokemon Crown Zenith,Luxray #44,crown zenith | luxray | 44 |  | ungraded,1,1
Crown Zenith,Luxray,044/159,Reverse Holo,Rare,Pokemon Crown Zenith,Luxray [Reverse Holo] #44,crown zenith | luxray | 44 | reverse holo | ungraded,1,1
Crown Zenith,Rotom V,045/159,Normal Holo,Holo Rare V,Pokemon Crown Zenith,Rotom V [Holo] #45,crown zenith | rotom v | 45 | holo | ungraded,1,0
Crown Zenith,Rotom VSTAR,046/159,Normal Holo,Holo Rare VSTAR,Pokemon Crown Zenith,Rotom VSTAR [Holo] #46,crown zenith | rotom vstar | 46 | holo | ungraded,1,0
Crown Zenith,Emolga,047/159,Normal,Common,Pokemon Crown Zenith,Emolga #47,crown zenith | emolga | 47 |  | ungraded,1,1
Crown Zenith,Eelektrik,048/159,Normal,Uncommon,Pokemon Crown Zenith,Eelektrik #48,crown zenith | eelektrik | 48 |  | ungraded,1,1
Crown Zenith,Helioptile,049/159,Normal,Common,Pokemon Crown Zenith,Helioptile #49,crown zenith | helioptile | 49 |  | ungraded,1,1
Crown Zenith,Heliolisk,050/159,Normal,Rare,Pokemon Crown Zenith,Heliolisk #50,crown zenith | heliolisk | 50 |  | ungraded,1,1
Crown Zenith,Heliolisk,050/159,Reverse Holo,Rare,Pokemon Crown Zenith,Heliolisk [Reverse Holo] #50,crown zenith | heliolisk | 50 | reverse holo | ungraded,1,1
Crown Zenith,Radiant Charjabug,051/159,Normal Holo,Radiant Rare,Pokemon Crown Zenith,Radiant Charjabug [Holo] #51,crown zenith | radiant charjabug | 51 | holo | ungraded,4,0
Crown Zenith,Zeraora,052/159,Normal,Rare,Pokemon Crown Zenith,Zeraora #52,crown zenith | zeraora | 52 |  | ungraded,1,1
Crown Zenith,Zeraora VMAX,054/159,Normal Holo,Holo Rare VMAX,Pokemon Crown Zenith,Zeraora VMAX [Holo] #54,crown zenith | zeraora vmax | 54 | holo | ungraded,2,0
Crown Zenith,Zeraora VSTAR,055/159,Normal Holo,Holo Rare VSTAR,Pokemon Crown Zenith,Zeraora VSTAR [Holo] #55,crown zenith | zeraora vstar | 55 | holo | ungraded,1,0
Crown Zenith,Pincurchin,056/159,Normal,Uncommon,Pokemon Crown Zenith,Pincurchin #56,crown zenith | pincurchin | 56 |  | ungraded,1,1
Crown Zenith,Exeggcute,057/159,Normal,Common,Pokemon Crown Zenith,Exeggcute #57,crown zenith | exeggcute | 57 |  | ungraded,1,1
Crown Zenith,Exeggutor,058/159,Normal,Rare,Pokemon Crown Zenith,Exeggutor #58,crown zenith | exeggutor | 58 |  | ungraded,1,1
Crown Zenith,Exeggutor,058/159,Reverse Holo,Rare,Pokemon Crown Zenith,Exeggutor [Reverse Holo] #58,crown zenith | exeggutor | 58 | reverse holo | ungraded,1,1
Crown Zenith,Mewtwo,059/159,Normal Holo,Rare Holo,Pokemon Crown Zenith,Mewtwo [Holo] #59,crown zenith | mewtwo | 59 | holo | ungraded,1,0
Crown Zenith,Mewtwo,059/159,Reverse Holo,Rare Holo,Pokemon Crown Zenith,Mewtwo [Reverse Holo] #59,crown zenith | mewtwo | 59 | reverse holo | ungraded,1,1
Crown Zenith,Mew V,060/159,Normal Holo,Holo Rare V,Pokemon Crown Zenith,Mew V [Holo] #60,crown zenith | mew v | 60 | holo | ungraded,1,0
Crown Zenith,Girafarig,061/159,Normal,Uncommon,Pokemon Crown Zenith,Girafarig #61,crown zenith | girafarig | 61 |  | ungraded,1,1
Crown Zenith,Girafarig,061/159,Reverse Holo,Uncommon,Pokemon Crown Zenith,Girafarig [Reverse Holo] #61,crown zenith | girafarig | 61 | reverse holo | ungraded,2,1
Crown Zenith,Lunatone,062/159,Normal,Uncommon,Pokemon Crown Zenith,Lunatone #62,crown zenith | lunatone | 62 |  | ungraded,1,1
Crown Zenith,Dusclops,063/159,Normal,Uncommon,Pokemon Crown Zenith,Dusclops #63,crown zenith | dusclops | 63 |  | ungraded,1,1
Crown Zenith,Tapu Lele,064/159,Reverse Holo,Rare Holo,Pokemon Crown Zenith,Tapu Lele [Reverse Holo] #64,crown zenith | tapu lele | 64 | reverse holo | ungraded,1,1
Crown Zenith,Hatterene V,065/159,Normal Holo,Holo Rare V,Pokemon Crown Zenith,Hatterene V [Holo] #65,crown zenith | hatterene v | 65 | holo | ungraded,1,0
Crown Zenith,Enamorus,067/159,Normal,Rare,Pokemon Crown Zenith,Enamorus #67,crown zenith | enamorus | 67 |  | ungraded,1,1
Crown Zenith,Enamorus,067/159,Reverse Holo,Rare,Pokemon Crown Zenith,Enamorus [Reverse Holo] #67,crown zenith | enamorus | 67 | reverse holo | ungraded,1,1
Crown Zenith,Graveler,068/159,Normal,Uncommon,Pokemon Crown Zenith,Graveler #68,crown zenith | graveler | 68 |  | ungraded,1,1
Crown Zenith,Graveler,068/159,Reverse Holo,Uncommon,Pokemon Crown Zenith,Graveler [Reverse Holo] #68,crown zenith | graveler | 68 | reverse holo | ungraded,1,1
Crown Zenith,Solrock,069/159,Normal,Uncommon,Pokemon Crown Zenith,Solrock #69,crown zenith | solrock | 69 |  | ungraded,1,1
Crown Zenith,Solrock,069/159,Reverse Holo,Uncommon,Pokemon Crown Zenith,Solrock [Reverse Holo] #69,crown zenith | solrock | 69 | reverse holo | ungraded,1,1
Crown Zenith,Baltoy,070/159,Normal,Common,Pokemon Crown Zenith,Baltoy #70,crown zenith | baltoy | 70 |  | ungraded,1,1
Crown Zenith,Baltoy,070/159,Reverse Holo,Common,Pokemon Crown Zenith,Baltoy [Reverse Holo] #70,crown zenith | baltoy | 70 | reverse holo | ungraded,1,1
Crown Zenith,Riolu,071/159,Normal,Common,Pokemon Crown Zenith,Riolu #71,crown zenith | riolu | 71 |  | ungraded,1,1
Crown Zenith,Riolu,071/159,Reverse Holo,Common,Pokemon Crown Zenith,Riolu [Reverse Holo] #71,crown zenith | riolu | 71 | reverse holo | ungraded,1,1
Crown Zenith,Pancham,072/159,Normal,Common,Pokemon Crown Zenith,Pancham #72,crown zenith | pancham | 72 |  | ungraded,1,1
Crown Zenith,Pancham,072/159,Reverse Holo,Common,Pokemon Crown Zenith,Pancham [Reverse Holo] #72,crown zenith | pancham | 72 | reverse holo | ungraded,1,1
Crown Zenith,Rockruff,073/159,Normal,Common,Pokemon Crown Zenith,Rockruff #73,crown zenith | rockruff | 73 |  | ungraded,1,1
Crown Zenith,Lycanroc,074/159,Normal,Rare,Pokemon Crown Zenith,Lycanroc #74,crown zenith | lycanroc | 74 |  | ungraded,1,1
Crown Zenith,Lycanroc,074/159,Reverse Holo,Rare,Pokemon Crown Zenith,Lycanroc [Reverse Holo] #74,crown zenith | lycanroc | 74 | reverse holo | ungraded,3,1
Crown Zenith,Koffing,075/159,Normal,Common,Pokemon Crown Zenith,Koffing #75,crown zenith | koffing | 75 |  | ungraded,1,1
Crown Zenith,Absol,076/159,Normal Holo,Rare Holo,Pokemon Crown Zenith,Absol [Holo] #76,crown zenith | absol | 76 | holo | ungraded,2,0
Crown Zenith,Absol,076/159,Reverse Holo,Rare Holo,Pokemon Crown Zenith,Absol [Reverse Holo] #76,crown zenith | absol | 76 | reverse holo | ungraded,1,1
Crown Zenith,Purrloin,077/159,Normal,Common,Pokemon Crown Zenith,Purrloin #77,crown zenith | purrloin | 77 |  | ungraded,1,1
Crown Zenith,Liepard,078/159,Normal,Rare,Pokemon Crown Zenith,Liepard #78,crown zenith | liepard | 78 |  | ungraded,1,1
Crown Zenith,Liepard,078/159,Reverse Holo,Rare,Pokemon Crown Zenith,Liepard [Reverse Holo] #78,crown zenith | liepard | 78 | reverse holo | ungraded,1,1
Crown Zenith,Krokorok,079/159,Normal,Uncommon,Pokemon Crown Zenith,Krokorok #79,crown zenith | krokorok | 79 |  | ungraded,1,1
Crown Zenith,Krokorok,079/159,Reverse Holo,Uncommon,Pokemon Crown Zenith,Krokorok [Reverse Holo] #79,crown zenith | krokorok | 79 | reverse holo | ungraded,2,1
Crown Zenith,Pangoro,080/159,Normal,Rare,Pokemon Crown Zenith,Pangoro #80,crown zenith | pangoro | 80 |  | ungraded,1,1
Crown Zenith,Skrelp,081/159,Normal,Common,Pokemon Crown Zenith,Skrelp #81,crown zenith | skrelp | 81 |  | ungraded,1,1
Crown Zenith,Dragalge,082/159,Normal,Rare,Pokemon Crown Zenith,Dragalge #82,crown zenith | dragalge | 82 |  | ungraded,1,1
Crown Zenith,Dragalge,082/159,Reverse Holo,Rare,Pokemon Crown Zenith,Dragalge [Reverse Holo] #82,crown zenith | dragalge | 82 | reverse holo | ungraded,1,1
Crown Zenith,Hoopa,083/159,Normal Holo,Rare Holo,Pokemon Crown Zenith,Hoopa [Holo] #83,crown zenith | hoopa | 83 | holo | ungraded,4,0
Crown Zenith,Hoopa,083/159,Reverse Holo,Rare Holo,Pokemon Crown Zenith,Hoopa [Reverse Holo] #83,crown zenith | hoopa | 83 | reverse holo | ungraded,1,1
Crown Zenith,Galarian Meowth,084/159,Normal,Common,Pokemon Crown Zenith,Galarian Meowth #84,crown zenith | galarian meowth | 84 |  | ungraded,1,1
Crown Zenith,Galarian Perrserker,085/159,Normal,Rare,Pokemon Crown Zenith,Galarian Perrserker #85,crown zenith | galarian perrserker | 85 |  | ungraded,1,1
Crown Zenith,Scizor,086/159,Normal,Rare,Pokemon Crown Zenith,Scizor #86,crown zenith | scizor | 86 |  | ungraded,1,1
Crown Zenith,Aron,087/159,Normal,Common,Pokemon Crown Zenith,Aron #87,crown zenith | aron | 87 |  | ungraded,1,1
Crown Zenith,Aron,087/159,Reverse Holo,Common,Pokemon Crown Zenith,Aron [Reverse Holo] #87,crown zenith | aron | 87 | reverse holo | ungraded,2,1
Crown Zenith,Lairon,088/159,Normal,Uncommon,Pokemon Crown Zenith,Lairon #88,crown zenith | lairon | 88 |  | ungraded,1,1
Crown Zenith,Aggron,089/159,Normal Holo,Rare Holo,Pokemon Crown Zenith,Aggron [Holo] #89,crown zenith | aggron | 89 | holo | ungraded,1,0
Crown Zenith,Aggron,089/159,Reverse Holo,Rare Holo,Pokemon Crown Zenith,Aggron [Reverse Holo] #89,crown zenith | aggron | 89 | reverse holo | ungraded,1,1
Crown Zenith,Metang,090/159,Normal,Uncommon,Pokemon Crown Zenith,Metang #90,crown zenith | metang | 90 |  | ungraded,1,1
Crown Zenith,Metang,090/159,Reverse Holo,Uncommon,Pokemon Crown Zenith,Metang [Reverse Holo] #90,crown zenith | metang | 90 | reverse holo | ungraded,1,1
Crown Zenith,Pawniard,091/159,Normal,Common,Pokemon Crown Zenith,Pawniard #91,crown zenith | pawniard | 91 |  | ungraded,1,1
Crown Zenith,Pawniard,091/159,Reverse Holo,Common,Pokemon Crown Zenith,Pawniard [Reverse Holo] #91,crown zenith | pawniard | 91 | reverse holo | ungraded,1,1
Crown Zenith,Pawniard,092/159,Normal,Common,Pokemon Crown Zenith,Pawniard #92,crown zenith | pawniard | 92 |  | ungraded,1,1
Crown Zenith,Bisharp,093/159,Normal,Uncommon,Pokemon Crown Zenith,Bisharp #93,crown zenith | bisharp | 93 |  | ungraded,1,1
Crown Zenith,Bisharp,093/159,Reverse Holo,Uncommon,Pokemon Crown Zenith,Bisharp [Reverse Holo] #93,crown zenith | bisharp | 93 | reverse holo | ungraded,2,1
Crown Zenith,Zacian VSTAR,096/159,Normal Holo,Holo Rare VSTAR,Pokemon Crown Zenith,Zacian VSTAR [Holo] #96,crown zenith | zacian vstar | 96 | holo | ungraded,2,0
Crown Zenith,Zamazenta,097/159,Normal Holo,Rare Holo,Pokemon Crown Zenith,Zamazenta [Holo] #97,crown zenith | zamazenta | 97 | holo | ungraded,1,0
Crown Zenith,Zamazenta,097/159,Reverse Holo,Rare Holo,Pokemon Crown Zenith,Zamazenta [Reverse Holo] #97,crown zenith | zamazenta | 97 | reverse holo | ungraded,1,1
Crown Zenith,Rayquaza V,100/159,Normal Holo,Holo Rare V,Pokemon Crown Zenith,Rayquaza V [Holo] #100,crown zenith | rayquaza v | 100 | holo | ungraded,1,0
Crown Zenith,Rayquaza VMAX,102/159,Normal Holo,Holo Rare VMAX,Pokemon Crown Zenith,Rayquaza VMAX [Holo] #102,crown zenith | rayquaza vmax | 102 | holo | ungraded,1,0
Crown Zenith,Duraludon V,103/159,Normal Holo,Holo Rare V,Pokemon Crown Zenith,Duraludon V [Holo] #103,crown zenith | duraludon v | 103 | holo | ungraded,1,0
Crown Zenith,Radiant Eternatus,105/159,Normal Holo,Radiant Rare,Pokemon Crown Zenith,Radiant Eternatus [Holo] #105,crown zenith | radiant eternatus | 105 | holo | ungraded,2,0
Crown Zenith,Tauros,106/159,Normal,Rare,Pokemon Crown Zenith,Tauros #106,crown zenith | tauros | 106 |  | ungraded,1,1
Crown Zenith,Tauros,106/159,Reverse Holo,Rare,Pokemon Crown Zenith,Tauros [Reverse Holo] #106,crown zenith | tauros | 106 | reverse holo | ungraded,1,1
Crown Zenith,Ditto,107/159,Normal Holo,Rare Holo,Pokemon Crown Zenith,Ditto [Holo] #107,crown zenith | ditto | 107 | holo | ungraded,2,0
Crown Zenith,Eevee V,108/159,Normal Holo,Holo Rare V,Pokemon Crown Zenith,Eevee V [Holo] #108,crown zenith | eevee v | 108 | holo | ungraded,1,0
Crown Zenith,Snorlax,109/159,Normal,Rare,Pokemon Crown Zenith,Snorlax #109,crown zenith | snorlax | 109 |  | ungraded,1,1
Crown Zenith,Snorlax,109/159,Reverse Holo,Rare,Pokemon Crown Zenith,Snorlax [Reverse Holo] #109,crown zenith | snorlax | 109 | reverse holo | ungraded,2,1
Crown Zenith,Starly,110/159,Normal,Common,Pokemon Crown Zenith,Starly #110,crown zenith | starly | 110 |  | ungraded,1,1
Crown Zenith,Bidoof,111/159,Normal,Common,Pokemon Crown Zenith,Bidoof #111,crown zenith | bidoof | 111 |  | ungraded,1,1
Crown Zenith,Bidoof,111/159,Reverse Holo,Common,Pokemon Crown Zenith,Bidoof [Reverse Holo] #111,crown zenith | bidoof | 111 | reverse holo | ungraded,2,1
Crown Zenith,Chatot,112/159,Normal,Common,Pokemon Crown Zenith,Chatot #112,crown zenith | chatot | 112 |  | ungraded,1,1
Crown Zenith,Shaymin,115/159,Normal,Uncommon,Pokemon Crown Zenith,Shaymin #115,crown zenith | shaymin | 115 |  | ungraded,1,1
Crown Zenith,Stoutland V,116/159,Normal Holo,Holo Rare V,Pokemon Crown Zenith,Stoutland V [Holo] #116,crown zenith | stoutland v | 116 | holo | ungraded,2,0
Crown Zenith,Yungoos,117/159,Normal,Common,Pokemon Crown Zenith,Yungoos #117,crown zenith | yungoos | 117 |  | ungraded,1,1
Crown Zenith,Gumshoos,118/159,Normal,Rare,Pokemon Crown Zenith,Gumshoos #118,crown zenith | gumshoos | 118 |  | ungraded,1,1
Crown Zenith,Gumshoos,118/159,Reverse Holo,Rare,Pokemon Crown Zenith,Gumshoos [Reverse Holo] #118,crown zenith | gumshoos | 118 | reverse holo | ungraded,2,1
Crown Zenith,Oranguru,119/159,Normal,Rare,Pokemon Crown Zenith,Oranguru #119,crown zenith | oranguru | 119 |  | ungraded,1,1
Crown Zenith,Greedent V,120/159,Normal Holo,Holo Rare V,Pokemon Crown Zenith,Greedent V [Holo] #120,crown zenith | greedent v | 120 | holo | ungraded,1,0
Crown Zenith,Wooloo,121/159,Normal,Common,Pokemon Crown Zenith,Wooloo #121,crown zenith | wooloo | 121 |  | ungraded,1,1
Crown Zenith,Dubwool,122/159,Normal,Rare,Pokemon Crown Zenith,Dubwool #122,crown zenith | dubwool | 122 |  | ungraded,1,1
Crown Zenith,Bede,124/159,Normal Holo,Rare Holo,Pokemon Crown Zenith,Bede [Holo] #124,crown zenith | bede | 124 | holo | ungraded,2,0
Crown Zenith,Crushing Hammer,125/159,Normal,Uncommon,Pokemon Crown Zenith,Crushing Hammer #125,crown zenith | crushing hammer | 125 |  | ungraded,1,1
Crown Zenith,Crushing Hammer,125/159,Reverse Holo,Uncommon,Pokemon Crown Zenith,Crushing Hammer [Reverse Holo] #125,crown zenith | crushing hammer | 125 | reverse holo | ungraded,1,1
Crown Zenith,Digging Duo,126/159,Normal,Uncommon,Pokemon Crown Zenith,Digging Duo #126,crown zenith | digging duo | 126 |  | ungraded,1,1
Crown Zenith,Energy Retrieval,127/159,Normal,Common,Pokemon Crown Zenith,Energy Retrieval #127,crown zenith | energy retrieval | 127 |  | ungraded,1,1
Crown Zenith,Energy Retrieval,127/159,Reverse Holo,Common,Pokemon Crown Zenith,Energy Retrieval [Reverse Holo] #127,crown zenith | energy retrieval | 127 | reverse holo | ungraded,1,1
Crown Zenith,Energy Search,128/159,Normal,Common,Pokemon Crown Zenith,Energy Search #128,crown zenith | energy search | 128 |  | ungraded,1,1
Crown Zenith,Energy Search,128/159,Reverse Holo,Common,Pokemon Crown Zenith,Energy Search [Reverse Holo] #128,crown zenith | energy search | 128 | reverse holo | ungraded,2,1
Crown Zenith,Energy Switch,129/159,Normal,Uncommon,Pokemon Crown Zenith,Energy Switch #129,crown zenith | energy switch | 129 |  | ungraded,1,1
Crown Zenith,Friends in Hisui,130/159,Normal,Uncommon,Pokemon Crown Zenith,Friends in Hisui #130,crown zenith | friends in hisui | 130 |  | ungraded,1,1
Crown Zenith,Friends in Hisui,130/159,Reverse Holo,Uncommon,Pokemon Crown Zenith,Friends in Hisui [Reverse Holo] #130,crown zenith | friends in hisui | 130 | reverse holo | ungraded,1,1
Crown Zenith,Friends in Sinnoh,131/159,Normal,Uncommon,Pokemon Crown Zenith,Friends in Sinnoh #131,crown zenith | friends in sinnoh | 131 |  | ungraded,1,1
Crown Zenith,Friends in Sinnoh,131/159,Reverse Holo,Uncommon,Pokemon Crown Zenith,Friends in Sinnoh [Reverse Holo] #131,crown zenith | friends in sinnoh | 131 | reverse holo | ungraded,1,1
Crown Zenith,Great Ball,132/159,Normal,Uncommon,Pokemon Crown Zenith,Great Ball #132,crown zenith | great ball | 132 |  | ungraded,1,1
Crown Zenith,Great Ball,132/159,Reverse Holo,Uncommon,Pokemon Crown Zenith,Great Ball [Reverse Holo] #132,crown zenith | great ball | 132 | reverse holo | ungraded,1,1
Crown Zenith,Lost Vacuum,135/159,Normal,Uncommon,Pokemon Crown Zenith,Lost Vacuum #135,crown zenith | lost vacuum | 135 |  | ungraded,1,1
Crown Zenith,Lost Vacuum,135/159,Reverse Holo,Uncommon,Pokemon Crown Zenith,Lost Vacuum [Reverse Holo] #135,crown zenith | lost vacuum | 135 | reverse holo | ungraded,2,1
Crown Zenith,Nessa,136/159,Reverse Holo,Rare Holo,Pokemon Crown Zenith,Nessa [Reverse Holo] #136,crown zenith | nessa | 136 | reverse holo | ungraded,1,1
Crown Zenith,Poké Ball,137/159,Normal,Common,Pokemon Crown Zenith,Poké Ball #137,crown zenith | poke ball | 137 |  | ungraded,1,1
Crown Zenith,Pokémon Catcher,138/159,Normal,Uncommon,Pokemon Crown Zenith,Pokémon Catcher #138,crown zenith | pokemon catcher | 138 |  | ungraded,1,1
Crown Zenith,Pokémon Catcher,138/159,Reverse Holo,Uncommon,Pokemon Crown Zenith,Pokémon Catcher [Reverse Holo] #138,crown zenith | pokemon catcher | 138 | reverse holo | ungraded,1,1
Crown Zenith,Potion,139/159,Normal,Common,Pokemon Crown Zenith,Potion #139,crown zenith | potion | 139 |  | ungraded,1,1
Crown Zenith,Raihan,140/159,Normal Holo,Rare Holo,Pokemon Crown Zenith,Raihan [Holo] #140,crown zenith | raihan | 140 | holo | ungraded,1,0
Crown Zenith,Rare Candy,141/159,Normal,Uncommon,Pokemon Crown Zenith,Rare Candy #141,crown zenith | rare candy | 141 |  | ungraded,1,1
Crown Zenith,Rescue Carrier,142/159,Normal,Uncommon,Pokemon Crown Zenith,Rescue Carrier #142,crown zenith | rescue carrier | 142 |  | ungraded,1,1
Crown Zenith,Sky Seal Stone,143/159,Normal Holo,Rare Holo,Pokemon Crown Zenith,Sky Seal Stone [Holo] #143,crown zenith | sky seal stone | 143 | holo | ungraded,2,0
Crown Zenith,Switch,144/159,Normal,Common,Pokemon Crown Zenith,Switch #144,crown zenith | switch | 144 |  | ungraded,1,1
Crown Zenith,Switch,144/159,Reverse Holo,Common,Pokemon Crown Zenith,Switch [Reverse Holo] #144,crown zenith | switch | 144 | reverse holo | ungraded,1,1
Crown Zenith,Trekking Shoes,145/159,Normal,Uncommon,Pokemon Crown Zenith,Trekking Shoes #145,crown zenith | trekking shoes | 145 |  | ungraded,1,1
Crown Zenith,Trekking Shoes,145/159,Reverse Holo,Uncommon,Pokemon Crown Zenith,Trekking Shoes [Reverse Holo] #145,crown zenith | trekking shoes | 145 | reverse holo | ungraded,2,1
Crown Zenith,Ultra Ball,146/159,Normal,Uncommon,Pokemon Crown Zenith,Ultra Ball #146,crown zenith | ultra ball | 146 |  | ungraded,1,1
Crown Zenith,Friends in Hisui,148/159,Normal Holo,Rare Ultra,Pokemon Crown Zenith,Friends in Hisui [Holo] #148,crown zenith | friends in hisui | 148 | holo | ungraded,1,0
Crown Zenith,Professor's Research,150/159,Normal Holo,Rare Ultra,Pokemon Crown Zenith,Professor's Research [Holo] #150,crown zenith | professor s research | 150 | holo | ungraded,1,0
Crown Zenith,Volo,151/159,Normal Holo,Rare Ultra,Pokemon Crown Zenith,Volo [Holo] #151,crown zenith | volo | 151 | holo | ungraded,1,0
Crown Zenith,Darkness Energy,158/159,Normal Holo,Rare Ultra,Pokemon Crown Zenith,Darkness Energy [Holo] #158,crown zenith | darkness energy | 158 | holo | ungraded,1,1
Crown Zenith,Pikachu,160/159,Normal Holo,Rare Secret,Pokemon Crown Zenith,Pikachu [Holo] #160,crown zenith | pikachu | 160 | holo | ungraded,1,0
Crown Zenith,Hisuian Voltorb,GG01/GG70,Normal Holo,Rare Holo,Pokemon Crown Zenith,Hisuian Voltorb [Holo] #GG01,crown zenith | hisuian voltorb | gg01 | holo | ungraded,1,0
Crown Zenith,Kricketune,GG02/GG70,Normal Holo,Rare Holo,Pokemon Crown Zenith,Kricketune [Holo] #GG02,crown zenith | kricketune | gg02 | holo | ungraded,1,0
Crown Zenith,Lapras,GG05/GG70,Normal Holo,Rare Holo,Pokemon Crown Zenith,Lapras [Holo] #GG05,crown zenith | lapras | gg05 | holo | ungraded,1,0
Crown Zenith,Keldeo,GG07/GG70,Normal Holo,Rare Holo,Pokemon Crown Zenith,Keldeo [Holo] #GG07,crown zenith | keldeo | gg07 | holo | ungraded,1,0
Crown Zenith,Electivire,GG08/GG70,Normal Holo,Rare Holo,Pokemon Crown Zenith,Electivire [Holo] #GG08,crown zenith | electivire | gg08 | holo | ungraded,1,0
Crown Zenith,Toxtricity,GG09/GG70,Normal Holo,Rare Holo,Pokemon Crown Zenith,Toxtricity [Holo] #GG09,crown zenith | toxtricity | gg09 | holo | ungraded,1,0
Crown Zenith,Mew,GG10/GG70,Normal Holo,Rare Holo,Pokemon Crown Zenith,Mew [Holo] #GG10,crown zenith | mew | gg10 | holo | ungraded,2,0
Crown Zenith,Lunatone,GG11/GG70,Normal Holo,Rare Holo,Pokemon Crown Zenith,Lunatone [Holo] #GG11,crown zenith | lunatone | gg11 | holo | ungraded,1,0
Crown Zenith,Diancie,GG13/GG70,Normal Holo,Rare Holo,Pokemon Crown Zenith,Diancie [Holo] #GG13,crown zenith | diancie | gg13 | holo | ungraded,1,0
Crown Zenith,Solrock,GG15/GG70,Normal Holo,Rare Holo,Pokemon Crown Zenith,Solrock [Holo] #GG15,crown zenith | solrock | gg15 | holo | ungraded,1,0
Crown Zenith,Absol,GG16/GG70,Normal Holo,Rare Holo,Pokemon Crown Zenith,Absol [Holo] #GG16,crown zenith | absol | gg16 | holo | ungraded,1,0
Crown Zenith,Thievul,GG17/GG70,Normal Holo,Rare Holo,Pokemon Crown Zenith,Thievul [Holo] #GG17,crown zenith | thievul | gg17 | holo | ungraded,3,0
Crown Zenith,Altaria,GG19/GG70,Normal Holo,Rare Holo,Pokemon Crown Zenith,Altaria [Holo] #GG19,crown zenith | altaria | gg19 | holo | ungraded,2,0
Crown Zenith,Latias,GG20/GG70,Normal Holo,Rare Holo,Pokemon Crown Zenith,Latias [Holo] #GG20,crown zenith | latias | gg20 | holo | ungraded,2,0
Crown Zenith,Ditto,GG22/GG70,Normal Holo,Rare Holo,Pokemon Crown Zenith,Ditto [Holo] #GG22,crown zenith | ditto | gg22 | holo | ungraded,1,0
Crown Zenith,Miltank,GG24/GG70,Normal Holo,Rare Holo,Pokemon Crown Zenith,Miltank [Holo] #GG24,crown zenith | miltank | gg24 | holo | ungraded,1,0
Crown Zenith,Bibarel,GG25/GG70,Normal Holo,Rare Holo,Pokemon Crown Zenith,Bibarel [Holo] #GG25,crown zenith | bibarel | gg25 | holo | ungraded,1,0
Crown Zenith,Riolu,GG26/GG70,Normal Holo,Rare Holo,Pokemon Crown Zenith,Riolu [Holo] #GG26,crown zenith | riolu | gg26 | holo | ungraded,1,0
Crown Zenith,Swablu,GG27/GG70,Normal Holo,Rare Holo,Pokemon Crown Zenith,Swablu [Holo] #GG27,crown zenith | swablu | gg27 | holo | ungraded,3,0
Crown Zenith,Duskull,GG28/GG70,Normal Holo,Rare Holo,Pokemon Crown Zenith,Duskull [Holo] #GG28,crown zenith | duskull | gg28 | holo | ungraded,4,0
Crown Zenith,Pikachu,GG30/GG70,Normal Holo,Rare Holo,Pokemon Crown Zenith,Pikachu [Holo] #GG30,crown zenith | pikachu | gg30 | holo | ungraded,1,0
Crown Zenith,Paras,GG32/GG70,Normal Holo,Rare Holo,Pokemon Crown Zenith,Paras [Holo] #GG32,crown zenith | paras | gg32 | holo | ungraded,1,0
Crown Zenith,Entei V,GG36/GG70,Normal Holo,Holo Rare V,Pokemon Crown Zenith,Entei V [Holo] #GG36,crown zenith | entei v | gg36 | holo | ungraded,2,0
Crown Zenith,Simisear VSTAR,GG37/GG70,Normal Holo,Holo Rare VSTAR,Pokemon Crown Zenith,Simisear VSTAR [Holo] #GG37,crown zenith | simisear vstar | gg37 | holo | ungraded,1,0
Crown Zenith,Raikou V,GG41/GG70,Normal Holo,Holo Rare V,Pokemon Crown Zenith,Raikou V [Holo] #GG41,crown zenith | raikou v | gg41 | holo | ungraded,1,0
Crown Zenith,Zeraora VMAX,GG42/GG70,Normal Holo,Holo Rare VMAX,Pokemon Crown Zenith,Zeraora VMAX [Holo] #GG42,crown zenith | zeraora vmax | gg42 | holo | ungraded,1,0
Crown Zenith,Mewtwo VSTAR,GG44/GG70,Normal Holo,Holo Rare VSTAR,Pokemon Crown Zenith,Mewtwo VSTAR [Holo] #GG44,crown zenith | mewtwo vstar | gg44 | holo | ungraded,1,0
Crown Zenith,Hatterene VMAX,GG47/GG70,Normal Holo,Holo Rare VMAX,Pokemon Crown Zenith,Hatterene VMAX [Holo] #GG47,crown zenith | hatterene vmax | gg47 | holo | ungraded,2,0
Crown Zenith,Darkrai VSTAR,GG50/GG70,Normal Holo,Holo Rare VSTAR,Pokemon Crown Zenith,Darkrai VSTAR [Holo] #GG50,crown zenith | darkrai vstar | gg50 | holo | ungraded,1,0
Crown Zenith,Hisuian Samurott VSTAR,GG52/GG70,Normal Holo,Holo Rare VSTAR,Pokemon Crown Zenith,Hisuian Samurott VSTAR [Holo] #GG52,crown zenith | hisuian samurott vstar | gg52 | holo | ungraded,1,0
Crown Zenith,Regigigas VSTAR,GG55/GG70,Normal Holo,Holo Rare VSTAR,Pokemon Crown Zenith,Regigigas VSTAR [Holo] #GG55,crown zenith | regigigas vstar | gg55 | holo | ungraded,1,0
Crown Zenith,Adaman,GG57/GG70,Normal Holo,Rare Ultra,Pokemon Crown Zenith,Adaman [Holo] #GG57,crown zenith | adaman | gg57 | holo | ungraded,1,0
Crown Zenith,Cheren's Care,GG58/GG70,Normal Holo,Rare Ultra,Pokemon Crown Zenith,Cheren's Care [Holo] #GG58,crown zenith | cheren s care | gg58 | holo | ungraded,1,0
Crown Zenith,Grant,GG62/GG70,Normal Holo,Rare Ultra,Pokemon Crown Zenith,Grant [Holo] #GG62,crown zenith | grant | gg62 | holo | ungraded,2,0
Crown Zenith,Origin Forme Dialga VSTAR,GG68/GG70,Normal Holo,Rare Secret,Pokemon Crown Zenith,Origin Forme Dialga VSTAR [Holo] #GG68,crown zenith | origin forme dialga vstar | gg68 | holo | ungraded,1,0
Scarlet & Violet Promos,Sprigatito,001,Mirage Holo,Promo,Pokemon Promo,Sprigatito #1,promo | sprigatito | 1 |  | ungraded,1,1
Scarlet & Violet Promos,Fuecoco,002,Mirage Holo,Promo,Pokemon Promo,Fuecoco #2,promo | fuecoco | 2 |  | ungraded,1,1
Scarlet & Violet Promos,Miraidon ex,028,Holo,Promo,Pokemon Promo,Miraidon ex #28,promo | miraidon ex | 28 |  | ungraded,1,1
Scarlet & Violet Promos,Koraidon ex,029,Holo,Promo,Pokemon Promo,Koraidon ex #29,promo | koraidon ex | 29 |  | ungraded,1,1
Scarlet & Violet Promos,Annihilape ex,032,Promo,Promo,Pokemon Promo,Annihilape ex #32,promo | annihilape ex | 32 |  | ungraded,1,1
Scarlet & Violet Promos,Meowscarada ex,033,Holo,Promo,Pokemon Promo,Meowscarada ex #33,promo | meowscarada ex | 33 |  | ungraded,1,0
Scarlet & Violet Promos,Skeledirge ex,034,Holo,Promo,Pokemon Promo,Skeledirge ex #34,promo | skeledirge ex | 34 |  | ungraded,1,1
Scarlet & Violet Promos,Quaquaval ex,035,Holo,Promo,Pokemon Promo,Quaquaval ex #35,promo | quaquaval ex | 35 |  | ungraded,1,1
Scarlet & Violet Promos,Paldean Wooper,041,Cosmos Holo,Promo,Pokemon Promo,Paldean Wooper [Cosmos Holo] #41,promo | paldean wooper | 41 | cosmos holo | ungraded,1,0
Scarlet & Violet Promos,Houndstone,042,Cosmos Holo,Promo,Pokemon Promo,Houndstone [Cosmos Holo] #42,promo | houndstone | 42 | cosmos holo | ungraded,1,0
Scarlet & Violet Promos,Eevee,043,Cosmos Holo,Promo,Pokemon Promo,Eevee [Cosmos Holo] #43,promo | eevee | 43 | cosmos holo | ungraded,1,0
Scarlet & Violet Promos,Charmander,044,Holo,Promo,Pokemon Promo,Charmander #44,promo | charmander | 44 |  | ungraded,1,1
Scarlet & Violet Promos,Snorlax,051,Holo,Promo,Pokemon Promo,Snorlax #51,promo | snorlax | 51 |  | ungraded,1,1
Silver Tempest,Venonat,001/195,Reverse Holo,Common,Pokemon Silver Tempest,Venonat [Reverse Holo] #1,silver tempest | venonat | 1 | reverse holo | ungraded,3,1
Silver Tempest,Venomoth,002/195,Reverse Holo,Uncommon,Pokemon Silver Tempest,Venomoth [Reverse Holo] #2,silver tempest | venomoth | 2 | reverse holo | ungraded,1,1
Silver Tempest,Ariados,004/195,Reverse Holo,Rare Holo,Pokemon Silver Tempest,Ariados [Reverse Holo] #4,silver tempest | ariados | 4 | reverse holo | ungraded,1,1
Silver Tempest,Hisuian Lilligant,010/195,Reverse Holo,Rare,Pokemon Silver Tempest,Hisuian Lilligant [Reverse Holo] #10,silver tempest | hisuian lilligant | 10 | reverse holo | ungraded,1,0
Silver Tempest,Foongus,011/195,Reverse Holo,Common,Pokemon Silver Tempest,Foongus [Reverse Holo] #11,silver tempest | foongus | 11 | reverse holo | ungraded,2,1
Silver Tempest,Amoonguss,012/195,Reverse Holo,Rare,Pokemon Silver Tempest,Amoonguss [Reverse Holo] #12,silver tempest | amoonguss | 12 | reverse holo | ungraded,1,0
Silver Tempest,Durant,013/195,Reverse Holo,Common,Pokemon Silver Tempest,Durant [Reverse Holo] #13,silver tempest | durant | 13 | reverse holo | ungraded,2,1
Silver Tempest,Chesnaught V,015/195,Normal Holo,Holo Rare V,Pokemon Silver Tempest,Chesnaught V [Holo] #15,silver tempest | chesnaught v | 15 | holo | ungraded,2,0
Silver Tempest,Radiant Tsareena,016/195,Normal Holo,Radiant Rare,Pokemon Silver Tempest,Radiant Tsareena [Holo] #16,silver tempest | radiant tsareena | 16 | holo | ungraded,1,0
Silver Tempest,Growlithe,019/195,Reverse Holo,Common,Pokemon Silver Tempest,Growlithe [Reverse Holo] #19,silver tempest | growlithe | 19 | reverse holo | ungraded,1,1
Silver Tempest,Arcanine,020/195,Reverse Holo,Rare,Pokemon Silver Tempest,Arcanine [Reverse Holo] #20,silver tempest | arcanine | 20 | reverse holo | ungraded,2,0
Silver Tempest,Ponyta,021/195,Reverse Holo,Common,Pokemon Silver Tempest,Ponyta [Reverse Holo] #21,silver tempest | ponyta | 21 | reverse holo | ungraded,1,1
Silver Tempest,Rapidash,022/195,Normal Holo,Rare Holo,Pokemon Silver Tempest,Rapidash [Holo] #22,silver tempest | rapidash | 22 | holo | ungraded,3,1
Silver Tempest,Victini,023/195,Reverse Holo,Rare,Pokemon Silver Tempest,Victini [Reverse Holo] #23,silver tempest | victini | 23 | reverse holo | ungraded,1,1
Silver Tempest,Reshiram V,024/195,Normal Holo,Holo Rare V,Pokemon Silver Tempest,Reshiram V [Holo] #24,silver tempest | reshiram v | 24 | holo | ungraded,1,0
Silver Tempest,Fennekin,025/195,Reverse Holo,Common,Pokemon Silver Tempest,Fennekin [Reverse Holo] #25,silver tempest | fennekin | 25 | reverse holo | ungraded,1,1
Silver Tempest,Alolan Vulpix V,033/195,Normal Holo,Holo Rare V,Pokemon Silver Tempest,Alolan Vulpix V [Holo] #33,silver tempest | alolan vulpix v | 33 | holo | ungraded,1,0
Silver Tempest,Omastar V,035/195,Normal Holo,Holo Rare V,Pokemon Silver Tempest,Omastar V [Holo] #35,silver tempest | omastar v | 35 | holo | ungraded,3,0
Silver Tempest,Wailmer,037/195,Reverse Holo,Common,Pokemon Silver Tempest,Wailmer [Reverse Holo] #37,silver tempest | wailmer | 37 | reverse holo | ungraded,1,0
Silver Tempest,Keldeo,046/195,Reverse Holo,Rare,Pokemon Silver Tempest,Keldeo [Reverse Holo] #46,silver tempest | keldeo | 46 | reverse holo | ungraded,1,0
Silver Tempest,Dewpider,047/195,Reverse Holo,Common,Pokemon Silver Tempest,Dewpider [Reverse Holo] #47,silver tempest | dewpider | 47 | reverse holo | ungraded,1,0
Silver Tempest,Raichu,050/195,Reverse Holo,Uncommon,Pokemon Silver Tempest,Raichu [Reverse Holo] #50,silver tempest | raichu | 50 | reverse holo | ungraded,1,1
Silver Tempest,Lanturn,052/195,Reverse Holo,Uncommon,Pokemon Silver Tempest,Lanturn [Reverse Holo] #52,silver tempest | lanturn | 52 | reverse holo | ungraded,2,1
Silver Tempest,Emolga,054/195,Reverse Holo,Common,Pokemon Silver Tempest,Emolga [Reverse Holo] #54,silver tempest | emolga | 54 | reverse holo | ungraded,2,1
Silver Tempest,Stunfisk,055/195,Reverse Holo,Common,Pokemon Silver Tempest,Stunfisk [Reverse Holo] #55,silver tempest | stunfisk | 55 | reverse holo | ungraded,2,0
Silver Tempest,Regieleki VMAX,058/195,Normal Holo,Holo Rare VMAX,Pokemon Silver Tempest,Regieleki VMAX [Holo] #58,silver tempest | regieleki vmax | 58 | holo | ungraded,1,0
Silver Tempest,Radiant Alakazam,059/195,Normal Holo,Radiant Rare,Pokemon Silver Tempest,Radiant Alakazam [Holo] #59,silver tempest | radiant alakazam | 59 | holo | ungraded,1,0
Silver Tempest,Hypno,061/195,Reverse Holo,Uncommon,Pokemon Silver Tempest,Hypno [Reverse Holo] #61,silver tempest | hypno | 61 | reverse holo | ungraded,1,1
Silver Tempest,Jynx,062/195,Reverse Holo,Uncommon,Pokemon Silver Tempest,Jynx [Reverse Holo] #62,silver tempest | jynx | 62 | reverse holo | ungraded,2,1
Silver Tempest,Mismagius,064/195,Reverse Holo,Rare,Pokemon Silver Tempest,Mismagius [Reverse Holo] #64,silver tempest | mismagius | 64 | reverse holo | ungraded,2,1
Silver Tempest,Unown V,065/195,Normal Holo,Holo Rare V,Pokemon Silver Tempest,Unown V [Holo] #65,silver tempest | unown v | 65 | holo | ungraded,2,0
Silver Tempest,Ralts,067/195,Reverse Holo,Common,Pokemon Silver Tempest,Ralts [Reverse Holo] #67,silver tempest | ralts | 67 | reverse holo | ungraded,1,1
Silver Tempest,Mawile VSTAR,071/195,Normal Holo,Holo Rare VSTAR,Pokemon Silver Tempest,Mawile VSTAR [Holo] #71,silver tempest | mawile vstar | 71 | holo | ungraded,2,0
Silver Tempest,Chimecho,074/195,Reverse Holo,Common,Pokemon Silver Tempest,Chimecho [Reverse Holo] #74,silver tempest | chimecho | 74 | reverse holo | ungraded,1,0
Silver Tempest,Sigilyph,075/195,Reverse Holo,Uncommon,Pokemon Silver Tempest,Sigilyph [Reverse Holo] #75,silver tempest | sigilyph | 75 | reverse holo | ungraded,1,1
Silver Tempest,Reuniclus,078/195,Normal Holo,Rare Holo,Pokemon Silver Tempest,Reuniclus [Holo] #78,silver tempest | reuniclus | 78 | holo | ungraded,2,0
Silver Tempest,Reuniclus,078/195,Reverse Holo,Rare Holo,Pokemon Silver Tempest,Reuniclus [Reverse Holo] #78,silver tempest | reuniclus | 78 | reverse holo | ungraded,2,1
Silver Tempest,Espurr,081/195,Reverse Holo,Common,Pokemon Silver Tempest,Espurr [Reverse Holo] #81,silver tempest | espurr | 81 | reverse holo | ungraded,2,1
Silver Tempest,Swirlix,083/195,Reverse Holo,Common,Pokemon Silver Tempest,Swirlix [Reverse Holo] #83,silver tempest | swirlix | 83 | reverse holo | ungraded,1,0
Silver Tempest,Dedenne,085/195,Reverse Holo,Uncommon,Pokemon Silver Tempest,Dedenne [Reverse Holo] #85,silver tempest | dedenne | 85 | reverse holo | ungraded,1,1
Silver Tempest,Drakloak,088/195,Reverse Holo,Uncommon,Pokemon Silver Tempest,Drakloak [Reverse Holo] #88,silver tempest | drakloak | 88 | reverse holo | ungraded,1,0
Silver Tempest,Dragapult,089/195,Normal Holo,Rare Holo,Pokemon Silver Tempest,Dragapult [Holo] #89,silver tempest | dragapult | 89 | holo | ungraded,2,0
Silver Tempest,Phanpy,091/195,Reverse Holo,Common,Pokemon Silver Tempest,Phanpy [Reverse Holo] #91,silver tempest | phanpy | 91 | reverse holo | ungraded,2,1
Silver Tempest,Donphan,092/195,Reverse Holo,Uncommon,Pokemon Silver Tempest,Donphan [Reverse Holo] #92,silver tempest | donphan | 92 | reverse holo | ungraded,2,0
Silver Tempest,Claydol,094/195,Reverse Holo,Uncommon,Pokemon Silver Tempest,Claydol [Reverse Holo] #94,silver tempest | claydol | 94 | reverse holo | ungraded,1,1
Silver Tempest,Terrakion,097/195,Normal Holo,Rare Holo,Pokemon Silver Tempest,Terrakion [Holo] #97,silver tempest | terrakion | 97 | holo | ungraded,3,0
Silver Tempest,Sandygast,099/195,Reverse Holo,Common,Pokemon Silver Tempest,Sandygast [Reverse Holo] #99,silver tempest | sandygast | 99 | reverse holo | ungraded,2,1
Silver Tempest,Palossand,100/195,Reverse Holo,Uncommon,Pokemon Silver Tempest,Palossand [Reverse Holo] #100,silver tempest | palossand | 100 | reverse holo | ungraded,2,1
Silver Tempest,Zubat,103/195,Reverse Holo,Common,Pokemon Silver Tempest,Zubat [Reverse Holo] #103,silver tempest | zubat | 103 | reverse holo | ungraded,1,0
Silver Tempest,Zubat,103/195,Trick or Trade 2023,Common,Pokemon Trick or Trade 2023,Zubat #103,trick or trade 2023 | zubat | 103 |  | ungraded,1,1
Silver Tempest,Crobat,105/195,Normal Holo,Rare Holo,Pokemon Silver Tempest,Crobat [Holo] #105,silver tempest | crobat | 105 | holo | ungraded,2,0
Silver Tempest,Skuntank V,108/195,Normal Holo,Holo Rare V,Pokemon Silver Tempest,Skuntank V [Holo] #108,silver tempest | skuntank v | 108 | holo | ungraded,1,0
Silver Tempest,Toxicroak,110/195,Reverse Holo,Uncommon,Pokemon Silver Tempest,Toxicroak [Reverse Holo] #110,silver tempest | toxicroak | 110 | reverse holo | ungraded,1,0
Silver Tempest,Krokorok,112/195,Reverse Holo,Uncommon,Pokemon Silver Tempest,Krokorok [Reverse Holo] #112,silver tempest | krokorok | 112 | reverse holo | ungraded,3,1
Silver Tempest,Krookodile,113/195,Normal Holo,Rare Holo,Pokemon Silver Tempest,Krookodile [Holo] #113,silver tempest | krookodile | 113 | holo | ungraded,1,0
Silver Tempest,Krookodile,113/195,Reverse Holo,Rare Holo,Pokemon Silver Tempest,Krookodile [Reverse Holo] #113,silver tempest | krookodile | 113 | reverse holo | ungraded,1,1
Silver Tempest,Morpeko,116/195,Reverse Holo,Uncommon,Pokemon Silver Tempest,Morpeko [Reverse Holo] #116,silver tempest | morpeko | 116 | reverse holo | ungraded,3,1
Silver Tempest,Beldum,117/195,Reverse Holo,Common,Pokemon Silver Tempest,Beldum [Reverse Holo] #117,silver tempest | beldum | 117 | reverse holo | ungraded,1,1
Silver Tempest,Radiant Jirachi,120/195,Normal Holo,Radiant Rare,Pokemon Silver Tempest,Radiant Jirachi [Holo] #120,silver tempest | radiant jirachi | 120 | holo | ungraded,2,1
Silver Tempest,Ferroseed,121/195,Reverse Holo,Common,Pokemon Silver Tempest,Ferroseed [Reverse Holo] #121,silver tempest | ferroseed | 121 | reverse holo | ungraded,1,0
Silver Tempest,Ferrothorn,122/195,Reverse Holo,Uncommon,Pokemon Silver Tempest,Ferrothorn [Reverse Holo] #122,silver tempest | ferrothorn | 122 | reverse holo | ungraded,2,1
Silver Tempest,Klink,123/195,Reverse Holo,Common,Pokemon Silver Tempest,Klink [Reverse Holo] #123,silver tempest | klink | 123 | reverse holo | ungraded,1,0
Silver Tempest,Klang,124/195,Reverse Holo,Uncommon,Pokemon Silver Tempest,Klang [Reverse Holo] #124,silver tempest | klang | 124 | reverse holo | ungraded,1,0
Silver Tempest,Cobalion,126/195,Reverse Holo,Rare,Pokemon Silver Tempest,Cobalion [Reverse Holo] #126,silver tempest | cobalion | 126 | reverse holo | ungraded,1,0
Silver Tempest,Magearna V,128/195,Normal Holo,Holo Rare V,Pokemon Silver Tempest,Magearna V [Holo] #128,silver tempest | magearna v | 128 | holo | ungraded,2,0
Silver Tempest,Dragonite,131/195,Normal Holo,Rare Holo,Pokemon Silver Tempest,Dragonite [Holo] #131,silver tempest | dragonite | 131 | holo | ungraded,1,0
Silver Tempest,Noivern,133/195,Reverse Holo,Rare,Pokemon Silver Tempest,Noivern [Reverse Holo] #133,silver tempest | noivern | 133 | reverse holo | ungraded,1,0
Silver Tempest,Regidrago V,135/195,Normal Holo,Holo Rare V,Pokemon Silver Tempest,Regidrago V [Holo] #135,silver tempest | regidrago v | 135 | holo | ungraded,2,0
Silver Tempest,Smeargle,137/195,Reverse Holo,Common,Pokemon Silver Tempest,Smeargle [Reverse Holo] #137,silver tempest | smeargle | 137 | reverse holo | ungraded,1,0
Silver Tempest,Lugia VSTAR,139/195,Normal Holo,Holo Rare VSTAR,Pokemon Silver Tempest,Lugia VSTAR [Holo] #139,silver tempest | lugia vstar | 139 | holo | ungraded,2,0
Silver Tempest,Altaria,143/195,Reverse Holo,Uncommon,Pokemon Silver Tempest,Altaria [Reverse Holo] #143,silver tempest | altaria | 143 | reverse holo | ungraded,1,1
Silver Tempest,Buneary,144/195,Reverse Holo,Common,Pokemon Silver Tempest,Buneary [Reverse Holo] #144,silver tempest | buneary | 144 | reverse holo | ungraded,2,0
Silver Tempest,Lopunny,145/195,Reverse Holo,Uncommon,Pokemon Silver Tempest,Lopunny [Reverse Holo] #145,silver tempest | lopunny | 145 | reverse holo | ungraded,1,0
Silver Tempest,Archen,146/195,Reverse Holo,Uncommon,Pokemon Silver Tempest,Archen [Reverse Holo] #146,silver tempest | archen | 146 | reverse holo | ungraded,2,1
Silver Tempest,Archeops,147/195,Normal Holo,Rare Holo,Pokemon Silver Tempest,Archeops [Holo] #147,silver tempest | archeops | 147 | holo | ungraded,1,1
Silver Tempest,Hisuian Braviary,149/195,Reverse Holo,Rare,Pokemon Silver Tempest,Hisuian Braviary [Reverse Holo] #149,silver tempest | hisuian braviary | 149 | reverse holo | ungraded,1,0
Silver Tempest,Fletchling,150/195,Reverse Holo,Common,Pokemon Silver Tempest,Fletchling [Reverse Holo] #150,silver tempest | fletchling | 150 | reverse holo | ungraded,2,0
Silver Tempest,Candice,152/195,Reverse Holo,Uncommon,Pokemon Silver Tempest,Candice [Reverse Holo] #152,silver tempest | candice | 152 | reverse holo | ungraded,1,0
Silver Tempest,Earthen Seal Stone,154/195,Normal Holo,Rare Holo,Pokemon Silver Tempest,Earthen Seal Stone [Holo] #154,silver tempest | earthen seal stone | 154 | holo | ungraded,2,0
Silver Tempest,Furisode Girl,157/195,Reverse Holo,Uncommon,Pokemon Silver Tempest,Furisode Girl [Reverse Holo] #157,silver tempest | furisode girl | 157 | reverse holo | ungraded,1,1
Silver Tempest,Lance,159/195,Reverse Holo,Uncommon,Pokemon Silver Tempest,Lance [Reverse Holo] #159,silver tempest | lance | 159 | reverse holo | ungraded,1,1
Silver Tempest,Leafy Camo Poncho,160/195,Reverse Holo,Uncommon,Pokemon Silver Tempest,Leafy Camo Poncho [Reverse Holo] #160,silver tempest | leafy camo poncho | 160 | reverse holo | ungraded,2,1
Silver Tempest,Primordial Altar,161/195,Reverse Holo,Uncommon,Pokemon Silver Tempest,Primordial Altar [Reverse Holo] #161,silver tempest | primordial altar | 161 | reverse holo | ungraded,1,0
Silver Tempest,Professor Laventon,162/195,Reverse Holo,Uncommon,Pokemon Silver Tempest,Professor Laventon [Reverse Holo] #162,silver tempest | professor laventon | 162 | reverse holo | ungraded,1,0
Silver Tempest,Quad Stone,163/195,Reverse Holo,Uncommon,Pokemon Silver Tempest,Quad Stone [Reverse Holo] #163,silver tempest | quad stone | 163 | reverse holo | ungraded,1,0
Silver Tempest,Unidentified Fossil,165/195,Reverse Holo,Uncommon,Pokemon Silver Tempest,Unidentified Fossil [Reverse Holo] #165,silver tempest | unidentified fossil | 165 | reverse holo | ungraded,1,0
Silver Tempest,Worker,167/195,Reverse Holo,Uncommon,Pokemon Silver Tempest,Worker [Reverse Holo] #167,silver tempest | worker | 167 | reverse holo | ungraded,1,0
Silver Tempest,Regenerative Energy,168/195,Reverse Holo,Uncommon,Pokemon Silver Tempest,Regenerative Energy [Reverse Holo] #168,silver tempest | regenerative energy | 168 | reverse holo | ungraded,1,1
Silver Tempest,V Guard Energy,169/195,Reverse Holo,Uncommon,Pokemon Silver Tempest,V Guard Energy [Reverse Holo] #169,silver tempest | v guard energy | 169 | reverse holo | ungraded,1,1
Silver Tempest,Serperior V,170/195,Normal Holo,Rare Ultra,Pokemon Silver Tempest,Serperior V [Holo] #170,silver tempest | serperior v | 170 | holo | ungraded,1,0
Silver Tempest,Alolan Vulpix V,173/195,Normal Holo,Rare Ultra,Pokemon Silver Tempest,Alolan Vulpix V [Holo] #173,silver tempest | alolan vulpix v | 173 | holo | ungraded,1,0
Silver Tempest,Unown V,176/195,Normal Holo,Rare Ultra,Pokemon Silver Tempest,Unown V [Holo] #176,silver tempest | unown v | 176 | holo | ungraded,1,0
Silver Tempest,Unown V,177/195,Normal Holo,Rare Ultra,Pokemon Silver Tempest,Unown V [Holo] #177,silver tempest | unown v | 177 | holo | ungraded,1,0
Silver Tempest,Lugia VSTAR,202/195,Normal Holo,Rare Rainbow,Pokemon Silver Tempest,Lugia VSTAR [Holo] #202,silver tempest | lugia vstar | 202 | holo | ungraded,1,0
Silver Tempest,Lance,206/195,Normal Holo,Rare Rainbow,Pokemon Silver Tempest,Lance [Holo] #206,silver tempest | lance | 206 | holo | ungraded,1,0
Silver Tempest,Wallace,208/195,Normal Holo,Rare Rainbow,Pokemon Silver Tempest,Wallace [Holo] #208,silver tempest | wallace | 208 | holo | ungraded,1,0
Silver Tempest,Braixen,TG01/TG30,Normal Holo,Rare Holo,Pokemon Silver Tempest,Braixen [Holo] #TG01,silver tempest | braixen | tg01 | holo | ungraded,1,0
Silver Tempest,Milotic,TG02/TG30,Normal Holo,Rare Holo,Pokemon Silver Tempest,Milotic [Holo] #TG02,silver tempest | milotic | tg02 | holo | ungraded,2,0
Silver Tempest,Malamar,TG06/TG30,Normal Holo,Rare Holo,Pokemon Silver Tempest,Malamar [Holo] #TG06,silver tempest | malamar | tg06 | holo | ungraded,2,0
Silver Tempest,Rockruff,TG07/TG30,Normal Holo,Rare Holo,Pokemon Silver Tempest,Rockruff [Holo] #TG07,silver tempest | rockruff | tg07 | holo | ungraded,1,0
Silver Tempest,Passimian,TG08/TG30,Normal Holo,Rare Holo,Pokemon Silver Tempest,Passimian [Holo] #TG08,silver tempest | passimian | tg08 | holo | ungraded,3,0
Silver Tempest,Druddigon,TG09/TG30,Normal Holo,Rare Holo,Pokemon Silver Tempest,Druddigon [Holo] #TG09,silver tempest | druddigon | tg09 | holo | ungraded,2,0
Silver Tempest,Smeargle,TG10/TG30,Normal Holo,Rare Holo,Pokemon Silver Tempest,Smeargle [Holo] #TG10,silver tempest | smeargle | tg10 | holo | ungraded,1,0
Silver Tempest,Altaria,TG11/TG30,Normal Holo,Rare Holo,Pokemon Silver Tempest,Altaria [Holo] #TG11,silver tempest | altaria | tg11 | holo | ungraded,1,0
Silver Tempest,Blaziken VMAX,TG15/TG30,Normal Holo,Holo Rare VMAX,Pokemon Silver Tempest,Blaziken VMAX [Holo] #TG15,silver tempest | blaziken vmax | tg15 | holo | ungraded,1,0
Silver Tempest,Corviknight VMAX,TG19/TG30,Normal Holo,Holo Rare VMAX,Pokemon Silver Tempest,Corviknight VMAX [Holo] #TG19,silver tempest | corviknight vmax | tg19 | holo | ungraded,1,0
Silver Tempest,Gordie,TG24/TG30,Normal Holo,Rare Ultra,Pokemon Silver Tempest,Gordie [Holo] #TG24,silver tempest | gordie | tg24 | holo | ungraded,1,0
Silver Tempest,Raihan,TG27/TG30,Normal Holo,Rare Ultra,Pokemon Silver Tempest,Raihan [Holo] #TG27,silver tempest | raihan | tg27 | holo | ungraded,1,0
Silver Tempest,Sordward & Shielbert,TG28/TG30,Normal Holo,Rare Ultra,Pokemon Silver Tempest,Sordward & Shielbert [Holo] #TG28,silver tempest | sordward shielbert | tg28 | holo | ungraded,2,0
Silver Tempest,Rayquaza VMAX,TG29/TG30,Normal Holo,Rare Secret,Pokemon Silver Tempest,Rayquaza VMAX [Holo] #TG29,silver tempest | rayquaza vmax | tg29 | holo | ungraded,2,0
Silver Tempest,Duraludon VMAX,TG30/TG30,Normal Holo,Rare Secret,Pokemon Silver Tempest,Duraludon VMAX [Holo] #TG30,silver tempest | duraludon vmax | tg30 | holo | ungraded,1,0
Lost Origin,Oddish,001/196,Normal,Common,Pokemon Lost Origin,Oddish #1,lost origin | oddish | 1 |  | ungraded,1,1
Lost Origin,Gloom,002/196,Normal,Uncommon,Pokemon Lost Origin,Gloom #2,lost origin | gloom | 2 |  | ungraded,1,1
Lost Origin,Paras,004/196,Normal,Common,Pokemon Lost Origin,Paras #4,lost origin | paras | 4 |  | ungraded,1,1
Lost Origin,Parasect,005/196,Normal,Rare,Pokemon Lost Origin,Parasect #5,lost origin | parasect | 5 |  | ungraded,1,1
Lost Origin,Wurmple,006/196,Normal,Common,Pokemon Lost Origin,Wurmple #6,lost origin | wurmple | 6 |  | ungraded,1,1
Lost Origin,Silcoon,007/196,Normal,Uncommon,Pokemon Lost Origin,Silcoon #7,lost origin | silcoon | 7 |  | ungraded,1,1
Lost Origin,Silcoon,007/196,Reverse Holo,Uncommon,Pokemon Lost Origin,Silcoon [Reverse Holo] #7,lost origin | silcoon | 7 | reverse holo | ungraded,1,1
Lost Origin,Beautifly,008/196,Normal Holo,Rare Holo,Pokemon Lost Origin,Beautifly [Holo] #8,lost origin | beautifly | 8 | holo | ungraded,1,1
Lost Origin,Cascoon,009/196,Normal,Uncommon,Pokemon Lost Origin,Cascoon #9,lost origin | cascoon | 9 |  | ungraded,1,1
Lost Origin,Cascoon,009/196,Reverse Holo,Uncommon,Pokemon Lost Origin,Cascoon [Reverse Holo] #9,lost origin | cascoon | 9 | reverse holo | ungraded,1,1
Lost Origin,Dustox,010/196,Normal,Rare,Pokemon Lost Origin,Dustox #10,lost origin | dustox | 10 |  | ungraded,1,1
Lost Origin,Dustox,010/196,Reverse Holo,Rare,Pokemon Lost Origin,Dustox [Reverse Holo] #10,lost origin | dustox | 10 | reverse holo | ungraded,2,1
Lost Origin,Seedot,011/196,Normal,Common,Pokemon Lost Origin,Seedot #11,lost origin | seedot | 11 |  | ungraded,1,1
Lost Origin,Nuzleaf,012/196,Normal,Uncommon,Pokemon Lost Origin,Nuzleaf #12,lost origin | nuzleaf | 12 |  | ungraded,1,1
Lost Origin,Shiftry,013/196,Normal Holo,Rare Holo,Pokemon Lost Origin,Shiftry [Holo] #13,lost origin | shiftry | 13 | holo | ungraded,1,1
Lost Origin,Roselia,014/196,Normal,Common,Pokemon Lost Origin,Roselia #14,lost origin | roselia | 14 |  | ungraded,1,1
Lost Origin,Roserade,015/196,Normal,Uncommon,Pokemon Lost Origin,Roserade #15,lost origin | roserade | 15 |  | ungraded,1,1
Lost Origin,Phantump,016/196,Normal,Common,Pokemon Lost Origin,Phantump #16,lost origin | phantump | 16 |  | ungraded,1,1
Lost Origin,Phantump,016/196,Trick or Trade 2023,Common,Pokemon Trick or Trade 2023,Phantump #16,trick or trade 2023 | phantump | 16 |  | ungraded,1,1
Lost Origin,Trevenant,017/196,Normal Holo,Rare Holo,Pokemon Lost Origin,Trevenant [Holo] #17,lost origin | trevenant | 17 | holo | ungraded,2,1
Lost Origin,Trevenant,017/196,Trick or Trade 2023,Rare Holo,Pokemon Trick or Trade 2023,Trevenant [Holo] #17,trick or trade 2023 | trevenant | 17 | holo | ungraded,1,1
Lost Origin,Blipbug,018/196,Normal,Common,Pokemon Lost Origin,Blipbug #18,lost origin | blipbug | 18 |  | ungraded,1,1
Lost Origin,Blipbug,018/196,Reverse Holo,Common,Pokemon Lost Origin,Blipbug [Reverse Holo] #18,lost origin | blipbug | 18 | reverse holo | ungraded,1,1
Lost Origin,Dottler,019/196,Normal,Uncommon,Pokemon Lost Origin,Dottler #19,lost origin | dottler | 19 |  | ungraded,1,1
Lost Origin,Dottler,019/196,Reverse Holo,Uncommon,Pokemon Lost Origin,Dottler [Reverse Holo] #19,lost origin | dottler | 19 | reverse holo | ungraded,1,1
Lost Origin,Orbeetle,020/196,Normal Holo,Rare Holo,Pokemon Lost Origin,Orbeetle [Holo] #20,lost origin | orbeetle | 20 | holo | ungraded,1,1
Lost Origin,Slugma,021/196,Normal,Common,Pokemon Lost Origin,Slugma #21,lost origin | slugma | 21 |  | ungraded,1,1
Lost Origin,Magcargo,022/196,Normal,Rare,Pokemon Lost Origin,Magcargo #22,lost origin | magcargo | 22 |  | ungraded,1,1
Lost Origin,Torkoal,023/196,Normal,Uncommon,Pokemon Lost Origin,Torkoal #23,lost origin | torkoal | 23 |  | ungraded,1,1
Lost Origin,Torkoal,023/196,Reverse Holo,Uncommon,Pokemon Lost Origin,Torkoal [Reverse Holo] #23,lost origin | torkoal | 23 | reverse holo | ungraded,2,1
Lost Origin,Litwick,024/196,Normal,Common,Pokemon Lost Origin,Litwick #24,lost origin | litwick | 24 |  | ungraded,1,1
Lost Origin,Litwick,024/196,Trick or Trade 2023,Common,Pokemon Trick or Trade 2023,Litwick #24,trick or trade 2023 | litwick | 24 |  | ungraded,1,1
Lost Origin,Lampent,025/196,Normal,Uncommon,Pokemon Lost Origin,Lampent #25,lost origin | lampent | 25 |  | ungraded,1,1
Lost Origin,Lampent,025/196,Trick or Trade 2023,Uncommon,Pokemon Trick or Trade 2023,Lampent #25,trick or trade 2023 | lampent | 25 |  | ungraded,1,1
Lost Origin,Chandelure,026/196,Normal Holo,Rare Holo,Pokemon Lost Origin,Chandelure [Holo] #26,lost origin | chandelure | 26 | holo | ungraded,1,0
Lost Origin,Chandelure,026/196,Trick or Trade 2023,Rare Holo,Pokemon Trick or Trade 2023,Chandelure [Holo] #26,trick or trade 2023 | chandelure | 26 | holo | ungraded,1,0
Lost Origin,Delphox V,027/196,Normal Holo,Holo Rare V,Pokemon Lost Origin,Delphox V [Holo] #27,lost origin | delphox v | 27 | holo | ungraded,2,0
Lost Origin,Litleo,028/196,Normal,Common,Pokemon Lost Origin,Litleo #28,lost origin | litleo | 28 |  | ungraded,1,1
Lost Origin,Litleo,028/196,Reverse Holo,Common,Pokemon Lost Origin,Litleo [Reverse Holo] #28,lost origin | litleo | 28 | reverse holo | ungraded,1,1
Lost Origin,Pyroar,029/196,Normal Holo,Rare Holo,Pokemon Lost Origin,Pyroar [Holo] #29,lost origin | pyroar | 29 | holo | ungraded,1,0
Lost Origin,Pyroar,029/196,Reverse Holo,Rare Holo,Pokemon Lost Origin,Pyroar [Reverse Holo] #29,lost origin | pyroar | 29 | reverse holo | ungraded,1,1
Lost Origin,Poliwag,030/196,Normal,Common,Pokemon Lost Origin,Poliwag #30,lost origin | poliwag | 30 |  | ungraded,1,1
Lost Origin,Poliwhirl,031/196,Normal,Uncommon,Pokemon Lost Origin,Poliwhirl #31,lost origin | poliwhirl | 31 |  | ungraded,1,1
Lost Origin,Politoed,032/196,Normal,Rare,Pokemon Lost Origin,Politoed #32,lost origin | politoed | 32 |  | ungraded,1,1
Lost Origin,Seel,033/196,Normal,Common,Pokemon Lost Origin,Seel #33,lost origin | seel | 33 |  | ungraded,1,1
Lost Origin,Dewgong,034/196,Normal,Rare,Pokemon Lost Origin,Dewgong #34,lost origin | dewgong | 34 |  | ungraded,1,1
Lost Origin,Dewgong,034/196,Reverse Holo,Rare,Pokemon Lost Origin,Dewgong [Reverse Holo] #34,lost origin | dewgong | 34 | reverse holo | ungraded,1,1
Lost Origin,Horsea,035/196,Normal,Common,Pokemon Lost Origin,Horsea #35,lost origin | horsea | 35 |  | ungraded,1,1
Lost Origin,Seadra,036/196,Normal,Uncommon,Pokemon Lost Origin,Seadra #36,lost origin | seadra | 36 |  | ungraded,1,1
Lost Origin,Kingdra,037/196,Normal Holo,Rare Holo,Pokemon Lost Origin,Kingdra [Holo] #37,lost origin | kingdra | 37 | holo | ungraded,4,0
Lost Origin,Luvdisc,038/196,Normal,Common,Pokemon Lost Origin,Luvdisc #38,lost origin | luvdisc | 38 |  | ungraded,1,1
Lost Origin,Shellos,039/196,Normal,Common,Pokemon Lost Origin,Shellos #39,lost origin | shellos | 39 |  | ungraded,1,1
Lost Origin,Shellos,039/196,Reverse Holo,Common,Pokemon Lost Origin,Shellos [Reverse Holo] #39,lost origin | shellos | 39 | reverse holo | ungraded,1,1
Lost Origin,Finneon,040/196,Normal,Common,Pokemon Lost Origin,Finneon #40,lost origin | finneon | 40 |  | ungraded,1,1
Lost Origin,Lumineon,041/196,Normal,Uncommon,Pokemon Lost Origin,Lumineon #41,lost origin | lumineon | 41 |  | ungraded,1,1
Lost Origin,Lumineon,041/196,Reverse Holo,Uncommon,Pokemon Lost Origin,Lumineon [Reverse Holo] #41,lost origin | lumineon | 41 | reverse holo | ungraded,1,1
Lost Origin,Snover,042/196,Normal,Common,Pokemon Lost Origin,Snover #42,lost origin | snover | 42 |  | ungraded,1,1
Lost Origin,Abomasnow,043/196,Normal,Uncommon,Pokemon Lost Origin,Abomasnow #43,lost origin | abomasnow | 43 |  | ungraded,1,1
Lost Origin,Hisuian Basculin,044/196,Normal,Common,Pokemon Lost Origin,Hisuian Basculin #44,lost origin | hisuian basculin | 44 |  | ungraded,1,1
Lost Origin,Hisuian Basculegion,045/196,Normal Holo,Rare Holo,Pokemon Lost Origin,Hisuian Basculegion [Holo] #45,lost origin | hisuian basculegion | 45 | holo | ungraded,2,0
Lost Origin,Ducklett,046/196,Normal,Common,Pokemon Lost Origin,Ducklett #46,lost origin | ducklett | 46 |  | ungraded,1,1
Lost Origin,Ducklett,046/196,Reverse Holo,Common,Pokemon Lost Origin,Ducklett [Reverse Holo] #46,lost origin | ducklett | 46 | reverse holo | ungraded,1,1
Lost Origin,Swanna,047/196,Normal,Uncommon,Pokemon Lost Origin,Swanna #47,lost origin | swanna | 47 |  | ungraded,1,1
Lost Origin,Kyurem V,048/196,Normal Holo,Holo Rare V,Pokemon Lost Origin,Kyurem V [Holo] #48,lost origin | kyurem v | 48 | holo | ungraded,1,0
Lost Origin,Kyurem VMAX,049/196,Normal Holo,Holo Rare VMAX,Pokemon Lost Origin,Kyurem VMAX [Holo] #49,lost origin | kyurem vmax | 49 | holo | ungraded,1,0
Lost Origin,Cramorant,050/196,Normal,Rare,Pokemon Lost Origin,Cramorant #50,lost origin | cramorant | 50 |  | ungraded,1,1
Lost Origin,Cramorant,050/196,Reverse Holo,Rare,Pokemon Lost Origin,Cramorant [Reverse Holo] #50,lost origin | cramorant | 50 | reverse holo | ungraded,1,1
Lost Origin,Glastrier,051/196,Normal Holo,Rare Holo,Pokemon Lost Origin,Glastrier [Holo] #51,lost origin | glastrier | 51 | holo | ungraded,1,0
Lost Origin,Pikachu,052/196,Normal,Common,Pokemon Lost Origin,Pikachu #52,lost origin | pikachu | 52 |  | ungraded,2,1
Lost Origin,Raichu,053/196,Normal,Rare,Pokemon Lost Origin,Raichu #53,lost origin | raichu | 53 |  | ungraded,1,1
Lost Origin,Electrike,054/196,Normal,Common,Pokemon Lost Origin,Electrike #54,lost origin | electrike | 54 |  | ungraded,1,1
Lost Origin,Electrike,054/196,Reverse Holo,Common,Pokemon Lost Origin,Electrike [Reverse Holo] #54,lost origin | electrike | 54 | reverse holo | ungraded,1,1
Lost Origin,Manectric,055/196,Normal,Rare,Pokemon Lost Origin,Manectric #55,lost origin | manectric | 55 |  | ungraded,1,1
Lost Origin,Manectric,055/196,Reverse Holo,Rare,Pokemon Lost Origin,Manectric [Reverse Holo] #55,lost origin | manectric | 55 | reverse holo | ungraded,1,1
Lost Origin,Magnezone V,056/196,Normal Holo,Holo Rare V,Pokemon Lost Origin,Magnezone V [Holo] #56,lost origin | magnezone v | 56 | holo | ungraded,2,0
Lost Origin,Magnezone VSTAR,057/196,Normal Holo,Holo Rare VSTAR,Pokemon Lost Origin,Magnezone VSTAR [Holo] #57,lost origin | magnezone vstar | 57 | holo | ungraded,2,0
Lost Origin,Rotom V,058/196,Normal Holo,Holo Rare V,Pokemon Lost Origin,Rotom V [Holo] #58,lost origin | rotom v | 58 | holo | ungraded,2,0
Lost Origin,Tynamo,059/196,Normal,Common,Pokemon Lost Origin,Tynamo #59,lost origin | tynamo | 59 |  | ungraded,1,1
Lost Origin,Eelektrik,060/196,Normal,Uncommon,Pokemon Lost Origin,Eelektrik #60,lost origin | eelektrik | 60 |  | ungraded,1,1
Lost Origin,Eelektrik,060/196,Reverse Holo,Uncommon,Pokemon Lost Origin,Eelektrik [Reverse Holo] #60,lost origin | eelektrik | 60 | reverse holo | ungraded,1,1
Lost Origin,Eelektross,061/196,Normal,Rare,Pokemon Lost Origin,Eelektross #61,lost origin | eelektross | 61 |  | ungraded,1,1
Lost Origin,Clefairy,062/196,Normal,Common,Pokemon Lost Origin,Clefairy #62,lost origin | clefairy | 62 |  | ungraded,1,1
Lost Origin,Clefable,063/196,Normal,Rare,Pokemon Lost Origin,Clefable #63,lost origin | clefable | 63 |  | ungraded,1,1
Lost Origin,Gastly,064/196,Normal,Common,Pokemon Lost Origin,Gastly #64,lost origin | gastly | 64 |  | ungraded,1,1
Lost Origin,Gastly,064/196,Trick or Trade 2023,Common,Pokemon Trick or Trade 2023,Gastly #64,trick or trade 2023 | gastly | 64 |  | ungraded,1,1
Lost Origin,Haunter,065/196,Normal,Uncommon,Pokemon Lost Origin,Haunter #65,lost origin | haunter | 65 |  | ungraded,1,1
Lost Origin,Haunter,065/196,Reverse Holo,Uncommon,Pokemon Lost Origin,Haunter [Reverse Holo] #65,lost origin | haunter | 65 | reverse holo | ungraded,1,1
Lost Origin,Haunter,065/196,Trick or Trade 2023,Uncommon,Pokemon Trick or Trade 2023,Haunter #65,trick or trade 2023 | haunter | 65 |  | ungraded,1,1
Lost Origin,Gengar,066/196,Normal Holo,Rare Holo,Pokemon Lost Origin,Gengar [Holo] #66,lost origin | gengar | 66 | holo | ungraded,1,0
Lost Origin,Gengar,066/196,Trick or Trade 2023,Rare Holo,Pokemon Trick or Trade 2023,Gengar [Holo] #66,trick or trade 2023 | gengar | 66 | holo | ungraded,1,1
Lost Origin,Mr. Mime,067/196,Normal,Rare,Pokemon Lost Origin,Mr. Mime #67,lost origin | mr mime | 67 |  | ungraded,1,1
Lost Origin,Mr. Mime,067/196,Reverse Holo,Rare,Pokemon Lost Origin,Mr. Mime [Reverse Holo] #67,lost origin | mr mime | 67 | reverse holo | ungraded,1,1
Lost Origin,Jynx,068/196,Normal,Common,Pokemon Lost Origin,Jynx #68,lost origin | jynx | 68 |  | ungraded,1,1
Lost Origin,Radiant Gardevoir,069/196,Normal Holo,Radiant Rare,Pokemon Lost Origin,Radiant Gardevoir [Holo] #69,lost origin | radiant gardevoir | 69 | holo | ungraded,2,0
Lost Origin,Sableye,070/196,Normal Holo,Rare Holo,Pokemon Lost Origin,Sableye [Holo] #70,lost origin | sableye | 70 | holo | ungraded,2,0
Lost Origin,Mawile,071/196,Normal,Common,Pokemon Lost Origin,Mawile #71,lost origin | mawile | 71 |  | ungraded,1,1
Lost Origin,Mawile,071/196,Reverse Holo,Common,Pokemon Lost Origin,Mawile [Reverse Holo] #71,lost origin | mawile | 71 | reverse holo | ungraded,1,1
Lost Origin,Shuppet,072/196,Normal,Common,Pokemon Lost Origin,Shuppet #72,lost origin | shuppet | 72 |  | ungraded,1,1
Lost Origin,Shuppet,072/196,Reverse Holo,Common,Pokemon Lost Origin,Shuppet [Reverse Holo] #72,lost origin | shuppet | 72 | reverse holo | ungraded,1,1
Lost Origin,Banette,073/196,Normal,Rare,Pokemon Lost Origin,Banette #73,lost origin | banette | 73 |  | ungraded,1,1
Lost Origin,Banette,073/196,Trick or Trade 2023,Rare,Pokemon Trick or Trade 2023,Banette [Holo] #73,trick or trade 2023 | banette | 73 | holo | ungraded,1,0
Lost Origin,Hisuian Zorua,075/196,Normal,Common,Pokemon Lost Origin,Hisuian Zorua #75,lost origin | hisuian zorua | 75 |  | ungraded,1,1
Lost Origin,Hisuian Zoroark,076/196,Normal Holo,Rare Holo,Pokemon Lost Origin,Hisuian Zoroark [Holo] #76,lost origin | hisuian zoroark | 76 | holo | ungraded,1,0
Lost Origin,Inkay,077/196,Normal,Common,Pokemon Lost Origin,Inkay #77,lost origin | inkay | 77 |  | ungraded,1,1
Lost Origin,Inkay,077/196,Reverse Holo,Common,Pokemon Lost Origin,Inkay [Reverse Holo] #77,lost origin | inkay | 77 | reverse holo | ungraded,1,1
Lost Origin,Malamar,078/196,Normal,Rare,Pokemon Lost Origin,Malamar #78,lost origin | malamar | 78 |  | ungraded,1,1
Lost Origin,Comfey,079/196,Normal,Rare,Pokemon Lost Origin,Comfey #79,lost origin | comfey | 79 |  | ungraded,1,1
Lost Origin,Comfey,079/196,Reverse Holo,Rare,Pokemon Lost Origin,Comfey [Reverse Holo] #79,lost origin | comfey | 79 | reverse holo | ungraded,1,1
Lost Origin,Mimikyu,080/196,Normal,Rare,Pokemon Lost Origin,Mimikyu #80,lost origin | mimikyu | 80 |  | ungraded,1,1
Lost Origin,Mimikyu,080/196,Reverse Holo,Rare,Pokemon Lost Origin,Mimikyu [Reverse Holo] #80,lost origin | mimikyu | 80 | reverse holo | ungraded,1,1
Lost Origin,Spectrier,081/196,Reverse Holo,Rare Holo,Pokemon Lost Origin,Spectrier [Reverse Holo] #81,lost origin | spectrier | 81 | reverse holo | ungraded,1,1
Lost Origin,Spectrier,081/196,Trick or Trade 2023,Rare Holo,Pokemon Trick or Trade 2023,Spectrier [Holo] #81,trick or trade 2023 | spectrier | 81 | holo | ungraded,1,1
Lost Origin,Enamorus V,082/196,Normal Holo,Holo Rare V,Pokemon Lost Origin,Enamorus V [Holo] #82,lost origin | enamorus v | 82 | holo | ungraded,2,0
Lost Origin,Hisuian Growlithe,083/196,Normal,Common,Pokemon Lost Origin,Hisuian Growlithe #83,lost origin | hisuian growlithe | 83 |  | ungraded,1,1
Lost Origin,Hisuian Arcanine,084/196,Normal Holo,Rare Holo,Pokemon Lost Origin,Hisuian Arcanine [Holo] #84,lost origin | hisuian arcanine | 84 | holo | ungraded,3,1
Lost Origin,Poliwrath,085/196,Normal,Rare,Pokemon Lost Origin,Poliwrath #85,lost origin | poliwrath | 85 |  | ungraded,1,1
Lost Origin,Machop,086/196,Normal,Common,Pokemon Lost Origin,Machop #86,lost origin | machop | 86 |  | ungraded,1,1
Lost Origin,Machoke,087/196,Normal,Uncommon,Pokemon Lost Origin,Machoke #87,lost origin | machoke | 87 |  | ungraded,1,1
Lost Origin,Machamp,088/196,Normal Holo,Rare Holo,Pokemon Lost Origin,Machamp [Holo] #88,lost origin | machamp | 88 | holo | ungraded,2,0
Lost Origin,Rhyhorn,089/196,Normal,Common,Pokemon Lost Origin,Rhyhorn #89,lost origin | rhyhorn | 89 |  | ungraded,1,1
Lost Origin,Rhydon,090/196,Normal,Uncommon,Pokemon Lost Origin,Rhydon #90,lost origin | rhydon | 90 |  | ungraded,1,1
Lost Origin,Rhyperior,091/196,Normal,Rare,Pokemon Lost Origin,Rhyperior #91,lost origin | rhyperior | 91 |  | ungraded,1,1
Lost Origin,Aerodactyl V,092/196,Normal Holo,Holo Rare V,Pokemon Lost Origin,Aerodactyl V [Holo] #92,lost origin | aerodactyl v | 92 | holo | ungraded,3,0
Lost Origin,Aerodactyl VSTAR,093/196,Normal Holo,Holo Rare VSTAR,Pokemon Lost Origin,Aerodactyl VSTAR [Holo] #93,lost origin | aerodactyl vstar | 93 | holo | ungraded,2,0
Lost Origin,Sudowoodo,094/196,Normal,Common,Pokemon Lost Origin,Sudowoodo #94,lost origin | sudowoodo | 94 |  | ungraded,1,1
Lost Origin,Sudowoodo,094/196,Reverse Holo,Common,Pokemon Lost Origin,Sudowoodo [Reverse Holo] #94,lost origin | sudowoodo | 94 | reverse holo | ungraded,1,1
Lost Origin,Gligar,095/196,Normal,Common,Pokemon Lost Origin,Gligar #95,lost origin | gligar | 95 |  | ungraded,1,1
Lost Origin,Gliscor,096/196,Normal,Rare,Pokemon Lost Origin,Gliscor #96,lost origin | gliscor | 96 |  | ungraded,1,1
Lost Origin,Gliscor,096/196,Reverse Holo,Rare,Pokemon Lost Origin,Gliscor [Reverse Holo] #96,lost origin | gliscor | 96 | reverse holo | ungraded,1,1
Lost Origin,Makuhita,097/196,Normal,Common,Pokemon Lost Origin,Makuhita #97,lost origin | makuhita | 97 |  | ungraded,1,1
Lost Origin,Makuhita,097/196,Reverse Holo,Common,Pokemon Lost Origin,Makuhita [Reverse Holo] #97,lost origin | makuhita | 97 | reverse holo | ungraded,1,1
Lost Origin,Hariyama,098/196,Normal,Uncommon,Pokemon Lost Origin,Hariyama #98,lost origin | hariyama | 98 |  | ungraded,1,1
Lost Origin,Hariyama,098/196,Reverse Holo,Uncommon,Pokemon Lost Origin,Hariyama [Reverse Holo] #98,lost origin | hariyama | 98 | reverse holo | ungraded,1,1
Lost Origin,Meditite,099/196,Normal,Common,Pokemon Lost Origin,Meditite #99,lost origin | meditite | 99 |  | ungraded,1,1
Lost Origin,Medicham,100/196,Normal,Uncommon,Pokemon Lost Origin,Medicham #100,lost origin | medicham | 100 |  | ungraded,1,1
Lost Origin,Relicanth,101/196,Normal,Uncommon,Pokemon Lost Origin,Relicanth #101,lost origin | relicanth | 101 |  | ungraded,1,1
Lost Origin,Relicanth,101/196,Reverse Holo,Uncommon,Pokemon Lost Origin,Relicanth [Reverse Holo] #101,lost origin | relicanth | 101 | reverse holo | ungraded,1,1
Lost Origin,Gastrodon,102/196,Normal,Uncommon,Pokemon Lost Origin,Gastrodon #102,lost origin | gastrodon | 102 |  | ungraded,1,1
Lost Origin,Gastrodon,102/196,Reverse Holo,Uncommon,Pokemon Lost Origin,Gastrodon [Reverse Holo] #102,lost origin | gastrodon | 102 | reverse holo | ungraded,1,1
Lost Origin,Mienfoo,103/196,Normal,Common,Pokemon Lost Origin,Mienfoo #103,lost origin | mienfoo | 103 |  | ungraded,1,1
Lost Origin,Mienfoo,103/196,Reverse Holo,Common,Pokemon Lost Origin,Mienfoo [Reverse Holo] #103,lost origin | mienfoo | 103 | reverse holo | ungraded,1,1
Lost Origin,Mienshao,104/196,Normal,Uncommon,Pokemon Lost Origin,Mienshao #104,lost origin | mienshao | 104 |  | ungraded,1,1
Lost Origin,Landorus,105/196,Reverse Holo,Rare,Pokemon Lost Origin,Landorus [Reverse Holo] #105,lost origin | landorus | 105 | reverse holo | ungraded,1,1
Lost Origin,Binacle,106/196,Normal,Common,Pokemon Lost Origin,Binacle #106,lost origin | binacle | 106 |  | ungraded,1,1
Lost Origin,Barbaracle,107/196,Normal Holo,Rare Holo,Pokemon Lost Origin,Barbaracle [Holo] #107,lost origin | barbaracle | 107 | holo | ungraded,2,0
Lost Origin,Barbaracle,107/196,Reverse Holo,Rare Holo,Pokemon Lost Origin,Barbaracle [Reverse Holo] #107,lost origin | barbaracle | 107 | reverse holo | ungraded,1,1
Lost Origin,Carbink,108/196,Normal,Uncommon,Pokemon Lost Origin,Carbink #108,lost origin | carbink | 108 |  | ungraded,1,1
Lost Origin,Carbink,108/196,Reverse Holo,Uncommon,Pokemon Lost Origin,Carbink [Reverse Holo] #108,lost origin | carbink | 108 | reverse holo | ungraded,1,1
Lost Origin,Rockruff,109/196,Normal,Common,Pokemon Lost Origin,Rockruff #109,lost origin | rockruff | 109 |  | ungraded,1,1
Lost Origin,Falinks,110/196,Normal,Common,Pokemon Lost Origin,Falinks #110,lost origin | falinks | 110 |  | ungraded,1,1
Lost Origin,Stonjourner,111/196,Normal,Rare,Pokemon Lost Origin,Stonjourner #111,lost origin | stonjourner | 111 |  | ungraded,1,1
Lost Origin,Spinarak,112/196,Normal,Common,Pokemon Lost Origin,Spinarak #112,lost origin | spinarak | 112 |  | ungraded,1,1
Lost Origin,Ariados,113/196,Normal,Rare,Pokemon Lost Origin,Ariados #113,lost origin | ariados | 113 |  | ungraded,1,1
Lost Origin,Murkrow,114/196,Normal,Common,Pokemon Lost Origin,Murkrow #114,lost origin | murkrow | 114 |  | ungraded,1,1
Lost Origin,Honchkrow,115/196,Normal,Rare,Pokemon Lost Origin,Honchkrow #115,lost origin | honchkrow | 115 |  | ungraded,1,1
Lost Origin,Seviper,116/196,Normal,Uncommon,Pokemon Lost Origin,Seviper #116,lost origin | seviper | 116 |  | ungraded,1,1
Lost Origin,Spiritomb,117/196,Normal,Rare,Pokemon Lost Origin,Spiritomb #117,lost origin | spiritomb | 117 |  | ungraded,1,1
Lost Origin,Spiritomb,117/196,Reverse Holo,Rare,Pokemon Lost Origin,Spiritomb [Reverse Holo] #117,lost origin | spiritomb | 117 | reverse holo | ungraded,1,1
Lost Origin,Drapion V,118/196,Normal Holo,Holo Rare V,Pokemon Lost Origin,Drapion V [Holo] #118,lost origin | drapion v | 118 | holo | ungraded,2,0
Lost Origin,Inkay,121/196,Normal,Common,Pokemon Lost Origin,Inkay #121,lost origin | inkay | 121 |  | ungraded,1,1
Lost Origin,Inkay,121/196,Reverse Holo,Common,Pokemon Lost Origin,Inkay [Reverse Holo] #121,lost origin | inkay | 121 | reverse holo | ungraded,1,1
Lost Origin,Hoopa,122/196,Normal,Rare,Pokemon Lost Origin,Hoopa #122,lost origin | hoopa | 122 |  | ungraded,1,1
Lost Origin,Radiant Hisuian Sneasler,123/196,Normal Holo,Radiant Rare,Pokemon Lost Origin,Radiant Hisuian Sneasler [Holo] #123,lost origin | radiant hisuian sneasler | 123 | holo | ungraded,3,0
Lost Origin,Radiant Steelix,124/196,Normal Holo,Radiant Rare,Pokemon Lost Origin,Radiant Steelix [Holo] #124,lost origin | radiant steelix | 124 | holo | ungraded,3,0
Lost Origin,Bronzor,125/196,Normal,Common,Pokemon Lost Origin,Bronzor #125,lost origin | bronzor | 125 |  | ungraded,1,1
Lost Origin,Bronzong,126/196,Normal,Uncommon,Pokemon Lost Origin,Bronzong #126,lost origin | bronzong | 126 |  | ungraded,1,1
Lost Origin,Galarian Stunfisk,127/196,Normal,Uncommon,Pokemon Lost Origin,Galarian Stunfisk #127,lost origin | galarian stunfisk | 127 |  | ungraded,1,1
Lost Origin,Magearna,128/196,Normal,Rare,Pokemon Lost Origin,Magearna #128,lost origin | magearna | 128 |  | ungraded,1,1
Lost Origin,Magearna,128/196,Reverse Holo,Rare,Pokemon Lost Origin,Magearna [Reverse Holo] #128,lost origin | magearna | 128 | reverse holo | ungraded,1,1
Lost Origin,Galarian Perrserker V,129/196,Normal Holo,Holo Rare V,Pokemon Lost Origin,Galarian Perrserker V [Holo] #129,lost origin | galarian perrserker v | 129 | holo | ungraded,1,0
Lost Origin,Giratina V,130/196,Normal Holo,Holo Rare V,Pokemon Lost Origin,Giratina V [Holo] #130,lost origin | giratina v | 130 | holo | ungraded,1,0
Lost Origin,Giratina VSTAR,131/196,Normal Holo,Holo Rare VSTAR,Pokemon Lost Origin,Giratina VSTAR [Holo] #131,lost origin | giratina vstar | 131 | holo | ungraded,3,0
Lost Origin,Goomy,132/196,Normal,Common,Pokemon Lost Origin,Goomy #132,lost origin | goomy | 132 |  | ungraded,1,1
Lost Origin,Hisuian Sliggoo,133/196,Normal,Uncommon,Pokemon Lost Origin,Hisuian Sliggoo #133,lost origin | hisuian sliggoo | 133 |  | ungraded,1,1
Lost Origin,Hisuian Sliggoo,133/196,Reverse Holo,Uncommon,Pokemon Lost Origin,Hisuian Sliggoo [Reverse Holo] #133,lost origin | hisuian sliggoo | 133 | reverse holo | ungraded,2,1
Lost Origin,Hisuian Goodra,134/196,Normal Holo,Rare Holo,Pokemon Lost Origin,Hisuian Goodra [Holo] #134,lost origin | hisuian goodra | 134 | holo | ungraded,1,0
Lost Origin,Hisuian Goodra,134/196,Reverse Holo,Rare Holo,Pokemon Lost Origin,Hisuian Goodra [Reverse Holo] #134,lost origin | hisuian goodra | 134 | reverse holo | ungraded,3,1
Lost Origin,Hisuian Goodra V,135/196,Normal Holo,Holo Rare V,Pokemon Lost Origin,Hisuian Goodra V [Holo] #135,lost origin | hisuian goodra v | 135 | holo | ungraded,3,0
Lost Origin,Pidgeot V,137/196,Normal Holo,Holo Rare V,Pokemon Lost Origin,Pidgeot V [Holo] #137,lost origin | pidgeot v | 137 | holo | ungraded,1,0
Lost Origin,Lickitung,138/196,Normal,Common,Pokemon Lost Origin,Lickitung #138,lost origin | lickitung | 138 |  | ungraded,1,1
Lost Origin,Lickilicky,139/196,Normal,Uncommon,Pokemon Lost Origin,Lickilicky #139,lost origin | lickilicky | 139 |  | ungraded,1,1
Lost Origin,Porygon,140/196,Normal,Common,Pokemon Lost Origin,Porygon #140,lost origin | porygon | 140 |  | ungraded,1,1
Lost Origin,Porygon,140/196,Reverse Holo,Common,Pokemon Lost Origin,Porygon [Reverse Holo] #140,lost origin | porygon | 140 | reverse holo | ungraded,2,1
Lost Origin,Porygon2,141/196,Normal,Uncommon,Pokemon Lost Origin,Porygon2 #141,lost origin | porygon2 | 141 |  | ungraded,1,1
Lost Origin,Porygon2,141/196,Reverse Holo,Uncommon,Pokemon Lost Origin,Porygon2 [Reverse Holo] #141,lost origin | porygon2 | 141 | reverse holo | ungraded,1,1
Lost Origin,Porygon-Z,142/196,Normal,Rare,Pokemon Lost Origin,Porygon-Z #142,lost origin | porygon z | 142 |  | ungraded,1,1
Lost Origin,Aipom,144/196,Normal,Common,Pokemon Lost Origin,Aipom #144,lost origin | aipom | 144 |  | ungraded,1,1
Lost Origin,Ambipom,145/196,Normal,Uncommon,Pokemon Lost Origin,Ambipom #145,lost origin | ambipom | 145 |  | ungraded,1,1
Lost Origin,Hisuian Zoroark V,146/196,Normal Holo,Holo Rare V,Pokemon Lost Origin,Hisuian Zoroark V [Holo] #146,lost origin | hisuian zoroark v | 146 | holo | ungraded,1,0
Lost Origin,Hisuian Zoroark VSTAR,147/196,Normal Holo,Holo Rare VSTAR,Pokemon Lost Origin,Hisuian Zoroark VSTAR [Holo] #147,lost origin | hisuian zoroark vstar | 147 | holo | ungraded,3,0
Lost Origin,Bouffalant,148/196,Normal,Rare,Pokemon Lost Origin,Bouffalant #148,lost origin | bouffalant | 148 |  | ungraded,1,1
Lost Origin,Komala,149/196,Normal,Uncommon,Pokemon Lost Origin,Komala #149,lost origin | komala | 149 |  | ungraded,1,1
Lost Origin,Komala,149/196,Reverse Holo,Uncommon,Pokemon Lost Origin,Komala [Reverse Holo] #149,lost origin | komala | 149 | reverse holo | ungraded,1,1
Lost Origin,Skwovet,150/196,Normal,Common,Pokemon Lost Origin,Skwovet #150,lost origin | skwovet | 150 |  | ungraded,1,1
Lost Origin,Skwovet,150/196,Reverse Holo,Common,Pokemon Lost Origin,Skwovet [Reverse Holo] #150,lost origin | skwovet | 150 | reverse holo | ungraded,1,1
Lost Origin,Greedent,151/196,Normal,Rare,Pokemon Lost Origin,Greedent #151,lost origin | greedent | 151 |  | ungraded,1,1
Lost Origin,Greedent,151/196,Reverse Holo,Rare,Pokemon Lost Origin,Greedent [Reverse Holo] #151,lost origin | greedent | 151 | reverse holo | ungraded,1,1
Lost Origin,Arc Phone,152/196,Normal,Uncommon,Pokemon Lost Origin,Arc Phone #152,lost origin | arc phone | 152 |  | ungraded,1,1
Lost Origin,Arc Phone,152/196,Reverse Holo,Uncommon,Pokemon Lost Origin,Arc Phone [Reverse Holo] #152,lost origin | arc phone | 152 | reverse holo | ungraded,1,1
Lost Origin,Arezu,153/196,Normal,Uncommon,Pokemon Lost Origin,Arezu #153,lost origin | arezu | 153 |  | ungraded,1,1
Lost Origin,Box of Disaster,154/196,Normal,Uncommon,Pokemon Lost Origin,Box of Disaster #154,lost origin | box of disaster | 154 |  | ungraded,1,1
Lost Origin,Box of Disaster,154/196,Reverse Holo,Uncommon,Pokemon Lost Origin,Box of Disaster [Reverse Holo] #154,lost origin | box of disaster | 154 | reverse holo | ungraded,3,1
Lost Origin,Colress's Experiment,155/196,Normal,Uncommon,Pokemon Lost Origin,Colress's Experiment #155,lost origin | colress s experiment | 155 |  | ungraded,1,1
Lost Origin,Damage Pump,156/196,Normal,Uncommon,Pokemon Lost Origin,Damage Pump #156,lost origin | damage pump | 156 |  | ungraded,1,1
Lost Origin,Fantina,157/196,Normal,Uncommon,Pokemon Lost Origin,Fantina #157,lost origin | fantina | 157 |  | ungraded,1,1
Lost Origin,Iscan,158/196,Normal,Uncommon,Pokemon Lost Origin,Iscan #158,lost origin | iscan | 158 |  | ungraded,1,1
Lost Origin,Lady,159/196,Normal,Uncommon,Pokemon Lost Origin,Lady #159,lost origin | lady | 159 |  | ungraded,1,1
Lost Origin,Lady,159/196,Reverse Holo,Uncommon,Pokemon Lost Origin,Lady [Reverse Holo] #159,lost origin | lady | 159 | reverse holo | ungraded,1,1
Lost Origin,Lake Acuity,160/196,Normal,Uncommon,Pokemon Lost Origin,Lake Acuity #160,lost origin | lake acuity | 160 |  | ungraded,1,1
Lost Origin,Lost City,161/196,Normal,Uncommon,Pokemon Lost Origin,Lost City #161,lost origin | lost city | 161 |  | ungraded,1,1
Lost Origin,Lost Vacuum,162/196,Normal,Uncommon,Pokemon Lost Origin,Lost Vacuum #162,lost origin | lost vacuum | 162 |  | ungraded,1,1
Lost Origin,Lost Vacuum,162/196,Reverse Holo,Uncommon,Pokemon Lost Origin,Lost Vacuum [Reverse Holo] #162,lost origin | lost vacuum | 162 | reverse holo | ungraded,1,1
Lost Origin,Mirage Gate,163/196,Normal,Uncommon,Pokemon Lost Origin,Mirage Gate #163,lost origin | mirage gate | 163 |  | ungraded,1,1
Lost Origin,Miss Fortune Sisters,164/196,Normal,Uncommon,Pokemon Lost Origin,Miss Fortune Sisters #164,lost origin | miss fortune sisters | 164 |  | ungraded,1,1
Lost Origin,Miss Fortune Sisters,164/196,Reverse Holo,Uncommon,Pokemon Lost Origin,Miss Fortune Sisters [Reverse Holo] #164,lost origin | miss fortune sisters | 164 | reverse holo | ungraded,1,1
Lost Origin,Panic Mask,165/196,Normal,Uncommon,Pokemon Lost Origin,Panic Mask #165,lost origin | panic mask | 165 |  | ungraded,1,1
Lost Origin,Riley,166/196,Normal,Uncommon,Pokemon Lost Origin,Riley #166,lost origin | riley | 166 |  | ungraded,1,1
Lost Origin,Riley,166/196,Reverse Holo,Uncommon,Pokemon Lost Origin,Riley [Reverse Holo] #166,lost origin | riley | 166 | reverse holo | ungraded,1,1
Lost Origin,Thorton,167/196,Normal,Uncommon,Pokemon Lost Origin,Thorton #167,lost origin | thorton | 167 |  | ungraded,1,1
Lost Origin,Tool Box,168/196,Normal,Uncommon,Pokemon Lost Origin,Tool Box #168,lost origin | tool box | 168 |  | ungraded,1,1
Lost Origin,Tool Box,168/196,Reverse Holo,Uncommon,Pokemon Lost Origin,Tool Box [Reverse Holo] #168,lost origin | tool box | 168 | reverse holo | ungraded,1,1
Lost Origin,Volo,169/196,Normal Holo,Rare Holo,Pokemon Lost Origin,Volo [Holo] #169,lost origin | volo | 169 | holo | ungraded,1,1
Lost Origin,Windup Arm,170/196,Normal,Uncommon,Pokemon Lost Origin,Windup Arm #170,lost origin | windup arm | 170 |  | ungraded,1,1
Lost Origin,Gift Energy,171/196,Normal,Uncommon,Pokemon Lost Origin,Gift Energy #171,lost origin | gift energy | 171 |  | ungraded,1,1
Lost Origin,Gift Energy,171/196,Reverse Holo,Uncommon,Pokemon Lost Origin,Gift Energy [Reverse Holo] #171,lost origin | gift energy | 171 | reverse holo | ungraded,1,1
Lost Origin,Magnezone V,175/196,Normal Holo,Rare Ultra,Pokemon Lost Origin,Magnezone V [Holo] #175,lost origin | magnezone v | 175 | holo | ungraded,1,0
Lost Origin,Rotom V,177/196,Normal Holo,Rare Ultra,Pokemon Lost Origin,Rotom V [Holo] #177,lost origin | rotom v | 177 | holo | ungraded,1,0
Lost Origin,Drapion V,182/196,Normal Holo,Rare Ultra,Pokemon Lost Origin,Drapion V [Holo] #182,lost origin | drapion v | 182 | holo | ungraded,1,0
Lost Origin,Galarian Perrserker V,183/196,Normal Holo,Rare Ultra,Pokemon Lost Origin,Galarian Perrserker V [Holo] #183,lost origin | galarian perrserker v | 183 | holo | ungraded,1,0
Lost Origin,Volo,196/196,Normal Holo,Rare Ultra,Pokemon Lost Origin,Volo [Holo] #196,lost origin | volo | 196 | holo | ungraded,1,0
Lost Origin,Volo,211/196,Normal Holo,Rare Rainbow,Pokemon Lost Origin,Volo [Holo] #211,lost origin | volo | 211 | holo | ungraded,1,0
Lost Origin,Giratina VSTAR,212/196,Normal Holo,Rare Secret,Pokemon Lost Origin,Giratina VSTAR [Holo] #212,lost origin | giratina vstar | 212 | holo | ungraded,1,0
Lost Origin,Dark Patch,216/196,Normal Holo,Rare Secret,Pokemon Lost Origin,Dark Patch [Holo] #216,lost origin | dark patch | 216 | holo | ungraded,1,0
Lost Origin,Parasect,TG01/TG30,Normal Holo,Rare Holo,Pokemon Lost Origin,Parasect [Holo] #TG01,lost origin | parasect | tg01 | holo | ungraded,1,0
Lost Origin,Roserade,TG02/TG30,Normal Holo,Rare Holo,Pokemon Lost Origin,Roserade [Holo] #TG02,lost origin | roserade | tg02 | holo | ungraded,1,0
Lost Origin,Charizard,TG03/TG30,Normal Holo,Rare Holo,Pokemon Lost Origin,Charizard [Holo] #TG03,lost origin | charizard | tg03 | holo | ungraded,1,0
Lost Origin,Pikachu,TG05/TG30,Normal Holo,Rare Holo,Pokemon Lost Origin,Pikachu [Holo] #TG05,lost origin | pikachu | tg05 | holo | ungraded,1,0
Lost Origin,Banette,TG07/TG30,Normal Holo,Rare Holo,Pokemon Lost Origin,Banette [Holo] #TG07,lost origin | banette | tg07 | holo | ungraded,1,0
Lost Origin,Hisuian Arcanine,TG08/TG30,Normal Holo,Rare Holo,Pokemon Lost Origin,Hisuian Arcanine [Holo] #TG08,lost origin | hisuian arcanine | tg08 | holo | ungraded,2,0
Lost Origin,Spiritomb,TG09/TG30,Normal Holo,Rare Holo,Pokemon Lost Origin,Spiritomb [Holo] #TG09,lost origin | spiritomb | tg09 | holo | ungraded,2,0
Lost Origin,Eternatus V,TG21/TG30,Normal Holo,Holo Rare V,Pokemon Lost Origin,Eternatus V [Holo] #TG21,lost origin | eternatus v | tg21 | holo | ungraded,1,0
Lost Origin,Boss's Orders,TG24/TG30,Normal Holo,Rare Ultra,Pokemon Lost Origin,Boss's Orders [Holo] #TG24,lost origin | boss s orders | tg24 | holo | ungraded,1,0
Lost Origin,Opal,TG28/TG30,Normal Holo,Rare Ultra,Pokemon Lost Origin,Opal [Holo] #TG28,lost origin | opal | tg28 | holo | ungraded,1,0
Lost Origin,Pikachu VMAX,TG29/TG30,Normal Holo,Rare Secret,Pokemon Lost Origin,Pikachu VMAX [Holo] #TG29,lost origin | pikachu vmax | tg29 | holo | ungraded,1,0
Astral Radiance,Hisuian Voltorb,002/189,Normal,Common,Pokemon Astral Radiance,Hisuian Voltorb #2,astral radiance | hisuian voltorb | 2 |  | ungraded,1,1
Astral Radiance,Hisuian Electrode,003/189,Normal,Uncommon,Pokemon Astral Radiance,Hisuian Electrode #3,astral radiance | hisuian electrode | 3 |  | ungraded,1,1
Astral Radiance,Scyther,004/189,Normal,Common,Pokemon Astral Radiance,Scyther #4,astral radiance | scyther | 4 |  | ungraded,1,1
Astral Radiance,Scyther,005/189,Normal,Common,Pokemon Astral Radiance,Scyther #5,astral radiance | scyther | 5 |  | ungraded,1,1
Astral Radiance,Yanma,006/189,Normal,Common,Pokemon Astral Radiance,Yanma #6,astral radiance | yanma | 6 |  | ungraded,1,1
Astral Radiance,Yanma,006/189,Reverse Holo,Common,Pokemon Astral Radiance,Yanma [Reverse Holo] #6,astral radiance | yanma | 6 | reverse holo | ungraded,1,0
Astral Radiance,Yanmega,007/189,Normal,Uncommon,Pokemon Astral Radiance,Yanmega #7,astral radiance | yanmega | 7 |  | ungraded,1,1
Astral Radiance,Heracross,008/189,Normal,Common,Pokemon Astral Radiance,Heracross #8,astral radiance | heracross | 8 |  | ungraded,1,1
Astral Radiance,Kricketot,009/189,Normal,Common,Pokemon Astral Radiance,Kricketot #9,astral radiance | kricketot | 9 |  | ungraded,1,1
Astral Radiance,Kricketot,009/189,Reverse Holo,Common,Pokemon Astral Radiance,Kricketot [Reverse Holo] #9,astral radiance | kricketot | 9 | reverse holo | ungraded,1,1
Astral Radiance,Kricketune,010/189,Normal,Uncommon,Pokemon Astral Radiance,Kricketune #10,astral radiance | kricketune | 10 |  | ungraded,1,1
Astral Radiance,Combee,011/189,Normal,Common,Pokemon Astral Radiance,Combee #11,astral radiance | combee | 11 |  | ungraded,1,1
Astral Radiance,Vespiquen,012/189,Normal,Rare,Pokemon Astral Radiance,Vespiquen #12,astral radiance | vespiquen | 12 |  | ungraded,1,1
Astral Radiance,Vespiquen,012/189,Reverse Holo,Rare,Pokemon Astral Radiance,Vespiquen [Reverse Holo] #12,astral radiance | vespiquen | 12 | reverse holo | ungraded,1,0
Astral Radiance,Leafeon,013/189,Normal,Rare,Pokemon Astral Radiance,Leafeon #13,astral radiance | leafeon | 13 |  | ungraded,1,0
Astral Radiance,Shaymin,014/189,Normal,Rare,Pokemon Astral Radiance,Shaymin #14,astral radiance | shaymin | 14 |  | ungraded,1,1
Astral Radiance,Shaymin,014/189,Reverse Holo,Rare,Pokemon Astral Radiance,Shaymin [Reverse Holo] #14,astral radiance | shaymin | 14 | reverse holo | ungraded,1,0
Astral Radiance,Petilil,015/189,Normal,Common,Pokemon Astral Radiance,Petilil #15,astral radiance | petilil | 15 |  | ungraded,1,1
Astral Radiance,Petilil,015/189,Reverse Holo,Common,Pokemon Astral Radiance,Petilil [Reverse Holo] #15,astral radiance | petilil | 15 | reverse holo | ungraded,1,0
Astral Radiance,Hisuian Lilligant,016/189,Normal Holo,Rare Holo,Pokemon Astral Radiance,Hisuian Lilligant [Holo] #16,astral radiance | hisuian lilligant | 16 | holo | ungraded,1,0
Astral Radiance,Hisuian Lilligant V,017/189,Normal Holo,Holo Rare V,Pokemon Astral Radiance,Hisuian Lilligant V [Holo] #17,astral radiance | hisuian lilligant v | 17 | holo | ungraded,1,0
Astral Radiance,Rowlet,019/189,Normal,Common,Pokemon Astral Radiance,Rowlet #19,astral radiance | rowlet | 19 |  | ungraded,1,1
Astral Radiance,Dartrix,020/189,Normal,Uncommon,Pokemon Astral Radiance,Dartrix #20,astral radiance | dartrix | 20 |  | ungraded,1,1
Astral Radiance,Dartrix,020/189,Reverse Holo,Uncommon,Pokemon Astral Radiance,Dartrix [Reverse Holo] #20,astral radiance | dartrix | 20 | reverse holo | ungraded,1,0
Astral Radiance,Ponyta,021/189,Normal,Common,Pokemon Astral Radiance,Ponyta #21,astral radiance | ponyta | 21 |  | ungraded,2,1
Astral Radiance,Rapidash,022/189,Normal,Rare,Pokemon Astral Radiance,Rapidash #22,astral radiance | rapidash | 22 |  | ungraded,1,1
Astral Radiance,Rapidash,022/189,Reverse Holo,Rare,Pokemon Astral Radiance,Rapidash [Reverse Holo] #22,astral radiance | rapidash | 22 | reverse holo | ungraded,1,0
Astral Radiance,Cyndaquil,023/189,Normal,Common,Pokemon Astral Radiance,Cyndaquil #23,astral radiance | cyndaquil | 23 |  | ungraded,2,1
Astral Radiance,Cyndaquil,023/189,Reverse Holo,Common,Pokemon Astral Radiance,Cyndaquil [Reverse Holo] #23,astral radiance | cyndaquil | 23 | reverse holo | ungraded,1,0
Astral Radiance,Quilava,024/189,Normal,Uncommon,Pokemon Astral Radiance,Quilava #24,astral radiance | quilava | 24 |  | ungraded,2,1
Astral Radiance,Heatran V,025/189,Normal Holo,Holo Rare V,Pokemon Astral Radiance,Heatran V [Holo] #25,astral radiance | heatran v | 25 | holo | ungraded,1,0
Astral Radiance,Heatran VMAX,026/189,Normal Holo,Holo Rare VMAX,Pokemon Astral Radiance,Heatran VMAX [Holo] #26,astral radiance | heatran vmax | 26 | holo | ungraded,1,0
Astral Radiance,Radiant Heatran,027/189,Normal Holo,Radiant Rare,Pokemon Astral Radiance,Radiant Heatran [Holo] #27,astral radiance | radiant heatran | 27 | holo | ungraded,1,0
Astral Radiance,Psyduck,028/189,Normal,Common,Pokemon Astral Radiance,Psyduck #28,astral radiance | psyduck | 28 |  | ungraded,2,1
Astral Radiance,Psyduck,028/189,Reverse Holo,Common,Pokemon Astral Radiance,Psyduck [Reverse Holo] #28,astral radiance | psyduck | 28 | reverse holo | ungraded,1,1
Astral Radiance,Golduck,029/189,Normal,Uncommon,Pokemon Astral Radiance,Golduck #29,astral radiance | golduck | 29 |  | ungraded,2,1
Astral Radiance,Golduck,029/189,Reverse Holo,Uncommon,Pokemon Astral Radiance,Golduck [Reverse Holo] #29,astral radiance | golduck | 29 | reverse holo | ungraded,1,0
Astral Radiance,Swinub,031/189,Normal,Common,Pokemon Astral Radiance,Swinub #31,astral radiance | swinub | 31 |  | ungraded,2,1
Astral Radiance,Piloswine,032/189,Normal,Uncommon,Pokemon Astral Radiance,Piloswine #32,astral radiance | piloswine | 32 |  | ungraded,1,1
Astral Radiance,Mantine,034/189,Normal,Common,Pokemon Astral Radiance,Mantine #34,astral radiance | mantine | 34 |  | ungraded,1,1
Astral Radiance,Mantine,034/189,Reverse Holo,Common,Pokemon Astral Radiance,Mantine [Reverse Holo] #34,astral radiance | mantine | 34 | reverse holo | ungraded,1,0
Astral Radiance,Barboach,035/189,Normal,Common,Pokemon Astral Radiance,Barboach #35,astral radiance | barboach | 35 |  | ungraded,1,1
Astral Radiance,Barboach,035/189,Reverse Holo,Common,Pokemon Astral Radiance,Barboach [Reverse Holo] #35,astral radiance | barboach | 35 | reverse holo | ungraded,1,0
Astral Radiance,Whiscash,036/189,Normal,Uncommon,Pokemon Astral Radiance,Whiscash #36,astral radiance | whiscash | 36 |  | ungraded,2,1
Astral Radiance,Regice,037/189,Normal,Rare,Pokemon Astral Radiance,Regice #37,astral radiance | regice | 37 |  | ungraded,1,1
Astral Radiance,Glaceon,038/189,Normal,Rare,Pokemon Astral Radiance,Glaceon #38,astral radiance | glaceon | 38 |  | ungraded,1,1
Astral Radiance,Glaceon,038/189,Reverse Holo,Rare,Pokemon Astral Radiance,Glaceon [Reverse Holo] #38,astral radiance | glaceon | 38 | reverse holo | ungraded,1,0
Astral Radiance,Oshawott,041/189,Normal,Common,Pokemon Astral Radiance,Oshawott #41,astral radiance | oshawott | 41 |  | ungraded,2,1
Astral Radiance,Oshawott,041/189,Reverse Holo,Common,Pokemon Astral Radiance,Oshawott [Reverse Holo] #41,astral radiance | oshawott | 41 | reverse holo | ungraded,2,1
Astral Radiance,Dewott,042/189,Normal,Uncommon,Pokemon Astral Radiance,Dewott #42,astral radiance | dewott | 42 |  | ungraded,2,1
Astral Radiance,Hisuian Basculin,043/189,Normal,Common,Pokemon Astral Radiance,Hisuian Basculin #43,astral radiance | hisuian basculin | 43 |  | ungraded,2,1
Astral Radiance,Hisuian Basculin,043/189,Reverse Holo,Common,Pokemon Astral Radiance,Hisuian Basculin [Reverse Holo] #43,astral radiance | hisuian basculin | 43 | reverse holo | ungraded,1,0
Astral Radiance,Hisuian Basculegion,044/189,Normal,Rare,Pokemon Astral Radiance,Hisuian Basculegion #44,astral radiance | hisuian basculegion | 44 |  | ungraded,1,1
Astral Radiance,Keldeo,045/189,Normal Holo,Rare Holo,Pokemon Astral Radiance,Keldeo [Holo] #45,astral radiance | keldeo | 45 | holo | ungraded,1,1
Astral Radiance,Keldeo,045/189,Reverse Holo,Rare Holo,Pokemon Astral Radiance,Keldeo [Reverse Holo] #45,astral radiance | keldeo | 45 | reverse holo | ungraded,1,1
Astral Radiance,Radiant Greninja,046/189,Normal Holo,Radiant Rare,Pokemon Astral Radiance,Radiant Greninja [Holo] #46,astral radiance | radiant greninja | 46 | holo | ungraded,1,0
Astral Radiance,Bergmite,047/189,Normal,Common,Pokemon Astral Radiance,Bergmite #47,astral radiance | bergmite | 47 |  | ungraded,2,1
Astral Radiance,Hisuian Avalugg,048/189,Normal,Rare,Pokemon Astral Radiance,Hisuian Avalugg #48,astral radiance | hisuian avalugg | 48 |  | ungraded,1,1
Astral Radiance,Galarian Mr. Rime V,049/189,Normal Holo,Holo Rare V,Pokemon Astral Radiance,Galarian Mr. Rime V [Holo] #49,astral radiance | galarian mr rime v | 49 | holo | ungraded,2,0
Astral Radiance,Regieleki,051/189,Normal,Rare,Pokemon Astral Radiance,Regieleki #51,astral radiance | regieleki | 51 |  | ungraded,1,1
Astral Radiance,Regieleki,051/189,Reverse Holo,Rare,Pokemon Astral Radiance,Regieleki [Reverse Holo] #51,astral radiance | regieleki | 51 | reverse holo | ungraded,2,1
Astral Radiance,Hisuian Typhlosion,052/189,Reverse Holo,Rare Holo,Pokemon Astral Radiance,Hisuian Typhlosion [Reverse Holo] #52,astral radiance | hisuian typhlosion | 52 | reverse holo | ungraded,2,1
Astral Radiance,Hisuian Typhlosion V,053/189,Normal Holo,Holo Rare V,Pokemon Astral Radiance,Hisuian Typhlosion V [Holo] #53,astral radiance | hisuian typhlosion v | 53 | holo | ungraded,1,0
Astral Radiance,Togepi,055/189,Normal,Common,Pokemon Astral Radiance,Togepi #55,astral radiance | togepi | 55 |  | ungraded,2,1
Astral Radiance,Togepi,055/189,Reverse Holo,Common,Pokemon Astral Radiance,Togepi [Reverse Holo] #55,astral radiance | togepi | 55 | reverse holo | ungraded,1,1
Astral Radiance,Togetic,056/189,Normal,Uncommon,Pokemon Astral Radiance,Togetic #56,astral radiance | togetic | 56 |  | ungraded,2,1
Astral Radiance,Togekiss,057/189,Normal Holo,Rare Holo,Pokemon Astral Radiance,Togekiss [Holo] #57,astral radiance | togekiss | 57 | holo | ungraded,1,0
Astral Radiance,Misdreavus,058/189,Normal,Common,Pokemon Astral Radiance,Misdreavus #58,astral radiance | misdreavus | 58 |  | ungraded,1,1
Astral Radiance,Misdreavus,058/189,Reverse Holo,Common,Pokemon Astral Radiance,Misdreavus [Reverse Holo] #58,astral radiance | misdreavus | 58 | reverse holo | ungraded,1,1
Astral Radiance,Mismagius,059/189,Normal,Rare,Pokemon Astral Radiance,Mismagius #59,astral radiance | mismagius | 59 |  | ungraded,1,1
Astral Radiance,Mismagius,059/189,Trick or Trade 2022,Rare,Pokemon Trick or Trade 2022,Mismagius [Holo] #59,trick or trade 2022 | mismagius | 59 | holo | ungraded,1,1
Astral Radiance,Ralts,060/189,Normal,Common,Pokemon Astral Radiance,Ralts #60,astral radiance | ralts | 60 |  | ungraded,1,1
Astral Radiance,Kirlia,061/189,Normal,Uncommon,Pokemon Astral Radiance,Kirlia #61,astral radiance | kirlia | 61 |  | ungraded,1,1
Astral Radiance,Gallade,062/189,Normal Holo,Rare Holo,Pokemon Astral Radiance,Gallade [Holo] #62,astral radiance | gallade | 62 | holo | ungraded,1,0
Astral Radiance,Gallade,062/189,Reverse Holo,Rare Holo,Pokemon Astral Radiance,Gallade [Reverse Holo] #62,astral radiance | gallade | 62 | reverse holo | ungraded,1,0
Astral Radiance,Drifloon,063/189,Normal,Common,Pokemon Astral Radiance,Drifloon #63,astral radiance | drifloon | 63 |  | ungraded,2,1
Astral Radiance,Drifblim,064/189,Normal,Uncommon,Pokemon Astral Radiance,Drifblim #64,astral radiance | drifblim | 64 |  | ungraded,2,1
Astral Radiance,Uxie,065/189,Normal,Uncommon,Pokemon Astral Radiance,Uxie #65,astral radiance | uxie | 65 |  | ungraded,2,1
Astral Radiance,Mesprit,066/189,Normal Holo,Rare Holo,Pokemon Astral Radiance,Mesprit [Holo] #66,astral radiance | mesprit | 66 | holo | ungraded,1,0
Astral Radiance,Azelf,067/189,Normal,Uncommon,Pokemon Astral Radiance,Azelf #67,astral radiance | azelf | 67 |  | ungraded,2,1
Astral Radiance,Azelf,067/189,Reverse Holo,Uncommon,Pokemon Astral Radiance,Azelf [Reverse Holo] #67,astral radiance | azelf | 67 | reverse holo | ungraded,1,1
Astral Radiance,Diancie,068/189,Reverse Holo,Rare Holo,Pokemon Astral Radiance,Diancie [Reverse Holo] #68,astral radiance | diancie | 68 | reverse holo | ungraded,1,0
Astral Radiance,Wyrdeer,069/189,Normal Holo,Rare Holo,Pokemon Astral Radiance,Wyrdeer [Holo] #69,astral radiance | wyrdeer | 69 | holo | ungraded,1,2
Astral Radiance,Wyrdeer,069/189,Reverse Holo,Rare Holo,Pokemon Astral Radiance,Wyrdeer [Reverse Holo] #69,astral radiance | wyrdeer | 69 | reverse holo | ungraded,1,0
Astral Radiance,Hisuian Growlithe,070/189,Normal,Common,Pokemon Astral Radiance,Hisuian Growlithe #70,astral radiance | hisuian growlithe | 70 |  | ungraded,2,1
Astral Radiance,Hisuian Arcanine,071/189,Normal,Rare,Pokemon Astral Radiance,Hisuian Arcanine #71,astral radiance | hisuian arcanine | 71 |  | ungraded,1,1
Astral Radiance,Hisuian Arcanine,071/189,Reverse Holo,Rare,Pokemon Astral Radiance,Hisuian Arcanine [Reverse Holo] #71,astral radiance | hisuian arcanine | 71 | reverse holo | ungraded,1,1
Astral Radiance,Machamp V,072/189,Normal Holo,Holo Rare V,Pokemon Astral Radiance,Machamp V [Holo] #72,astral radiance | machamp v | 72 | holo | ungraded,1,0
Astral Radiance,Sudowoodo,074/189,Normal,Common,Pokemon Astral Radiance,Sudowoodo #74,astral radiance | sudowoodo | 74 |  | ungraded,2,1
Astral Radiance,Sudowoodo,074/189,Reverse Holo,Common,Pokemon Astral Radiance,Sudowoodo [Reverse Holo] #74,astral radiance | sudowoodo | 74 | reverse holo | ungraded,1,1
Astral Radiance,Regirock,075/189,Normal,Rare,Pokemon Astral Radiance,Regirock #75,astral radiance | regirock | 75 |  | ungraded,2,1
Astral Radiance,Cranidos,076/189,Normal,Uncommon,Pokemon Astral Radiance,Cranidos #76,astral radiance | cranidos | 76 |  | ungraded,1,1
Astral Radiance,Cranidos,076/189,Reverse Holo,Uncommon,Pokemon Astral Radiance,Cranidos [Reverse Holo] #76,astral radiance | cranidos | 76 | reverse holo | ungraded,2,1
Astral Radiance,Rampardos,077/189,Normal Holo,Rare Holo,Pokemon Astral Radiance,Rampardos [Holo] #77,astral radiance | rampardos | 77 | holo | ungraded,1,0
Astral Radiance,Lucario V,078/189,Normal Holo,Holo Rare V,Pokemon Astral Radiance,Lucario V [Holo] #78,astral radiance | lucario v | 78 | holo | ungraded,2,0
Astral Radiance,Hippopotas,079/189,Normal,Common,Pokemon Astral Radiance,Hippopotas #79,astral radiance | hippopotas | 79 |  | ungraded,2,1
Astral Radiance,Hippopotas,079/189,Reverse Holo,Common,Pokemon Astral Radiance,Hippopotas [Reverse Holo] #79,astral radiance | hippopotas | 79 | reverse holo | ungraded,1,1
Astral Radiance,Hippowdon,080/189,Normal,Uncommon,Pokemon Astral Radiance,Hippowdon #80,astral radiance | hippowdon | 80 |  | ungraded,2,1
Astral Radiance,Hippowdon,080/189,Reverse Holo,Uncommon,Pokemon Astral Radiance,Hippowdon [Reverse Holo] #80,astral radiance | hippowdon | 80 | reverse holo | ungraded,2,1
Astral Radiance,Radiant Hawlucha,081/189,Normal Holo,Radiant Rare,Pokemon Astral Radiance,Radiant Hawlucha [Holo] #81,astral radiance | radiant hawlucha | 81 | holo | ungraded,2,0
Astral Radiance,Hisuian Decidueye,082/189,Normal Holo,Rare Holo,Pokemon Astral Radiance,Hisuian Decidueye [Holo] #82,astral radiance | hisuian decidueye | 82 | holo | ungraded,2,2
Astral Radiance,Hisuian Decidueye,082/189,Reverse Holo,Rare Holo,Pokemon Astral Radiance,Hisuian Decidueye [Reverse Holo] #82,astral radiance | hisuian decidueye | 82 | reverse holo | ungraded,1,1
Astral Radiance,Hisuian Decidueye V,083/189,Normal Holo,Holo Rare V,Pokemon Astral Radiance,Hisuian Decidueye V [Holo] #83,astral radiance | hisuian decidueye v | 83 | holo | ungraded,2,0
Astral Radiance,Kleavor,085/189,Normal,Rare,Pokemon Astral Radiance,Kleavor #85,astral radiance | kleavor | 85 |  | ungraded,1,1
Astral Radiance,Kleavor,085/189,Reverse Holo,Rare,Pokemon Astral Radiance,Kleavor [Reverse Holo] #85,astral radiance | kleavor | 85 | reverse holo | ungraded,1,0
Astral Radiance,Kleavor,086/189,Normal Holo,Rare Holo,Pokemon Astral Radiance,Kleavor [Holo] #86,astral radiance | kleavor | 86 | holo | ungraded,2,1
Astral Radiance,Hisuian Qwilfish,088/189,Normal,Common,Pokemon Astral Radiance,Hisuian Qwilfish #88,astral radiance | hisuian qwilfish | 88 |  | ungraded,2,1
Astral Radiance,Hisuian Qwilfish,089/189,Normal,Common,Pokemon Astral Radiance,Hisuian Qwilfish #89,astral radiance | hisuian qwilfish | 89 |  | ungraded,2,1
Astral Radiance,Hisuian Qwilfish,089/189,Reverse Holo,Common,Pokemon Astral Radiance,Hisuian Qwilfish [Reverse Holo] #89,astral radiance | hisuian qwilfish | 89 | reverse holo | ungraded,1,1
Astral Radiance,Hisuian Overqwil,090/189,Normal,Uncommon,Pokemon Astral Radiance,Hisuian Overqwil #90,astral radiance | hisuian overqwil | 90 |  | ungraded,1,1
Astral Radiance,Hisuian Overqwil,091/189,Normal,Rare,Pokemon Astral Radiance,Hisuian Overqwil #91,astral radiance | hisuian overqwil | 91 |  | ungraded,1,1
Astral Radiance,Hisuian Overqwil,091/189,Reverse Holo,Rare,Pokemon Astral Radiance,Hisuian Overqwil [Reverse Holo] #91,astral radiance | hisuian overqwil | 91 | reverse holo | ungraded,1,1
Astral Radiance,Hisuian Sneasel,092/189,Normal,Common,Pokemon Astral Radiance,Hisuian Sneasel #92,astral radiance | hisuian sneasel | 92 |  | ungraded,1,1
Astral Radiance,Hisuian Sneasel,092/189,Reverse Holo,Common,Pokemon Astral Radiance,Hisuian Sneasel [Reverse Holo] #92,astral radiance | hisuian sneasel | 92 | reverse holo | ungraded,1,1
Astral Radiance,Hisuian Sneasler,093/189,Normal Holo,Rare Holo,Pokemon Astral Radiance,Hisuian Sneasler [Holo] #93,astral radiance | hisuian sneasler | 93 | holo | ungraded,1,1
Astral Radiance,Hisuian Sneasler,093/189,Reverse Holo,Rare Holo,Pokemon Astral Radiance,Hisuian Sneasler [Reverse Holo] #93,astral radiance | hisuian sneasler | 93 | reverse holo | ungraded,1,0
Astral Radiance,Hisuian Sneasler V,094/189,Normal Holo,Holo Rare V,Pokemon Astral Radiance,Hisuian Sneasler V [Holo] #94,astral radiance | hisuian sneasler v | 94 | holo | ungraded,1,0
Astral Radiance,Poochyena,095/189,Normal,Common,Pokemon Astral Radiance,Poochyena #95,astral radiance | poochyena | 95 |  | ungraded,2,1
Astral Radiance,Mightyena,096/189,Normal,Rare,Pokemon Astral Radiance,Mightyena #96,astral radiance | mightyena | 96 |  | ungraded,1,1
Astral Radiance,Mightyena,096/189,Reverse Holo,Rare,Pokemon Astral Radiance,Mightyena [Reverse Holo] #96,astral radiance | mightyena | 96 | reverse holo | ungraded,1,1
Astral Radiance,Absol,097/189,Normal Holo,Rare Holo,Pokemon Astral Radiance,Absol [Holo] #97,astral radiance | absol | 97 | holo | ungraded,1,1
Astral Radiance,Absol,097/189,Reverse Holo,Rare Holo,Pokemon Astral Radiance,Absol [Reverse Holo] #97,astral radiance | absol | 97 | reverse holo | ungraded,1,0
Astral Radiance,Darkrai V,098/189,Normal Holo,Holo Rare V,Pokemon Astral Radiance,Darkrai V [Holo] #98,astral radiance | darkrai v | 98 | holo | ungraded,2,0
Astral Radiance,Hisuian Samurott VSTAR,102/189,Normal Holo,Holo Rare VSTAR,Pokemon Astral Radiance,Hisuian Samurott VSTAR [Holo] #102,astral radiance | hisuian samurott vstar | 102 | holo | ungraded,1,0
Astral Radiance,Nickit,103/189,Normal,Common,Pokemon Astral Radiance,Nickit #103,astral radiance | nickit | 103 |  | ungraded,2,1
Astral Radiance,Thievul,104/189,Normal,Rare,Pokemon Astral Radiance,Thievul #104,astral radiance | thievul | 104 |  | ungraded,1,1
Astral Radiance,Thievul,104/189,Reverse Holo,Rare,Pokemon Astral Radiance,Thievul [Reverse Holo] #104,astral radiance | thievul | 104 | reverse holo | ungraded,1,1
Astral Radiance,Magnemite,105/189,Normal,Common,Pokemon Astral Radiance,Magnemite #105,astral radiance | magnemite | 105 |  | ungraded,1,1
Astral Radiance,Magnemite,105/189,Reverse Holo,Common,Pokemon Astral Radiance,Magnemite [Reverse Holo] #105,astral radiance | magnemite | 105 | reverse holo | ungraded,1,1
Astral Radiance,Magneton,106/189,Normal,Uncommon,Pokemon Astral Radiance,Magneton #106,astral radiance | magneton | 106 |  | ungraded,1,1
Astral Radiance,Registeel,108/189,Normal,Rare,Pokemon Astral Radiance,Registeel #108,astral radiance | registeel | 108 |  | ungraded,1,1
Astral Radiance,Registeel,108/189,Reverse Holo,Rare,Pokemon Astral Radiance,Registeel [Reverse Holo] #108,astral radiance | registeel | 108 | reverse holo | ungraded,1,0
Astral Radiance,Shieldon,109/189,Normal,Uncommon,Pokemon Astral Radiance,Shieldon #109,astral radiance | shieldon | 109 |  | ungraded,1,1
Astral Radiance,Bastiodon,110/189,Normal Holo,Rare Holo,Pokemon Astral Radiance,Bastiodon [Holo] #110,astral radiance | bastiodon | 110 | holo | ungraded,1,0
Astral Radiance,Bronzor,111/189,Normal,Common,Pokemon Astral Radiance,Bronzor #111,astral radiance | bronzor | 111 |  | ungraded,2,1
Astral Radiance,Bronzong,112/189,Normal,Uncommon,Pokemon Astral Radiance,Bronzong #112,astral radiance | bronzong | 112 |  | ungraded,1,1
Astral Radiance,Bronzong,112/189,Reverse Holo,Uncommon,Pokemon Astral Radiance,Bronzong [Reverse Holo] #112,astral radiance | bronzong | 112 | reverse holo | ungraded,1,1
Astral Radiance,Origin Forme Dialga VSTAR,114/189,Normal Holo,Holo Rare VSTAR,Pokemon Astral Radiance,Origin Forme Dialga VSTAR [Holo] #114,astral radiance | origin forme dialga vstar | 114 | holo | ungraded,1,0
Astral Radiance,Pawniard,115/189,Normal,Common,Pokemon Astral Radiance,Pawniard #115,astral radiance | pawniard | 115 |  | ungraded,2,1
Astral Radiance,Bisharp,116/189,Normal,Uncommon,Pokemon Astral Radiance,Bisharp #116,astral radiance | bisharp | 116 |  | ungraded,2,1
Astral Radiance,Garchomp V,117/189,Normal Holo,Holo Rare V,Pokemon Astral Radiance,Garchomp V [Holo] #117,astral radiance | garchomp v | 117 | holo | ungraded,1,0
Astral Radiance,Regidrago,118/189,Normal,Rare,Pokemon Astral Radiance,Regidrago #118,astral radiance | regidrago | 118 |  | ungraded,2,1
Astral Radiance,Eevee,119/189,Normal,Common,Pokemon Astral Radiance,Eevee #119,astral radiance | eevee | 119 |  | ungraded,2,1
Astral Radiance,Hoothoot,120/189,Normal,Common,Pokemon Astral Radiance,Hoothoot #120,astral radiance | hoothoot | 120 |  | ungraded,2,1
Astral Radiance,Hoothoot,120/189,Reverse Holo,Common,Pokemon Astral Radiance,Hoothoot [Reverse Holo] #120,astral radiance | hoothoot | 120 | reverse holo | ungraded,1,1
Astral Radiance,Noctowl,121/189,Normal,Uncommon,Pokemon Astral Radiance,Noctowl #121,astral radiance | noctowl | 121 |  | ungraded,2,1
Astral Radiance,Noctowl,121/189,Reverse Holo,Uncommon,Pokemon Astral Radiance,Noctowl [Reverse Holo] #121,astral radiance | noctowl | 121 | reverse holo | ungraded,1,0
Astral Radiance,Teddiursa,122/189,Normal,Common,Pokemon Astral Radiance,Teddiursa #122,astral radiance | teddiursa | 122 |  | ungraded,1,1
Astral Radiance,Ursaring,123/189,Normal,Uncommon,Pokemon Astral Radiance,Ursaring #123,astral radiance | ursaring | 123 |  | ungraded,2,1
Astral Radiance,Ursaluna,124/189,Normal,Rare,Pokemon Astral Radiance,Ursaluna #124,astral radiance | ursaluna | 124 |  | ungraded,1,1
Astral Radiance,Stantler,125/189,Normal,Common,Pokemon Astral Radiance,Stantler #125,astral radiance | stantler | 125 |  | ungraded,2,1
Astral Radiance,Stantler,125/189,Reverse Holo,Common,Pokemon Astral Radiance,Stantler [Reverse Holo] #125,astral radiance | stantler | 125 | reverse holo | ungraded,1,0
Astral Radiance,Miltank,126/189,Normal Holo,Rare Holo,Pokemon Astral Radiance,Miltank [Holo] #126,astral radiance | miltank | 126 | holo | ungraded,1,0
Astral Radiance,Glameow,127/189,Normal,Common,Pokemon Astral Radiance,Glameow #127,astral radiance | glameow | 127 |  | ungraded,2,1
Astral Radiance,Purugly,128/189,Normal,Uncommon,Pokemon Astral Radiance,Purugly #128,astral radiance | purugly | 128 |  | ungraded,2,1
Astral Radiance,Chatot,129/189,Normal,Common,Pokemon Astral Radiance,Chatot #129,astral radiance | chatot | 129 |  | ungraded,2,1
Astral Radiance,Chatot,129/189,Reverse Holo,Common,Pokemon Astral Radiance,Chatot [Reverse Holo] #129,astral radiance | chatot | 129 | reverse holo | ungraded,1,1
Astral Radiance,Regigigas,130/189,Normal Holo,Rare Holo,Pokemon Astral Radiance,Regigigas [Holo] #130,astral radiance | regigigas | 130 | holo | ungraded,1,0
Astral Radiance,Rufflet,131/189,Normal,Common,Pokemon Astral Radiance,Rufflet #131,astral radiance | rufflet | 131 |  | ungraded,2,1
Astral Radiance,Hisuian Braviary,132/189,Normal,Rare,Pokemon Astral Radiance,Hisuian Braviary #132,astral radiance | hisuian braviary | 132 |  | ungraded,1,1
Astral Radiance,Hisuian Braviary,132/189,Reverse Holo,Rare,Pokemon Astral Radiance,Hisuian Braviary [Reverse Holo] #132,astral radiance | hisuian braviary | 132 | reverse holo | ungraded,2,1
Astral Radiance,Wyrdeer V,134/189,Normal Holo,Holo Rare V,Pokemon Astral Radiance,Wyrdeer V [Holo] #134,astral radiance | wyrdeer v | 134 | holo | ungraded,1,0
Astral Radiance,Adaman,135/189,Normal Holo,Rare Holo,Pokemon Astral Radiance,Adaman [Holo] #135,astral radiance | adaman | 135 | holo | ungraded,1,1
Astral Radiance,Canceling Cologne,136/189,Normal,Uncommon,Pokemon Astral Radiance,Canceling Cologne #136,astral radiance | canceling cologne | 136 |  | ungraded,1,1
Astral Radiance,Choy,137/189,Normal,Uncommon,Pokemon Astral Radiance,Choy #137,astral radiance | choy | 137 |  | ungraded,1,1
Astral Radiance,Cyllene,138/189,Normal,Uncommon,Pokemon Astral Radiance,Cyllene #138,astral radiance | cyllene | 138 |  | ungraded,1,1
Astral Radiance,Dark Patch,139/189,Normal,Uncommon,Pokemon Astral Radiance,Dark Patch #139,astral radiance | dark patch | 139 |  | ungraded,2,1
Astral Radiance,Energy Loto,140/189,Normal,Uncommon,Pokemon Astral Radiance,Energy Loto #140,astral radiance | energy loto | 140 |  | ungraded,1,1
Astral Radiance,Energy Loto,140/189,Reverse Holo,Uncommon,Pokemon Astral Radiance,Energy Loto [Reverse Holo] #140,astral radiance | energy loto | 140 | reverse holo | ungraded,1,1
Astral Radiance,Feather Ball,141/189,Normal,Uncommon,Pokemon Astral Radiance,Feather Ball #141,astral radiance | feather ball | 141 |  | ungraded,1,1
Astral Radiance,Gapejaw Bog,142/189,Normal,Uncommon,Pokemon Astral Radiance,Gapejaw Bog #142,astral radiance | gapejaw bog | 142 |  | ungraded,1,1
Astral Radiance,Gapejaw Bog,142/189,Reverse Holo,Uncommon,Pokemon Astral Radiance,Gapejaw Bog [Reverse Holo] #142,astral radiance | gapejaw bog | 142 | reverse holo | ungraded,1,0
Astral Radiance,Gardenia's Vigor,143/189,Normal,Uncommon,Pokemon Astral Radiance,Gardenia's Vigor #143,astral radiance | gardenia s vigor | 143 |  | ungraded,2,1
Astral Radiance,Gardenia's Vigor,143/189,Reverse Holo,Uncommon,Pokemon Astral Radiance,Gardenia's Vigor [Reverse Holo] #143,astral radiance | gardenia s vigor | 143 | reverse holo | ungraded,1,0
Astral Radiance,Grant,144/189,Normal,Uncommon,Pokemon Astral Radiance,Grant #144,astral radiance | grant | 144 |  | ungraded,1,1
Astral Radiance,Grant,144/189,Reverse Holo,Uncommon,Pokemon Astral Radiance,Grant [Reverse Holo] #144,astral radiance | grant | 144 | reverse holo | ungraded,2,1
Astral Radiance,Gutsy Pickaxe,145/189,Normal,Uncommon,Pokemon Astral Radiance,Gutsy Pickaxe #145,astral radiance | gutsy pickaxe | 145 |  | ungraded,2,1
Astral Radiance,Hisuian Heavy Ball,146/189,Normal,Uncommon,Pokemon Astral Radiance,Hisuian Heavy Ball #146,astral radiance | hisuian heavy ball | 146 |  | ungraded,2,1
Astral Radiance,Hisuian Heavy Ball,146/189,Reverse Holo,Uncommon,Pokemon Astral Radiance,Hisuian Heavy Ball [Reverse Holo] #146,astral radiance | hisuian heavy ball | 146 | reverse holo | ungraded,1,1
Astral Radiance,Jubilife Village,148/189,Normal,Uncommon,Pokemon Astral Radiance,Jubilife Village #148,astral radiance | jubilife village | 148 |  | ungraded,2,1
Astral Radiance,Jubilife Village,148/189,Reverse Holo,Uncommon,Pokemon Astral Radiance,Jubilife Village [Reverse Holo] #148,astral radiance | jubilife village | 148 | reverse holo | ungraded,2,1
Astral Radiance,Kamado,149/189,Normal,Uncommon,Pokemon Astral Radiance,Kamado #149,astral radiance | kamado | 149 |  | ungraded,2,1
Astral Radiance,Kamado,149/189,Reverse Holo,Uncommon,Pokemon Astral Radiance,Kamado [Reverse Holo] #149,astral radiance | kamado | 149 | reverse holo | ungraded,2,1
Astral Radiance,Roxanne,150/189,Normal,Uncommon,Pokemon Astral Radiance,Roxanne #150,astral radiance | roxanne | 150 |  | ungraded,1,1
Astral Radiance,Spicy Seasoned Curry,151/189,Normal,Uncommon,Pokemon Astral Radiance,Spicy Seasoned Curry #151,astral radiance | spicy seasoned curry | 151 |  | ungraded,2,1
Astral Radiance,Spicy Seasoned Curry,151/189,Reverse Holo,Uncommon,Pokemon Astral Radiance,Spicy Seasoned Curry [Reverse Holo] #151,astral radiance | spicy seasoned curry | 151 | reverse holo | ungraded,1,1
Astral Radiance,Supereffective Glasses,152/189,Normal,Uncommon,Pokemon Astral Radiance,Supereffective Glasses #152,astral radiance | supereffective glasses | 152 |  | ungraded,1,1
Astral Radiance,Sweet Honey,153/189,Normal,Uncommon,Pokemon Astral Radiance,Sweet Honey #153,astral radiance | sweet honey | 153 |  | ungraded,2,1
Astral Radiance,Sweet Honey,153/189,Reverse Holo,Uncommon,Pokemon Astral Radiance,Sweet Honey [Reverse Holo] #153,astral radiance | sweet honey | 153 | reverse holo | ungraded,2,1
Astral Radiance,Switch Cart,154/189,Normal,Uncommon,Pokemon Astral Radiance,Switch Cart #154,astral radiance | switch cart | 154 |  | ungraded,2,1
Astral Radiance,Switch Cart,154/189,Reverse Holo,Uncommon,Pokemon Astral Radiance,Switch Cart [Reverse Holo] #154,astral radiance | switch cart | 154 | reverse holo | ungraded,2,1
Astral Radiance,Temple of Sinnoh,155/189,Normal,Uncommon,Pokemon Astral Radiance,Temple of Sinnoh #155,astral radiance | temple of sinnoh | 155 |  | ungraded,1,1
Astral Radiance,Trekking Shoes,156/189,Normal,Uncommon,Pokemon Astral Radiance,Trekking Shoes #156,astral radiance | trekking shoes | 156 |  | ungraded,2,1
Astral Radiance,Trekking Shoes,156/189,Reverse Holo,Uncommon,Pokemon Astral Radiance,Trekking Shoes [Reverse Holo] #156,astral radiance | trekking shoes | 156 | reverse holo | ungraded,1,1
Astral Radiance,Unidentified Fossil,157/189,Normal,Uncommon,Pokemon Astral Radiance,Unidentified Fossil #157,astral radiance | unidentified fossil | 157 |  | ungraded,1,1
Astral Radiance,Unidentified Fossil,157/189,Reverse Holo,Uncommon,Pokemon Astral Radiance,Unidentified Fossil [Reverse Holo] #157,astral radiance | unidentified fossil | 157 | reverse holo | ungraded,1,1
Astral Radiance,Wait and See Turbo,158/189,Normal,Uncommon,Pokemon Astral Radiance,Wait and See Turbo #158,astral radiance | wait and see turbo | 158 |  | ungraded,1,1
Astral Radiance,Wait and See Turbo,158/189,Reverse Holo,Uncommon,Pokemon Astral Radiance,Wait and See Turbo [Reverse Holo] #158,astral radiance | wait and see turbo | 158 | reverse holo | ungraded,1,1
Astral Radiance,Zisu,159/189,Normal,Uncommon,Pokemon Astral Radiance,Zisu #159,astral radiance | zisu | 159 |  | ungraded,2,1
Astral Radiance,Beedrill V,160/189,Normal Holo,Rare Ultra,Pokemon Astral Radiance,Beedrill V [Holo] #160,astral radiance | beedrill v | 160 | holo | ungraded,1,0
Astral Radiance,Beedrill V,161/189,Normal Holo,Rare Ultra,Pokemon Astral Radiance,Beedrill V [Holo] #161,astral radiance | beedrill v | 161 | holo | ungraded,1,0
Astral Radiance,Hisuian Typhlosion V,169/189,Normal Holo,Rare Ultra,Pokemon Astral Radiance,Hisuian Typhlosion V [Holo] #169,astral radiance | hisuian typhlosion v | 169 | holo | ungraded,1,0
Astral Radiance,Origin Forme Dialga V,177/189,Normal Holo,Rare Ultra,Pokemon Astral Radiance,Origin Forme Dialga V [Holo] #177,astral radiance | origin forme dialga v | 177 | holo | ungraded,1,0
Astral Radiance,Wyrdeer V,180/189,Normal Holo,Rare Ultra,Pokemon Astral Radiance,Wyrdeer V [Holo] #180,astral radiance | wyrdeer v | 180 | holo | ungraded,1,0
Astral Radiance,Adaman,181/189,Normal Holo,Rare Ultra,Pokemon Astral Radiance,Adaman [Holo] #181,astral radiance | adaman | 181 | holo | ungraded,1,0
Astral Radiance,Heatran VMAX,191/189,Normal Holo,Rare Rainbow,Pokemon Astral Radiance,Heatran VMAX [Holo] #191,astral radiance | heatran vmax | 191 | holo | ungraded,1,0
Astral Radiance,Hisuian Samurott VSTAR,209/189,Normal Holo,Rare Secret,Pokemon Astral Radiance,Hisuian Samurott VSTAR [Holo] #209,astral radiance | hisuian samurott vstar | 209 | holo | ungraded,1,0
Astral Radiance,Abomasnow,TG01/TG30,Normal Holo,Rare Holo,Pokemon Astral Radiance,Abomasnow [Holo] #TG01,astral radiance | abomasnow | tg01 | holo | ungraded,1,0
Astral Radiance,Flapple,TG02/TG30,Normal Holo,Rare Holo,Pokemon Astral Radiance,Flapple [Holo] #TG02,astral radiance | flapple | tg02 | holo | ungraded,2,0
Astral Radiance,Kingdra,TG03/TG30,Normal Holo,Rare Holo,Pokemon Astral Radiance,Kingdra [Holo] #TG03,astral radiance | kingdra | tg03 | holo | ungraded,1,0
Astral Radiance,Wyrdeer,TG06/TG30,Normal Holo,Rare Holo,Pokemon Astral Radiance,Wyrdeer [Holo] #TG06,astral radiance | wyrdeer | tg06 | holo | ungraded,1,0
Astral Radiance,Falinks,TG07/TG30,Normal Holo,Rare Holo,Pokemon Astral Radiance,Falinks [Holo] #TG07,astral radiance | falinks | tg07 | holo | ungraded,3,0
Astral Radiance,Kleavor,TG08/TG30,Normal Holo,Rare Holo,Pokemon Astral Radiance,Kleavor [Holo] #TG08,astral radiance | kleavor | tg08 | holo | ungraded,1,0
Astral Radiance,Mightyena,TG09/TG30,Normal Holo,Rare Holo,Pokemon Astral Radiance,Mightyena [Holo] #TG09,astral radiance | mightyena | tg09 | holo | ungraded,1,0
Astral Radiance,Hoothoot,TG12/TG30,Normal Holo,Rare Holo,Pokemon Astral Radiance,Hoothoot [Holo] #TG12,astral radiance | hoothoot | tg12 | holo | ungraded,1,0
Astral Radiance,Melony,TG26/TG30,Normal Holo,Rare Ultra,Pokemon Astral Radiance,Melony [Holo] #TG26,astral radiance | melony | tg26 | holo | ungraded,1,0
Astral Radiance,Milo,TG27/TG30,Normal Holo,Rare Ultra,Pokemon Astral Radiance,Milo [Holo] #TG27,astral radiance | milo | tg27 | holo | ungraded,1,0
Astral Radiance,Shadow Rider Calyrex VMAX,TG30/TG30,Normal Holo,Rare Secret,Pokemon Astral Radiance,Shadow Rider Calyrex VMAX [Holo] #TG30,astral radiance | shadow rider calyrex vmax | tg30 | holo | ungraded,1,0
2022 Energies,Grass Energy,,Non-holo,,Pokemon 2022 Energies,Grass Energy,2022 energies | grass energy |  |  | ungraded,1,0
2022 Energies,Fire Energy,,Non-holo,,Pokemon 2022 Energies,Fire Energy,2022 energies | fire energy |  |  | ungraded,1,0
2022 Energies,Water Energy,,Non-holo,,Pokemon 2022 Energies,Water Energy,2022 energies | water energy |  |  | ungraded,1,0
2022 Energies,Lightning Energy,,Non-holo,,Pokemon 2022 Energies,Lightning Energy,2022 energies | lightning energy |  |  | ungraded,1,0
2022 Energies,Psychic Energy,,Non-holo,,Pokemon 2022 Energies,Psychic Energy,2022 energies | psychic energy |  |  | ungraded,1,0
2022 Energies,Fighting Energy,,Non-holo,,Pokemon 2022 Energies,Fighting Energy,2022 energies | fighting energy |  |  | ungraded,1,0
2022 Energies,Darkness Energy,,Non-holo,,Pokemon 2022 Energies,Darkness Energy,2022 energies | darkness energy |  |  | ungraded,1,0
2022 Energies,Darkness Energy,,Mirror Holo,,Pokemon 2022 Energies,Darkness Energy [Mirror Holo],2022 energies | darkness energy |  | mirror holo | ungraded,1,0
2022 Energies,Metal Energy,,Non-holo,,Pokemon 2022 Energies,Metal Energy,2022 energies | metal energy |  |  | ungraded,1,0
Brilliant Stars,Exeggcute,001/172,Normal,Common,Pokemon Brilliant Stars,Exeggcute #1,brilliant stars | exeggcute | 1 |  | ungraded,1,1
Brilliant Stars,Exeggcute,001/172,Reverse Holo,Common,Pokemon Brilliant Stars,Exeggcute [Reverse Holo] #1,brilliant stars | exeggcute | 1 | reverse holo | ungraded,2,1
Brilliant Stars,Exeggutor,002/172,Normal,Uncommon,Pokemon Brilliant Stars,Exeggutor #2,brilliant stars | exeggutor | 2 |  | ungraded,1,1
Brilliant Stars,Exeggutor,002/172,Reverse Holo,Uncommon,Pokemon Brilliant Stars,Exeggutor [Reverse Holo] #2,brilliant stars | exeggutor | 2 | reverse holo | ungraded,1,0
Brilliant Stars,Shroomish,003/172,Normal,Common,Pokemon Brilliant Stars,Shroomish #3,brilliant stars | shroomish | 3 |  | ungraded,1,1
Brilliant Stars,Shroomish,003/172,Reverse Holo,Common,Pokemon Brilliant Stars,Shroomish [Reverse Holo] #3,brilliant stars | shroomish | 3 | reverse holo | ungraded,1,1
Brilliant Stars,Breloom,004/172,Normal,Rare,Pokemon Brilliant Stars,Breloom #4,brilliant stars | breloom | 4 |  | ungraded,1,1
Brilliant Stars,Breloom,004/172,Reverse Holo,Rare,Pokemon Brilliant Stars,Breloom [Reverse Holo] #4,brilliant stars | breloom | 4 | reverse holo | ungraded,1,1
Brilliant Stars,Tropius,005/172,Normal,Uncommon,Pokemon Brilliant Stars,Tropius #5,brilliant stars | tropius | 5 |  | ungraded,1,1
Brilliant Stars,Tropius,005/172,Reverse Holo,Uncommon,Pokemon Brilliant Stars,Tropius [Reverse Holo] #5,brilliant stars | tropius | 5 | reverse holo | ungraded,1,1
Brilliant Stars,Turtwig,006/172,Normal,Common,Pokemon Brilliant Stars,Turtwig #6,brilliant stars | turtwig | 6 |  | ungraded,1,1
Brilliant Stars,Turtwig,006/172,Reverse Holo,Common,Pokemon Brilliant Stars,Turtwig [Reverse Holo] #6,brilliant stars | turtwig | 6 | reverse holo | ungraded,1,1
Brilliant Stars,Grotle,007/172,Normal,Uncommon,Pokemon Brilliant Stars,Grotle #7,brilliant stars | grotle | 7 |  | ungraded,1,1
Brilliant Stars,Grotle,007/172,Reverse Holo,Uncommon,Pokemon Brilliant Stars,Grotle [Reverse Holo] #7,brilliant stars | grotle | 7 | reverse holo | ungraded,3,1
Brilliant Stars,Torterra,008/172,Normal Holo,Rare Holo,Pokemon Brilliant Stars,Torterra [Holo] #8,brilliant stars | torterra | 8 | holo | ungraded,1,2
Brilliant Stars,Torterra,008/172,Reverse Holo,Rare Holo,Pokemon Brilliant Stars,Torterra [Reverse Holo] #8,brilliant stars | torterra | 8 | reverse holo | ungraded,1,1
Brilliant Stars,Burmy,009/172,Normal,Common,Pokemon Brilliant Stars,Burmy #9,brilliant stars | burmy | 9 |  | ungraded,1,1
Brilliant Stars,Wormadam,010/172,Normal,Rare,Pokemon Brilliant Stars,Wormadam #10,brilliant stars | wormadam | 10 |  | ungraded,1,1
Brilliant Stars,Mothim,011/172,Normal,Rare,Pokemon Brilliant Stars,Mothim #11,brilliant stars | mothim | 11 |  | ungraded,1,1
Brilliant Stars,Mothim,011/172,Reverse Holo,Rare,Pokemon Brilliant Stars,Mothim [Reverse Holo] #11,brilliant stars | mothim | 11 | reverse holo | ungraded,2,1
Brilliant Stars,Cherubi,012/172,Normal,Common,Pokemon Brilliant Stars,Cherubi #12,brilliant stars | cherubi | 12 |  | ungraded,1,1
Brilliant Stars,Cherubi,012/172,Reverse Holo,Common,Pokemon Brilliant Stars,Cherubi [Reverse Holo] #12,brilliant stars | cherubi | 12 | reverse holo | ungraded,2,1
Brilliant Stars,Shaymin V,013/172,Normal Holo,Holo Rare V,Pokemon Brilliant Stars,Shaymin V [Holo] #13,brilliant stars | shaymin v | 13 | holo | ungraded,2,0
Brilliant Stars,Karrablast,015/172,Normal,Common,Pokemon Brilliant Stars,Karrablast #15,brilliant stars | karrablast | 15 |  | ungraded,1,1
Brilliant Stars,Karrablast,015/172,Reverse Holo,Common,Pokemon Brilliant Stars,Karrablast [Reverse Holo] #15,brilliant stars | karrablast | 15 | reverse holo | ungraded,1,1
Brilliant Stars,Zarude V,016/172,Normal Holo,Holo Rare V,Pokemon Brilliant Stars,Zarude V [Holo] #16,brilliant stars | zarude v | 16 | holo | ungraded,1,0
Brilliant Stars,Charizard VSTAR,018/172,Normal Holo,Holo Rare VSTAR,Pokemon Brilliant Stars,Charizard VSTAR [Holo] #18,brilliant stars | charizard vstar | 18 | holo | ungraded,1,0
Brilliant Stars,Magmar,019/172,Normal,Common,Pokemon Brilliant Stars,Magmar #19,brilliant stars | magmar | 19 |  | ungraded,1,1
Brilliant Stars,Magmortar,020/172,Normal,Rare,Pokemon Brilliant Stars,Magmortar #20,brilliant stars | magmortar | 20 |  | ungraded,1,1
Brilliant Stars,Magmortar,020/172,Reverse Holo,Rare,Pokemon Brilliant Stars,Magmortar [Reverse Holo] #20,brilliant stars | magmortar | 20 | reverse holo | ungraded,1,1
Brilliant Stars,Moltres,021/172,Normal Holo,Rare Holo,Pokemon Brilliant Stars,Moltres [Holo] #21,brilliant stars | moltres | 21 | holo | ungraded,2,2
Brilliant Stars,Torkoal,023/172,Normal,Uncommon,Pokemon Brilliant Stars,Torkoal #23,brilliant stars | torkoal | 23 |  | ungraded,1,1
Brilliant Stars,Chimchar,024/172,Normal,Common,Pokemon Brilliant Stars,Chimchar #24,brilliant stars | chimchar | 24 |  | ungraded,1,1
Brilliant Stars,Chimchar,024/172,Reverse Holo,Common,Pokemon Brilliant Stars,Chimchar [Reverse Holo] #24,brilliant stars | chimchar | 24 | reverse holo | ungraded,2,1
Brilliant Stars,Monferno,025/172,Normal,Uncommon,Pokemon Brilliant Stars,Monferno #25,brilliant stars | monferno | 25 |  | ungraded,1,1
Brilliant Stars,Monferno,025/172,Reverse Holo,Uncommon,Pokemon Brilliant Stars,Monferno [Reverse Holo] #25,brilliant stars | monferno | 25 | reverse holo | ungraded,1,1
Brilliant Stars,Infernape,026/172,Normal Holo,Rare Holo,Pokemon Brilliant Stars,Infernape [Holo] #26,brilliant stars | infernape | 26 | holo | ungraded,1,2
Brilliant Stars,Infernape,026/172,Reverse Holo,Rare Holo,Pokemon Brilliant Stars,Infernape [Reverse Holo] #26,brilliant stars | infernape | 26 | reverse holo | ungraded,1,1
Brilliant Stars,Simisear V,027/172,Normal Holo,Holo Rare V,Pokemon Brilliant Stars,Simisear V [Holo] #27,brilliant stars | simisear v | 27 | holo | ungraded,3,0
Brilliant Stars,Kingler V,028/172,Normal Holo,Holo Rare V,Pokemon Brilliant Stars,Kingler V [Holo] #28,brilliant stars | kingler v | 28 | holo | ungraded,1,0
Brilliant Stars,Staryu,030/172,Normal,Common,Pokemon Brilliant Stars,Staryu #30,brilliant stars | staryu | 30 |  | ungraded,1,1
Brilliant Stars,Staryu,030/172,Reverse Holo,Common,Pokemon Brilliant Stars,Staryu [Reverse Holo] #30,brilliant stars | staryu | 30 | reverse holo | ungraded,2,1
Brilliant Stars,Lapras,031/172,Normal,Rare,Pokemon Brilliant Stars,Lapras #31,brilliant stars | lapras | 31 |  | ungraded,1,1
Brilliant Stars,Corphish,032/172,Normal,Common,Pokemon Brilliant Stars,Corphish #32,brilliant stars | corphish | 32 |  | ungraded,1,1
Brilliant Stars,Corphish,032/172,Reverse Holo,Common,Pokemon Brilliant Stars,Corphish [Reverse Holo] #32,brilliant stars | corphish | 32 | reverse holo | ungraded,1,1
Brilliant Stars,Crawdaunt,033/172,Normal,Uncommon,Pokemon Brilliant Stars,Crawdaunt #33,brilliant stars | crawdaunt | 33 |  | ungraded,1,1
Brilliant Stars,Crawdaunt,033/172,Reverse Holo,Uncommon,Pokemon Brilliant Stars,Crawdaunt [Reverse Holo] #33,brilliant stars | crawdaunt | 33 | reverse holo | ungraded,1,1
Brilliant Stars,Snorunt,034/172,Normal,Common,Pokemon Brilliant Stars,Snorunt #34,brilliant stars | snorunt | 34 |  | ungraded,1,1
Brilliant Stars,Piplup,035/172,Normal,Common,Pokemon Brilliant Stars,Piplup #35,brilliant stars | piplup | 35 |  | ungraded,1,1
Brilliant Stars,Piplup,035/172,Reverse Holo,Common,Pokemon Brilliant Stars,Piplup [Reverse Holo] #35,brilliant stars | piplup | 35 | reverse holo | ungraded,1,1
Brilliant Stars,Prinplup,036/172,Normal,Uncommon,Pokemon Brilliant Stars,Prinplup #36,brilliant stars | prinplup | 36 |  | ungraded,1,1
Brilliant Stars,Prinplup,036/172,Reverse Holo,Uncommon,Pokemon Brilliant Stars,Prinplup [Reverse Holo] #36,brilliant stars | prinplup | 36 | reverse holo | ungraded,2,1
Brilliant Stars,Empoleon,037/172,Normal Holo,Rare Holo,Pokemon Brilliant Stars,Empoleon [Holo] #37,brilliant stars | empoleon | 37 | holo | ungraded,2,2
Brilliant Stars,Empoleon,037/172,Reverse Holo,Rare Holo,Pokemon Brilliant Stars,Empoleon [Reverse Holo] #37,brilliant stars | empoleon | 37 | reverse holo | ungraded,1,1
Brilliant Stars,Empoleon,037/172,Cosmos Holo,Rare Holo,Pokemon Brilliant Stars,Empoleon [Cosmos Holo] #37,brilliant stars | empoleon | 37 | cosmos holo | ungraded,1,1
Brilliant Stars,Buizel,038/172,Normal,Common,Pokemon Brilliant Stars,Buizel #38,brilliant stars | buizel | 38 |  | ungraded,1,1
Brilliant Stars,Buizel,038/172,Reverse Holo,Common,Pokemon Brilliant Stars,Buizel [Reverse Holo] #38,brilliant stars | buizel | 38 | reverse holo | ungraded,2,1
Brilliant Stars,Floatzel,039/172,Normal,Uncommon,Pokemon Brilliant Stars,Floatzel #39,brilliant stars | floatzel | 39 |  | ungraded,1,1
Brilliant Stars,Floatzel,039/172,Reverse Holo,Uncommon,Pokemon Brilliant Stars,Floatzel [Reverse Holo] #39,brilliant stars | floatzel | 39 | reverse holo | ungraded,2,1
Brilliant Stars,Manaphy,041/172,Normal,Rare,Pokemon Brilliant Stars,Manaphy #41,brilliant stars | manaphy | 41 |  | ungraded,1,1
Brilliant Stars,Manaphy,041/172,Reverse Holo,Rare,Pokemon Brilliant Stars,Manaphy [Reverse Holo] #41,brilliant stars | manaphy | 41 | reverse holo | ungraded,2,1
Brilliant Stars,Cubchoo,042/172,Normal,Common,Pokemon Brilliant Stars,Cubchoo #42,brilliant stars | cubchoo | 42 |  | ungraded,1,1
Brilliant Stars,Beartic,043/172,Normal,Uncommon,Pokemon Brilliant Stars,Beartic #43,brilliant stars | beartic | 43 |  | ungraded,1,1
Brilliant Stars,Beartic,043/172,Reverse Holo,Uncommon,Pokemon Brilliant Stars,Beartic [Reverse Holo] #43,brilliant stars | beartic | 43 | reverse holo | ungraded,1,1
Brilliant Stars,Eiscue,044/172,Normal,Rare,Pokemon Brilliant Stars,Eiscue #44,brilliant stars | eiscue | 44 |  | ungraded,1,1
Brilliant Stars,Raichu V,045/172,Normal Holo,Holo Rare V,Pokemon Brilliant Stars,Raichu V [Holo] #45,brilliant stars | raichu v | 45 | holo | ungraded,1,0
Brilliant Stars,Electabuzz,046/172,Normal,Common,Pokemon Brilliant Stars,Electabuzz #46,brilliant stars | electabuzz | 46 |  | ungraded,1,1
Brilliant Stars,Electabuzz,046/172,Reverse Holo,Common,Pokemon Brilliant Stars,Electabuzz [Reverse Holo] #46,brilliant stars | electabuzz | 46 | reverse holo | ungraded,3,1
Brilliant Stars,Electivire,047/172,Normal,Rare,Pokemon Brilliant Stars,Electivire #47,brilliant stars | electivire | 47 |  | ungraded,1,1
Brilliant Stars,Electivire,047/172,Reverse Holo,Rare,Pokemon Brilliant Stars,Electivire [Reverse Holo] #47,brilliant stars | electivire | 47 | reverse holo | ungraded,2,1
Brilliant Stars,Raikou V,048/172,Normal Holo,Holo Rare V,Pokemon Brilliant Stars,Raikou V [Holo] #48,brilliant stars | raikou v | 48 | holo | ungraded,1,0
Brilliant Stars,Shinx,049/172,Normal,Common,Pokemon Brilliant Stars,Shinx #49,brilliant stars | shinx | 49 |  | ungraded,1,1
Brilliant Stars,Shinx,049/172,Reverse Holo,Common,Pokemon Brilliant Stars,Shinx [Reverse Holo] #49,brilliant stars | shinx | 49 | reverse holo | ungraded,2,1
Brilliant Stars,Luxio,050/172,Normal,Uncommon,Pokemon Brilliant Stars,Luxio #50,brilliant stars | luxio | 50 |  | ungraded,1,1
Brilliant Stars,Luxray,051/172,Normal,Rare,Pokemon Brilliant Stars,Luxray #51,brilliant stars | luxray | 51 |  | ungraded,1,1
Brilliant Stars,Luxray,051/172,Reverse Holo,Rare,Pokemon Brilliant Stars,Luxray [Reverse Holo] #51,brilliant stars | luxray | 51 | reverse holo | ungraded,2,1
Brilliant Stars,Pachirisu,052/172,Normal,Uncommon,Pokemon Brilliant Stars,Pachirisu #52,brilliant stars | pachirisu | 52 |  | ungraded,1,1
Brilliant Stars,Pachirisu,052/172,Reverse Holo,Uncommon,Pokemon Brilliant Stars,Pachirisu [Reverse Holo] #52,brilliant stars | pachirisu | 52 | reverse holo | ungraded,1,0
Brilliant Stars,Clefairy,053/172,Normal,Common,Pokemon Brilliant Stars,Clefairy #53,brilliant stars | clefairy | 53 |  | ungraded,1,1
Brilliant Stars,Clefable,054/172,Normal,Rare,Pokemon Brilliant Stars,Clefable #54,brilliant stars | clefable | 54 |  | ungraded,1,1
Brilliant Stars,Clefable,054/172,Reverse Holo,Rare,Pokemon Brilliant Stars,Clefable [Reverse Holo] #54,brilliant stars | clefable | 54 | reverse holo | ungraded,3,1
Brilliant Stars,Starmie,055/172,Normal,Uncommon,Pokemon Brilliant Stars,Starmie #55,brilliant stars | starmie | 55 |  | ungraded,1,1
Brilliant Stars,Starmie,055/172,Reverse Holo,Uncommon,Pokemon Brilliant Stars,Starmie [Reverse Holo] #55,brilliant stars | starmie | 55 | reverse holo | ungraded,1,1
Brilliant Stars,Mewtwo,056/172,Normal,Rare,Pokemon Brilliant Stars,Mewtwo #56,brilliant stars | mewtwo | 56 |  | ungraded,1,1
Brilliant Stars,Mewtwo,056/172,Reverse Holo,Rare,Pokemon Brilliant Stars,Mewtwo [Reverse Holo] #56,brilliant stars | mewtwo | 56 | reverse holo | ungraded,2,1
Brilliant Stars,Baltoy,058/172,Normal,Common,Pokemon Brilliant Stars,Baltoy #58,brilliant stars | baltoy | 58 |  | ungraded,1,1
Brilliant Stars,Baltoy,058/172,Reverse Holo,Common,Pokemon Brilliant Stars,Baltoy [Reverse Holo] #58,brilliant stars | baltoy | 58 | reverse holo | ungraded,1,1
Brilliant Stars,Claydol,059/172,Normal,Uncommon,Pokemon Brilliant Stars,Claydol #59,brilliant stars | claydol | 59 |  | ungraded,1,1
Brilliant Stars,Duskull,060/172,Normal,Common,Pokemon Brilliant Stars,Duskull #60,brilliant stars | duskull | 60 |  | ungraded,1,1
Brilliant Stars,Duskull,060/172,Reverse Holo,Common,Pokemon Brilliant Stars,Duskull [Reverse Holo] #60,brilliant stars | duskull | 60 | reverse holo | ungraded,1,1
Brilliant Stars,Dusclops,061/172,Normal,Uncommon,Pokemon Brilliant Stars,Dusclops #61,brilliant stars | dusclops | 61 |  | ungraded,1,1
Brilliant Stars,Dusclops,061/172,Reverse Holo,Uncommon,Pokemon Brilliant Stars,Dusclops [Reverse Holo] #61,brilliant stars | dusclops | 61 | reverse holo | ungraded,3,1
Brilliant Stars,Dusknoir,062/172,Normal Holo,Rare Holo,Pokemon Brilliant Stars,Dusknoir [Holo] #62,brilliant stars | dusknoir | 62 | holo | ungraded,3,0
Brilliant Stars,Dusknoir,062/172,Reverse Holo,Rare Holo,Pokemon Brilliant Stars,Dusknoir [Reverse Holo] #62,brilliant stars | dusknoir | 62 | reverse holo | ungraded,1,1
Brilliant Stars,Chimecho,063/172,Normal,Common,Pokemon Brilliant Stars,Chimecho #63,brilliant stars | chimecho | 63 |  | ungraded,1,1
Brilliant Stars,Whimsicott V,064/172,Normal Holo,Holo Rare V,Pokemon Brilliant Stars,Whimsicott V [Holo] #64,brilliant stars | whimsicott v | 64 | holo | ungraded,1,0
Brilliant Stars,Sigilyph,066/172,Normal,Uncommon,Pokemon Brilliant Stars,Sigilyph #66,brilliant stars | sigilyph | 66 |  | ungraded,1,1
Brilliant Stars,Dedenne,067/172,Normal,Common,Pokemon Brilliant Stars,Dedenne #67,brilliant stars | dedenne | 67 |  | ungraded,1,1
Brilliant Stars,Dedenne,067/172,Reverse Holo,Common,Pokemon Brilliant Stars,Dedenne [Reverse Holo] #67,brilliant stars | dedenne | 67 | reverse holo | ungraded,1,1
Brilliant Stars,Mimikyu V,068/172,Normal Holo,Holo Rare V,Pokemon Brilliant Stars,Mimikyu V [Holo] #68,brilliant stars | mimikyu v | 68 | holo | ungraded,1,0
Brilliant Stars,Milcery,070/172,Normal,Common,Pokemon Brilliant Stars,Milcery #70,brilliant stars | milcery | 70 |  | ungraded,1,1
Brilliant Stars,Milcery,070/172,Reverse Holo,Common,Pokemon Brilliant Stars,Milcery [Reverse Holo] #70,brilliant stars | milcery | 70 | reverse holo | ungraded,1,1
Brilliant Stars,Alcremie,071/172,Normal,Rare,Pokemon Brilliant Stars,Alcremie #71,brilliant stars | alcremie | 71 |  | ungraded,1,1
Brilliant Stars,Alcremie,071/172,Reverse Holo,Rare,Pokemon Brilliant Stars,Alcremie [Reverse Holo] #71,brilliant stars | alcremie | 71 | reverse holo | ungraded,1,0
Brilliant Stars,Hitmontop,072/172,Normal,Uncommon,Pokemon Brilliant Stars,Hitmontop #72,brilliant stars | hitmontop | 72 |  | ungraded,1,1
Brilliant Stars,Hitmontop,072/172,Reverse Holo,Uncommon,Pokemon Brilliant Stars,Hitmontop [Reverse Holo] #72,brilliant stars | hitmontop | 72 | reverse holo | ungraded,1,1
Brilliant Stars,Nosepass,073/172,Normal,Common,Pokemon Brilliant Stars,Nosepass #73,brilliant stars | nosepass | 73 |  | ungraded,1,1
Brilliant Stars,Nosepass,073/172,Reverse Holo,Common,Pokemon Brilliant Stars,Nosepass [Reverse Holo] #73,brilliant stars | nosepass | 73 | reverse holo | ungraded,2,1
Brilliant Stars,Trapinch,074/172,Normal,Common,Pokemon Brilliant Stars,Trapinch #74,brilliant stars | trapinch | 74 |  | ungraded,1,1
Brilliant Stars,Trapinch,074/172,Reverse Holo,Common,Pokemon Brilliant Stars,Trapinch [Reverse Holo] #74,brilliant stars | trapinch | 74 | reverse holo | ungraded,1,1
Brilliant Stars,Vibrava,075/172,Normal,Uncommon,Pokemon Brilliant Stars,Vibrava #75,brilliant stars | vibrava | 75 |  | ungraded,1,1
Brilliant Stars,Vibrava,075/172,Reverse Holo,Uncommon,Pokemon Brilliant Stars,Vibrava [Reverse Holo] #75,brilliant stars | vibrava | 75 | reverse holo | ungraded,2,1
Brilliant Stars,Flygon,076/172,Normal,Rare,Pokemon Brilliant Stars,Flygon #76,brilliant stars | flygon | 76 |  | ungraded,1,1
Brilliant Stars,Wormadam,077/172,Normal,Rare,Pokemon Brilliant Stars,Wormadam #77,brilliant stars | wormadam | 77 |  | ungraded,1,1
Brilliant Stars,Wormadam,077/172,Reverse Holo,Rare,Pokemon Brilliant Stars,Wormadam [Reverse Holo] #77,brilliant stars | wormadam | 77 | reverse holo | ungraded,1,1
Brilliant Stars,Riolu,078/172,Normal,Common,Pokemon Brilliant Stars,Riolu #78,brilliant stars | riolu | 78 |  | ungraded,1,1
Brilliant Stars,Riolu,078/172,Reverse Holo,Common,Pokemon Brilliant Stars,Riolu [Reverse Holo] #78,brilliant stars | riolu | 78 | reverse holo | ungraded,1,1
Brilliant Stars,Lucario,079/172,Normal Holo,Rare Holo,Pokemon Brilliant Stars,Lucario [Holo] #79,brilliant stars | lucario | 79 | holo | ungraded,4,1
Brilliant Stars,Throh,080/172,Normal,Common,Pokemon Brilliant Stars,Throh #80,brilliant stars | throh | 80 |  | ungraded,1,1
Brilliant Stars,Throh,080/172,Reverse Holo,Common,Pokemon Brilliant Stars,Throh [Reverse Holo] #80,brilliant stars | throh | 80 | reverse holo | ungraded,1,1
Brilliant Stars,Sawk,081/172,Normal,Common,Pokemon Brilliant Stars,Sawk #81,brilliant stars | sawk | 81 |  | ungraded,1,1
Brilliant Stars,Sawk,081/172,Reverse Holo,Common,Pokemon Brilliant Stars,Sawk [Reverse Holo] #81,brilliant stars | sawk | 81 | reverse holo | ungraded,1,1
Brilliant Stars,Golett,082/172,Normal,Common,Pokemon Brilliant Stars,Golett #82,brilliant stars | golett | 82 |  | ungraded,1,1
Brilliant Stars,Golurk,083/172,Normal,Rare,Pokemon Brilliant Stars,Golurk #83,brilliant stars | golurk | 83 |  | ungraded,1,1
Brilliant Stars,Golurk,083/172,Reverse Holo,Rare,Pokemon Brilliant Stars,Golurk [Reverse Holo] #83,brilliant stars | golurk | 83 | reverse holo | ungraded,1,1
Brilliant Stars,Grimer,084/172,Normal,Common,Pokemon Brilliant Stars,Grimer #84,brilliant stars | grimer | 84 |  | ungraded,1,1
Brilliant Stars,Muk,085/172,Normal,Rare,Pokemon Brilliant Stars,Muk #85,brilliant stars | muk | 85 |  | ungraded,1,1
Brilliant Stars,Muk,085/172,Reverse Holo,Rare,Pokemon Brilliant Stars,Muk [Reverse Holo] #85,brilliant stars | muk | 85 | reverse holo | ungraded,2,0
Brilliant Stars,Sneasel,086/172,Normal,Common,Pokemon Brilliant Stars,Sneasel #86,brilliant stars | sneasel | 86 |  | ungraded,1,1
Brilliant Stars,Sneasel,086/172,Reverse Holo,Common,Pokemon Brilliant Stars,Sneasel [Reverse Holo] #86,brilliant stars | sneasel | 86 | reverse holo | ungraded,1,0
Brilliant Stars,Weavile,087/172,Normal,Uncommon,Pokemon Brilliant Stars,Weavile #87,brilliant stars | weavile | 87 |  | ungraded,1,1
Brilliant Stars,Weavile,087/172,Reverse Holo,Uncommon,Pokemon Brilliant Stars,Weavile [Reverse Holo] #87,brilliant stars | weavile | 87 | reverse holo | ungraded,2,0
Brilliant Stars,Honchkrow V,088/172,Normal Holo,Holo Rare V,Pokemon Brilliant Stars,Honchkrow V [Holo] #88,brilliant stars | honchkrow v | 88 | holo | ungraded,3,0
Brilliant Stars,Spiritomb,089/172,Normal,Common,Pokemon Brilliant Stars,Spiritomb #89,brilliant stars | spiritomb | 89 |  | ungraded,1,1
Brilliant Stars,Spiritomb,089/172,Reverse Holo,Common,Pokemon Brilliant Stars,Spiritomb [Reverse Holo] #89,brilliant stars | spiritomb | 89 | reverse holo | ungraded,3,0
Brilliant Stars,Purrloin,090/172,Normal,Common,Pokemon Brilliant Stars,Purrloin #90,brilliant stars | purrloin | 90 |  | ungraded,1,1
Brilliant Stars,Purrloin,090/172,Reverse Holo,Common,Pokemon Brilliant Stars,Purrloin [Reverse Holo] #90,brilliant stars | purrloin | 90 | reverse holo | ungraded,3,0
Brilliant Stars,Liepard,091/172,Normal,Rare,Pokemon Brilliant Stars,Liepard #91,brilliant stars | liepard | 91 |  | ungraded,1,1
Brilliant Stars,Liepard,091/172,Reverse Holo,Rare,Pokemon Brilliant Stars,Liepard [Reverse Holo] #91,brilliant stars | liepard | 91 | reverse holo | ungraded,1,0
Brilliant Stars,Impidimp,092/172,Normal,Common,Pokemon Brilliant Stars,Impidimp #92,brilliant stars | impidimp | 92 |  | ungraded,1,1
Brilliant Stars,Morgrem,093/172,Normal,Uncommon,Pokemon Brilliant Stars,Morgrem #93,brilliant stars | morgrem | 93 |  | ungraded,1,1
Brilliant Stars,Grimmsnarl,094/172,Normal,Rare,Pokemon Brilliant Stars,Grimmsnarl #94,brilliant stars | grimmsnarl | 94 |  | ungraded,1,1
Brilliant Stars,Morpeko V,095/172,Normal Holo,Holo Rare V,Pokemon Brilliant Stars,Morpeko V [Holo] #95,brilliant stars | morpeko v | 95 | holo | ungraded,1,0
Brilliant Stars,Aggron V,096/172,Normal Holo,Holo Rare V,Pokemon Brilliant Stars,Aggron V [Holo] #96,brilliant stars | aggron v | 96 | holo | ungraded,1,0
Brilliant Stars,Wormadam,098/172,Normal,Rare,Pokemon Brilliant Stars,Wormadam #98,brilliant stars | wormadam | 98 |  | ungraded,1,1
Brilliant Stars,Wormadam,098/172,Reverse Holo,Rare,Pokemon Brilliant Stars,Wormadam [Reverse Holo] #98,brilliant stars | wormadam | 98 | reverse holo | ungraded,1,0
Brilliant Stars,Probopass,099/172,Normal,Uncommon,Pokemon Brilliant Stars,Probopass #99,brilliant stars | probopass | 99 |  | ungraded,1,1
Brilliant Stars,Probopass,099/172,Reverse Holo,Uncommon,Pokemon Brilliant Stars,Probopass [Reverse Holo] #99,brilliant stars | probopass | 99 | reverse holo | ungraded,1,0
Brilliant Stars,Heatran,100/172,Normal,Rare,Pokemon Brilliant Stars,Heatran #100,brilliant stars | heatran | 100 |  | ungraded,1,1
Brilliant Stars,Heatran,100/172,Reverse Holo,Rare,Pokemon Brilliant Stars,Heatran [Reverse Holo] #100,brilliant stars | heatran | 100 | reverse holo | ungraded,1,0
Brilliant Stars,Escavalier,101/172,Normal,Rare,Pokemon Brilliant Stars,Escavalier #101,brilliant stars | escavalier | 101 |  | ungraded,1,1
Brilliant Stars,Klink,102/172,Normal,Common,Pokemon Brilliant Stars,Klink #102,brilliant stars | klink | 102 |  | ungraded,1,1
Brilliant Stars,Klang,103/172,Normal,Uncommon,Pokemon Brilliant Stars,Klang #103,brilliant stars | klang | 103 |  | ungraded,1,1
Brilliant Stars,Klang,103/172,Reverse Holo,Uncommon,Pokemon Brilliant Stars,Klang [Reverse Holo] #103,brilliant stars | klang | 103 | reverse holo | ungraded,2,0
Brilliant Stars,Klinklang,104/172,Normal,Rare,Pokemon Brilliant Stars,Klinklang #104,brilliant stars | klinklang | 104 |  | ungraded,1,1
Brilliant Stars,Klinklang,104/172,Reverse Holo,Rare,Pokemon Brilliant Stars,Klinklang [Reverse Holo] #104,brilliant stars | klinklang | 104 | reverse holo | ungraded,1,0
Brilliant Stars,Zamazenta V,105/172,Normal Holo,Holo Rare V,Pokemon Brilliant Stars,Zamazenta V [Holo] #105,brilliant stars | zamazenta v | 105 | holo | ungraded,1,0
Brilliant Stars,Flygon V,106/172,Normal Holo,Holo Rare V,Pokemon Brilliant Stars,Flygon V [Holo] #106,brilliant stars | flygon v | 106 | holo | ungraded,2,0
Brilliant Stars,Gible,107/172,Normal,Common,Pokemon Brilliant Stars,Gible #107,brilliant stars | gible | 107 |  | ungraded,1,1
Brilliant Stars,Gible,107/172,Reverse Holo,Common,Pokemon Brilliant Stars,Gible [Reverse Holo] #107,brilliant stars | gible | 107 | reverse holo | ungraded,1,0
Brilliant Stars,Gabite,108/172,Normal,Uncommon,Pokemon Brilliant Stars,Gabite #108,brilliant stars | gabite | 108 |  | ungraded,1,1
Brilliant Stars,Gabite,108/172,Reverse Holo,Uncommon,Pokemon Brilliant Stars,Gabite [Reverse Holo] #108,brilliant stars | gabite | 108 | reverse holo | ungraded,2,0
Brilliant Stars,Garchomp,109/172,Normal Holo,Rare Holo,Pokemon Brilliant Stars,Garchomp [Holo] #109,brilliant stars | garchomp | 109 | holo | ungraded,2,0
Brilliant Stars,Garchomp,109/172,Reverse Holo,Rare Holo,Pokemon Brilliant Stars,Garchomp [Reverse Holo] #109,brilliant stars | garchomp | 109 | reverse holo | ungraded,1,1
Brilliant Stars,Axew,110/172,Normal,Common,Pokemon Brilliant Stars,Axew #110,brilliant stars | axew | 110 |  | ungraded,1,1
Brilliant Stars,Axew,110/172,Reverse Holo,Common,Pokemon Brilliant Stars,Axew [Reverse Holo] #110,brilliant stars | axew | 110 | reverse holo | ungraded,1,0
Brilliant Stars,Fraxure,111/172,Normal,Uncommon,Pokemon Brilliant Stars,Fraxure #111,brilliant stars | fraxure | 111 |  | ungraded,1,1
Brilliant Stars,Haxorus,112/172,Normal,Rare,Pokemon Brilliant Stars,Haxorus #112,brilliant stars | haxorus | 112 |  | ungraded,1,1
Brilliant Stars,Druddigon,113/172,Normal,Rare,Pokemon Brilliant Stars,Druddigon #113,brilliant stars | druddigon | 113 |  | ungraded,1,1
Brilliant Stars,Druddigon,113/172,Reverse Holo,Rare,Pokemon Brilliant Stars,Druddigon [Reverse Holo] #113,brilliant stars | druddigon | 113 | reverse holo | ungraded,1,0
Brilliant Stars,Dracovish V,114/172,Normal Holo,Holo Rare V,Pokemon Brilliant Stars,Dracovish V [Holo] #114,brilliant stars | dracovish v | 114 | holo | ungraded,1,0
Brilliant Stars,Farfetch'd,115/172,Normal,Common,Pokemon Brilliant Stars,Farfetch'd #115,brilliant stars | farfetch d | 115 |  | ungraded,1,1
Brilliant Stars,Farfetch'd,115/172,Reverse Holo,Common,Pokemon Brilliant Stars,Farfetch'd [Reverse Holo] #115,brilliant stars | farfetch d | 115 | reverse holo | ungraded,2,0
Brilliant Stars,Castform,116/172,Normal,Common,Pokemon Brilliant Stars,Castform #116,brilliant stars | castform | 116 |  | ungraded,1,1
Brilliant Stars,Castform,116/172,Reverse Holo,Common,Pokemon Brilliant Stars,Castform [Reverse Holo] #116,brilliant stars | castform | 116 | reverse holo | ungraded,2,0
Brilliant Stars,Starly,117/172,Normal,Common,Pokemon Brilliant Stars,Starly #117,brilliant stars | starly | 117 |  | ungraded,1,1
Brilliant Stars,Staravia,118/172,Normal,Uncommon,Pokemon Brilliant Stars,Staravia #118,brilliant stars | staravia | 118 |  | ungraded,1,1
Brilliant Stars,Staravia,118/172,Reverse Holo,Uncommon,Pokemon Brilliant Stars,Staravia [Reverse Holo] #118,brilliant stars | staravia | 118 | reverse holo | ungraded,1,0
Brilliant Stars,Staraptor,119/172,Normal,Rare,Pokemon Brilliant Stars,Staraptor #119,brilliant stars | staraptor | 119 |  | ungraded,1,1
Brilliant Stars,Staraptor,119/172,Reverse Holo,Rare,Pokemon Brilliant Stars,Staraptor [Reverse Holo] #119,brilliant stars | staraptor | 119 | reverse holo | ungraded,2,0
Brilliant Stars,Bidoof,120/172,Normal,Common,Pokemon Brilliant Stars,Bidoof #120,brilliant stars | bidoof | 120 |  | ungraded,1,1
Brilliant Stars,Bidoof,120/172,Reverse Holo,Common,Pokemon Brilliant Stars,Bidoof [Reverse Holo] #120,brilliant stars | bidoof | 120 | reverse holo | ungraded,2,0
Brilliant Stars,Bibarel,121/172,Normal Holo,Rare Holo,Pokemon Brilliant Stars,Bibarel [Holo] #121,brilliant stars | bibarel | 121 | holo | ungraded,2,1
Brilliant Stars,Arceus V,122/172,Normal Holo,Holo Rare V,Pokemon Brilliant Stars,Arceus V [Holo] #122,brilliant stars | arceus v | 122 | holo | ungraded,2,0
Brilliant Stars,Arceus V,122/172,Metal Card,Holo Rare V,Pokemon Brilliant Stars,Arceus V [Metal Card] #122,brilliant stars | arceus v | 122 | metal card | ungraded,1,0
Brilliant Stars,Arceus VSTAR,123/172,Metal Card,Holo Rare VSTAR,Pokemon Brilliant Stars,Arceus VSTAR [Metal Card] #123,brilliant stars | arceus vstar | 123 | metal card | ungraded,1,0
Brilliant Stars,Minccino,124/172,Normal,Common,Pokemon Brilliant Stars,Minccino #124,brilliant stars | minccino | 124 |  | ungraded,1,1
Brilliant Stars,Minccino,124/172,Reverse Holo,Common,Pokemon Brilliant Stars,Minccino [Reverse Holo] #124,brilliant stars | minccino | 124 | reverse holo | ungraded,1,0
Brilliant Stars,Cinccino,125/172,Normal,Uncommon,Pokemon Brilliant Stars,Cinccino #125,brilliant stars | cinccino | 125 |  | ungraded,1,1
Brilliant Stars,Cinccino,125/172,Reverse Holo,Uncommon,Pokemon Brilliant Stars,Cinccino [Reverse Holo] #125,brilliant stars | cinccino | 125 | reverse holo | ungraded,2,0
Brilliant Stars,Tornadus,126/172,Normal,Rare,Pokemon Brilliant Stars,Tornadus #126,brilliant stars | tornadus | 126 |  | ungraded,1,1
Brilliant Stars,Hawlucha,127/172,Normal,Common,Pokemon Brilliant Stars,Hawlucha #127,brilliant stars | hawlucha | 127 |  | ungraded,1,1
Brilliant Stars,Hawlucha,127/172,Reverse Holo,Common,Pokemon Brilliant Stars,Hawlucha [Reverse Holo] #127,brilliant stars | hawlucha | 127 | reverse holo | ungraded,1,0
Brilliant Stars,Drampa V,128/172,Normal Holo,Holo Rare V,Pokemon Brilliant Stars,Drampa V [Holo] #128,brilliant stars | drampa v | 128 | holo | ungraded,1,0
Brilliant Stars,Acerola's Premonition,129/172,Normal,Uncommon,Pokemon Brilliant Stars,Acerola's Premonition #129,brilliant stars | acerola s premonition | 129 |  | ungraded,1,1
Brilliant Stars,Acerola's Premonition,129/172,Reverse Holo,Uncommon,Pokemon Brilliant Stars,Acerola's Premonition [Reverse Holo] #129,brilliant stars | acerola s premonition | 129 | reverse holo | ungraded,1,0
Brilliant Stars,Barry,130/172,Normal,Uncommon,Pokemon Brilliant Stars,Barry #130,brilliant stars | barry | 130 |  | ungraded,1,1
Brilliant Stars,Barry,130/172,Reverse Holo,Uncommon,Pokemon Brilliant Stars,Barry [Reverse Holo] #130,brilliant stars | barry | 130 | reverse holo | ungraded,2,0
Brilliant Stars,Blunder Policy,131/172,Normal,Uncommon,Pokemon Brilliant Stars,Blunder Policy #131,brilliant stars | blunder policy | 131 |  | ungraded,1,1
Brilliant Stars,Blunder Policy,131/172,Reverse Holo,Uncommon,Pokemon Brilliant Stars,Blunder Policy [Reverse Holo] #131,brilliant stars | blunder policy | 131 | reverse holo | ungraded,2,0
Brilliant Stars,Boss's Orders,132/172,Normal Holo,Rare Holo,Pokemon Brilliant Stars,Boss's Orders [Holo] #132,brilliant stars | boss s orders | 132 | holo | ungraded,1,1
Brilliant Stars,Café Master,133/172,Normal,Uncommon,Pokemon Brilliant Stars,Café Master #133,brilliant stars | cafe master | 133 |  | ungraded,1,1
Brilliant Stars,Cheren's Care,134/172,Normal,Uncommon,Pokemon Brilliant Stars,Cheren's Care #134,brilliant stars | cheren s care | 134 |  | ungraded,1,1
Brilliant Stars,Cheren's Care,134/172,Reverse Holo,Uncommon,Pokemon Brilliant Stars,Cheren's Care [Reverse Holo] #134,brilliant stars | cheren s care | 134 | reverse holo | ungraded,1,0
Brilliant Stars,Choice Belt,135/172,Normal,Uncommon,Pokemon Brilliant Stars,Choice Belt #135,brilliant stars | choice belt | 135 |  | ungraded,1,1
Brilliant Stars,Choice Belt,135/172,Reverse Holo,Uncommon,Pokemon Brilliant Stars,Choice Belt [Reverse Holo] #135,brilliant stars | choice belt | 135 | reverse holo | ungraded,1,0
Brilliant Stars,Cleansing Gloves,136/172,Normal,Uncommon,Pokemon Brilliant Stars,Cleansing Gloves #136,brilliant stars | cleansing gloves | 136 |  | ungraded,1,1
Brilliant Stars,Cleansing Gloves,136/172,Reverse Holo,Uncommon,Pokemon Brilliant Stars,Cleansing Gloves [Reverse Holo] #136,brilliant stars | cleansing gloves | 136 | reverse holo | ungraded,1,0
Brilliant Stars,Collapsed Stadium,137/172,Normal,Uncommon,Pokemon Brilliant Stars,Collapsed Stadium #137,brilliant stars | collapsed stadium | 137 |  | ungraded,1,1
Brilliant Stars,Collapsed Stadium,137/172,Reverse Holo,Uncommon,Pokemon Brilliant Stars,Collapsed Stadium [Reverse Holo] #137,brilliant stars | collapsed stadium | 137 | reverse holo | ungraded,1,0
Brilliant Stars,Cynthia's Ambition,138/172,Normal,Uncommon,Pokemon Brilliant Stars,Cynthia's Ambition #138,brilliant stars | cynthia s ambition | 138 |  | ungraded,1,1
Brilliant Stars,Cynthia's Ambition,138/172,Reverse Holo,Uncommon,Pokemon Brilliant Stars,Cynthia's Ambition [Reverse Holo] #138,brilliant stars | cynthia s ambition | 138 | reverse holo | ungraded,1,0
Brilliant Stars,Fresh Water Set,139/172,Normal,Uncommon,Pokemon Brilliant Stars,Fresh Water Set #139,brilliant stars | fresh water set | 139 |  | ungraded,1,1
Brilliant Stars,Fresh Water Set,139/172,Reverse Holo,Uncommon,Pokemon Brilliant Stars,Fresh Water Set [Reverse Holo] #139,brilliant stars | fresh water set | 139 | reverse holo | ungraded,1,0
Brilliant Stars,Friends in Galar,140/172,Normal,Uncommon,Pokemon Brilliant Stars,Friends in Galar #140,brilliant stars | friends in galar | 140 |  | ungraded,1,1
Brilliant Stars,Gloria,141/172,Normal,Uncommon,Pokemon Brilliant Stars,Gloria #141,brilliant stars | gloria | 141 |  | ungraded,1,1
Brilliant Stars,Gloria,141/172,Reverse Holo,Uncommon,Pokemon Brilliant Stars,Gloria [Reverse Holo] #141,brilliant stars | gloria | 141 | reverse holo | ungraded,1,0
Brilliant Stars,Hunting Gloves,142/172,Normal,Uncommon,Pokemon Brilliant Stars,Hunting Gloves #142,brilliant stars | hunting gloves | 142 |  | ungraded,1,1
Brilliant Stars,Hunting Gloves,142/172,Reverse Holo,Uncommon,Pokemon Brilliant Stars,Hunting Gloves [Reverse Holo] #142,brilliant stars | hunting gloves | 142 | reverse holo | ungraded,3,0
Brilliant Stars,Kindler,143/172,Normal,Uncommon,Pokemon Brilliant Stars,Kindler #143,brilliant stars | kindler | 143 |  | ungraded,1,1
Brilliant Stars,Magma Basin,144/172,Normal,Uncommon,Pokemon Brilliant Stars,Magma Basin #144,brilliant stars | magma basin | 144 |  | ungraded,1,1
Brilliant Stars,Marnie's Pride,145/172,Normal,Uncommon,Pokemon Brilliant Stars,Marnie's Pride #145,brilliant stars | marnie s pride | 145 |  | ungraded,1,1
Brilliant Stars,Pot Helmet,146/172,Normal,Uncommon,Pokemon Brilliant Stars,Pot Helmet #146,brilliant stars | pot helmet | 146 |  | ungraded,1,1
Brilliant Stars,Professor's Research,147/172,Normal Holo,Rare Holo,Pokemon Brilliant Stars,Professor's Research [Holo] #147,brilliant stars | professor s research | 147 | holo | ungraded,1,1
Brilliant Stars,Professor's Research,147/172,Reverse Holo,Rare Holo,Pokemon Brilliant Stars,Professor's Research [Reverse Holo] #147,brilliant stars | professor s research | 147 | reverse holo | ungraded,3,0
Brilliant Stars,Roseanne's Backup,148/172,Normal,Uncommon,Pokemon Brilliant Stars,Roseanne's Backup #148,brilliant stars | roseanne s backup | 148 |  | ungraded,1,1
Brilliant Stars,Roseanne's Backup,148/172,Reverse Holo,Uncommon,Pokemon Brilliant Stars,Roseanne's Backup [Reverse Holo] #148,brilliant stars | roseanne s backup | 148 | reverse holo | ungraded,2,0
Brilliant Stars,Team Yell's Cheer,149/172,Normal,Uncommon,Pokemon Brilliant Stars,Team Yell's Cheer #149,brilliant stars | team yell s cheer | 149 |  | ungraded,1,1
Brilliant Stars,Team Yell's Cheer,149/172,Reverse Holo,Uncommon,Pokemon Brilliant Stars,Team Yell's Cheer [Reverse Holo] #149,brilliant stars | team yell s cheer | 149 | reverse holo | ungraded,2,0
Brilliant Stars,Ultra Ball,150/172,Normal,Uncommon,Pokemon Brilliant Stars,Ultra Ball #150,brilliant stars | ultra ball | 150 |  | ungraded,1,1
Brilliant Stars,Ultra Ball,150/172,Reverse Holo,Uncommon,Pokemon Brilliant Stars,Ultra Ball [Reverse Holo] #150,brilliant stars | ultra ball | 150 | reverse holo | ungraded,2,0
Brilliant Stars,Double Turbo Energy,151/172,Normal,Uncommon,Pokemon Brilliant Stars,Double Turbo Energy #151,brilliant stars | double turbo energy | 151 |  | ungraded,1,1
Brilliant Stars,Double Turbo Energy,151/172,Reverse Holo,Uncommon,Pokemon Brilliant Stars,Double Turbo Energy [Reverse Holo] #151,brilliant stars | double turbo energy | 151 | reverse holo | ungraded,1,0
Brilliant Stars,Charizard V,154/172,Normal Holo,Rare Ultra,Pokemon Brilliant Stars,Charizard V [Holo] #154,brilliant stars | charizard v | 154 | holo | ungraded,1,0
Brilliant Stars,Honchkrow V,162/172,Normal Holo,Rare Ultra,Pokemon Brilliant Stars,Honchkrow V [Holo] #162,brilliant stars | honchkrow v | 162 | holo | ungraded,1,0
Brilliant Stars,Zamazenta V,163/172,Normal Holo,Rare Ultra,Pokemon Brilliant Stars,Zamazenta V [Holo] #163,brilliant stars | zamazenta v | 163 | holo | ungraded,2,0
Brilliant Stars,Arceus V,165/172,Normal Holo,Rare Ultra,Pokemon Brilliant Stars,Arceus V [Holo] #165,brilliant stars | arceus v | 165 | holo | ungraded,2,0
Brilliant Stars,Barry,167/172,Normal Holo,Rare Ultra,Pokemon Brilliant Stars,Barry [Holo] #167,brilliant stars | barry | 167 | holo | ungraded,1,0
Brilliant Stars,Cynthia's Ambition,169/172,Normal Holo,Rare Ultra,Pokemon Brilliant Stars,Cynthia's Ambition [Holo] #169,brilliant stars | cynthia s ambition | 169 | holo | ungraded,1,0
Brilliant Stars,Shaymin VSTAR,173/172,Normal Holo,Rare Rainbow,Pokemon Brilliant Stars,Shaymin VSTAR [Holo] #173,brilliant stars | shaymin vstar | 173 | holo | ungraded,1,0
Brilliant Stars,Roseanne's Backup,180/172,Normal Holo,Rare Rainbow,Pokemon Brilliant Stars,Roseanne's Backup [Holo] #180,brilliant stars | roseanne s backup | 180 | holo | ungraded,1,0
Brilliant Stars,Flareon,TG01/TG30,Normal Holo,Rare Holo,Pokemon Brilliant Stars,Flareon [Holo] #TG01,brilliant stars | flareon | tg01 | holo | ungraded,1,0
Brilliant Stars,Octillery,TG03/TG30,Normal Holo,Rare Holo,Pokemon Brilliant Stars,Octillery [Holo] #TG03,brilliant stars | octillery | tg03 | holo | ungraded,2,0
Brilliant Stars,Jolteon,TG04/TG30,Normal Holo,Rare Holo,Pokemon Brilliant Stars,Jolteon [Holo] #TG04,brilliant stars | jolteon | tg04 | holo | ungraded,1,0
Brilliant Stars,Dusknoir,TG06/TG30,Normal Holo,Rare Holo,Pokemon Brilliant Stars,Dusknoir [Holo] #TG06,brilliant stars | dusknoir | tg06 | holo | ungraded,1,0
Brilliant Stars,Ariados,TG09/TG30,Normal Holo,Rare Holo,Pokemon Brilliant Stars,Ariados [Holo] #TG09,brilliant stars | ariados | tg09 | holo | ungraded,1,0
Brilliant Stars,Houndoom,TG10/TG30,Normal Holo,Rare Holo,Pokemon Brilliant Stars,Houndoom [Holo] #TG10,brilliant stars | houndoom | tg10 | holo | ungraded,2,0
Brilliant Stars,Eevee,TG11/TG30,Normal Holo,Rare Holo,Pokemon Brilliant Stars,Eevee [Holo] #TG11,brilliant stars | eevee | tg11 | holo | ungraded,1,0
Brilliant Stars,Sylveon V,TG14/TG30,Normal Holo,Holo Rare V,Pokemon Brilliant Stars,Sylveon V [Holo] #TG14,brilliant stars | sylveon v | tg14 | holo | ungraded,1,0
Brilliant Stars,Sylveon VMAX,TG15/TG30,Normal Holo,Holo Rare VMAX,Pokemon Brilliant Stars,Sylveon VMAX [Holo] #TG15,brilliant stars | sylveon vmax | tg15 | holo | ungraded,1,0
Brilliant Stars,Mimikyu V,TG16/TG30,Normal Holo,Holo Rare V,Pokemon Brilliant Stars,Mimikyu V [Holo] #TG16,brilliant stars | mimikyu v | tg16 | holo | ungraded,1,0
Brilliant Stars,Rapid Strike Urshifu VMAX,TG21/TG30,Normal Holo,Holo Rare VMAX,Pokemon Brilliant Stars,Rapid Strike Urshifu VMAX [Holo] #TG21,brilliant stars | rapid strike urshifu vmax | tg21 | holo | ungraded,1,0
Brilliant Stars,Acerola's Premonition,TG24/TG30,Normal Holo,Rare Ultra,Pokemon Brilliant Stars,Acerola's Premonition [Holo] #TG24,brilliant stars | acerola s premonition | tg24 | holo | ungraded,1,0
Fusion Strike,Caterpie,001/264,Normal,Common,Pokemon Fusion Strike,Caterpie #1,fusion strike | caterpie | 1 |  | ungraded,1,1
Fusion Strike,Caterpie,001/264,Reverse Holo,Common,Pokemon Fusion Strike,Caterpie [Reverse Holo] #1,fusion strike | caterpie | 1 | reverse holo | ungraded,3,0
Fusion Strike,Metapod,002/264,Normal,Uncommon,Pokemon Fusion Strike,Metapod #2,fusion strike | metapod | 2 |  | ungraded,1,1
Fusion Strike,Metapod,002/264,Reverse Holo,Uncommon,Pokemon Fusion Strike,Metapod [Reverse Holo] #2,fusion strike | metapod | 2 | reverse holo | ungraded,1,0
Fusion Strike,Butterfree,003/264,Normal Holo,Rare Holo,Pokemon Fusion Strike,Butterfree [Holo] #3,fusion strike | butterfree | 3 | holo | ungraded,1,1
Fusion Strike,Shroomish,004/264,Normal,Common,Pokemon Fusion Strike,Shroomish #4,fusion strike | shroomish | 4 |  | ungraded,1,1
Fusion Strike,Breloom,005/264,Normal,Uncommon,Pokemon Fusion Strike,Breloom #5,fusion strike | breloom | 5 |  | ungraded,1,1
Fusion Strike,Breloom V,006/264,Normal Holo,Holo Rare V,Pokemon Fusion Strike,Breloom V [Holo] #6,fusion strike | breloom v | 6 | holo | ungraded,1,0
Fusion Strike,Pansage,007/264,Normal,Common,Pokemon Fusion Strike,Pansage #7,fusion strike | pansage | 7 |  | ungraded,1,1
Fusion Strike,Pansage,007/264,Reverse Holo,Common,Pokemon Fusion Strike,Pansage [Reverse Holo] #7,fusion strike | pansage | 7 | reverse holo | ungraded,1,0
Fusion Strike,Simisage,008/264,Normal,Uncommon,Pokemon Fusion Strike,Simisage #8,fusion strike | simisage | 8 |  | ungraded,1,1
Fusion Strike,Simisage,008/264,Reverse Holo,Uncommon,Pokemon Fusion Strike,Simisage [Reverse Holo] #8,fusion strike | simisage | 8 | reverse holo | ungraded,1,0
Fusion Strike,Sewaddle,009/264,Normal,Common,Pokemon Fusion Strike,Sewaddle #9,fusion strike | sewaddle | 9 |  | ungraded,1,1
Fusion Strike,Swadloon,010/264,Reverse Holo,Uncommon,Pokemon Fusion Strike,Swadloon [Reverse Holo] #10,fusion strike | swadloon | 10 | reverse holo | ungraded,1,0
Fusion Strike,Leavanny,011/264,Normal,Rare,Pokemon Fusion Strike,Leavanny #11,fusion strike | leavanny | 11 |  | ungraded,1,1
Fusion Strike,Leavanny,011/264,Reverse Holo,Rare,Pokemon Fusion Strike,Leavanny [Reverse Holo] #11,fusion strike | leavanny | 11 | reverse holo | ungraded,1,0
Fusion Strike,Maractus,012/264,Normal,Rare,Pokemon Fusion Strike,Maractus #12,fusion strike | maractus | 12 |  | ungraded,1,1
Fusion Strike,Shelmet,013/264,Normal,Common,Pokemon Fusion Strike,Shelmet #13,fusion strike | shelmet | 13 |  | ungraded,1,1
Fusion Strike,Shelmet,013/264,Reverse Holo,Common,Pokemon Fusion Strike,Shelmet [Reverse Holo] #13,fusion strike | shelmet | 13 | reverse holo | ungraded,1,0
Fusion Strike,Accelgor,014/264,Normal,Rare,Pokemon Fusion Strike,Accelgor #14,fusion strike | accelgor | 14 |  | ungraded,1,1
Fusion Strike,Phantump,016/264,Normal,Common,Pokemon Fusion Strike,Phantump #16,fusion strike | phantump | 16 |  | ungraded,1,1
Fusion Strike,Phantump,016/264,Reverse Holo,Common,Pokemon Fusion Strike,Phantump [Reverse Holo] #16,fusion strike | phantump | 16 | reverse holo | ungraded,2,0
Fusion Strike,Grubbin,018/264,Normal,Common,Pokemon Fusion Strike,Grubbin #18,fusion strike | grubbin | 18 |  | ungraded,1,1
Fusion Strike,Grubbin,018/264,Reverse Holo,Common,Pokemon Fusion Strike,Grubbin [Reverse Holo] #18,fusion strike | grubbin | 18 | reverse holo | ungraded,1,0
Fusion Strike,Dewpider,019/264,Normal,Common,Pokemon Fusion Strike,Dewpider #19,fusion strike | dewpider | 19 |  | ungraded,1,1
Fusion Strike,Dewpider,019/264,Reverse Holo,Common,Pokemon Fusion Strike,Dewpider [Reverse Holo] #19,fusion strike | dewpider | 19 | reverse holo | ungraded,1,0
Fusion Strike,Araquanid,020/264,Normal,Rare,Pokemon Fusion Strike,Araquanid #20,fusion strike | araquanid | 20 |  | ungraded,1,1
Fusion Strike,Tsareena V,021/264,Normal Holo,Holo Rare V,Pokemon Fusion Strike,Tsareena V [Holo] #21,fusion strike | tsareena v | 21 | holo | ungraded,1,0
Fusion Strike,Rillaboom V,022/264,Normal Holo,Holo Rare V,Pokemon Fusion Strike,Rillaboom V [Holo] #22,fusion strike | rillaboom v | 22 | holo | ungraded,2,0
Fusion Strike,Rillaboom VMAX,023/264,Normal Holo,Holo Rare VMAX,Pokemon Fusion Strike,Rillaboom VMAX [Holo] #23,fusion strike | rillaboom vmax | 23 | holo | ungraded,2,0
Fusion Strike,Gossifleur,024/264,Normal,Common,Pokemon Fusion Strike,Gossifleur #24,fusion strike | gossifleur | 24 |  | ungraded,1,1
Fusion Strike,Eldegoss,025/264,Reverse Holo,Uncommon,Pokemon Fusion Strike,Eldegoss [Reverse Holo] #25,fusion strike | eldegoss | 25 | reverse holo | ungraded,1,0
Fusion Strike,Appletun V,026/264,Normal Holo,Holo Rare V,Pokemon Fusion Strike,Appletun V [Holo] #26,fusion strike | appletun v | 26 | holo | ungraded,1,0
Fusion Strike,Zarude,027/264,Normal,Uncommon,Pokemon Fusion Strike,Zarude #27,fusion strike | zarude | 27 |  | ungraded,1,1
Fusion Strike,Zarude,027/264,Reverse Holo,Uncommon,Pokemon Fusion Strike,Zarude [Reverse Holo] #27,fusion strike | zarude | 27 | reverse holo | ungraded,2,0
Fusion Strike,Vulpix,028/264,Normal,Common,Pokemon Fusion Strike,Vulpix #28,fusion strike | vulpix | 28 |  | ungraded,1,1
Fusion Strike,Vulpix,028/264,Reverse Holo,Common,Pokemon Fusion Strike,Vulpix [Reverse Holo] #28,fusion strike | vulpix | 28 | reverse holo | ungraded,1,0
Fusion Strike,Vulpix,029/264,Normal,Common,Pokemon Fusion Strike,Vulpix #29,fusion strike | vulpix | 29 |  | ungraded,1,1
Fusion Strike,Ninetales,030/264,Normal,Uncommon,Pokemon Fusion Strike,Ninetales #30,fusion strike | ninetales | 30 |  | ungraded,1,1
Fusion Strike,Growlithe,032/264,Normal,Common,Pokemon Fusion Strike,Growlithe #32,fusion strike | growlithe | 32 |  | ungraded,1,1
Fusion Strike,Arcanine,033/264,Normal,Rare,Pokemon Fusion Strike,Arcanine #33,fusion strike | arcanine | 33 |  | ungraded,1,1
Fusion Strike,Arcanine,033/264,Reverse Holo,Rare,Pokemon Fusion Strike,Arcanine [Reverse Holo] #33,fusion strike | arcanine | 33 | reverse holo | ungraded,1,1
Fusion Strike,Slugma,034/264,Normal,Common,Pokemon Fusion Strike,Slugma #34,fusion strike | slugma | 34 |  | ungraded,1,1
Fusion Strike,Slugma,034/264,Reverse Holo,Common,Pokemon Fusion Strike,Slugma [Reverse Holo] #34,fusion strike | slugma | 34 | reverse holo | ungraded,1,0
Fusion Strike,Magcargo,035/264,Normal,Uncommon,Pokemon Fusion Strike,Magcargo #35,fusion strike | magcargo | 35 |  | ungraded,1,1
Fusion Strike,Pansear,037/264,Normal,Common,Pokemon Fusion Strike,Pansear #37,fusion strike | pansear | 37 |  | ungraded,1,1
Fusion Strike,Simisear,038/264,Normal,Uncommon,Pokemon Fusion Strike,Simisear #38,fusion strike | simisear | 38 |  | ungraded,1,1
Fusion Strike,Chandelure V,039/264,Normal Holo,Holo Rare V,Pokemon Fusion Strike,Chandelure V [Holo] #39,fusion strike | chandelure v | 39 | holo | ungraded,1,0
Fusion Strike,Chandelure VMAX,040/264,Normal Holo,Holo Rare VMAX,Pokemon Fusion Strike,Chandelure VMAX [Holo] #40,fusion strike | chandelure vmax | 40 | holo | ungraded,2,0
Fusion Strike,Heatmor,041/264,Normal,Uncommon,Pokemon Fusion Strike,Heatmor #41,fusion strike | heatmor | 41 |  | ungraded,1,1
Fusion Strike,Oricorio,042/264,Normal,Rare,Pokemon Fusion Strike,Oricorio #42,fusion strike | oricorio | 42 |  | ungraded,1,1
Fusion Strike,Oricorio,042/264,Reverse Holo,Rare,Pokemon Fusion Strike,Oricorio [Reverse Holo] #42,fusion strike | oricorio | 42 | reverse holo | ungraded,1,0
Fusion Strike,Cinderace V,043/264,Normal Holo,Holo Rare V,Pokemon Fusion Strike,Cinderace V [Holo] #43,fusion strike | cinderace v | 43 | holo | ungraded,1,0
Fusion Strike,Cinderace V,044/264,Normal Holo,Holo Rare V,Pokemon Fusion Strike,Cinderace V [Holo] #44,fusion strike | cinderace v | 44 | holo | ungraded,1,0
Fusion Strike,Cinderace VMAX,045/264,Normal Holo,Holo Rare VMAX,Pokemon Fusion Strike,Cinderace VMAX [Holo] #45,fusion strike | cinderace vmax | 45 | holo | ungraded,1,0
Fusion Strike,Sizzlipede,046/264,Normal,Common,Pokemon Fusion Strike,Sizzlipede #46,fusion strike | sizzlipede | 46 |  | ungraded,1,1
Fusion Strike,Sizzlipede,047/264,Normal,Common,Pokemon Fusion Strike,Sizzlipede #47,fusion strike | sizzlipede | 47 |  | ungraded,1,1
Fusion Strike,Sizzlipede,047/264,Reverse Holo,Common,Pokemon Fusion Strike,Sizzlipede [Reverse Holo] #47,fusion strike | sizzlipede | 47 | reverse holo | ungraded,2,0
Fusion Strike,Centiskorch,048/264,Normal,Rare,Pokemon Fusion Strike,Centiskorch #48,fusion strike | centiskorch | 48 |  | ungraded,1,1
Fusion Strike,Centiskorch,048/264,Reverse Holo,Rare,Pokemon Fusion Strike,Centiskorch [Reverse Holo] #48,fusion strike | centiskorch | 48 | reverse holo | ungraded,1,0
Fusion Strike,Centiskorch,049/264,Normal,Uncommon,Pokemon Fusion Strike,Centiskorch #49,fusion strike | centiskorch | 49 |  | ungraded,1,1
Fusion Strike,Shellder,050/264,Normal,Common,Pokemon Fusion Strike,Shellder #50,fusion strike | shellder | 50 |  | ungraded,1,1
Fusion Strike,Shellder,050/264,Reverse Holo,Common,Pokemon Fusion Strike,Shellder [Reverse Holo] #50,fusion strike | shellder | 50 | reverse holo | ungraded,1,0
Fusion Strike,Cloyster,051/264,Normal,Rare,Pokemon Fusion Strike,Cloyster #51,fusion strike | cloyster | 51 |  | ungraded,1,1
Fusion Strike,Staryu,052/264,Normal,Common,Pokemon Fusion Strike,Staryu #52,fusion strike | staryu | 52 |  | ungraded,1,1
Fusion Strike,Starmie,053/264,Normal Holo,Rare Holo,Pokemon Fusion Strike,Starmie [Holo] #53,fusion strike | starmie | 53 | holo | ungraded,1,0
Fusion Strike,Starmie,053/264,Reverse Holo,Rare Holo,Pokemon Fusion Strike,Starmie [Reverse Holo] #53,fusion strike | starmie | 53 | reverse holo | ungraded,1,0
Fusion Strike,Lapras,054/264,Normal,Uncommon,Pokemon Fusion Strike,Lapras #54,fusion strike | lapras | 54 |  | ungraded,1,1
Fusion Strike,Totodile,055/264,Normal,Common,Pokemon Fusion Strike,Totodile #55,fusion strike | totodile | 55 |  | ungraded,1,1
Fusion Strike,Croconaw,056/264,Normal,Uncommon,Pokemon Fusion Strike,Croconaw #56,fusion strike | croconaw | 56 |  | ungraded,1,1
Fusion Strike,Feraligatr,057/264,Normal Holo,Rare Holo,Pokemon Fusion Strike,Feraligatr [Holo] #57,fusion strike | feraligatr | 57 | holo | ungraded,1,0
Fusion Strike,Marill,058/264,Normal,Common,Pokemon Fusion Strike,Marill #58,fusion strike | marill | 58 |  | ungraded,1,1
Fusion Strike,Azumarill,059/264,Normal,Rare,Pokemon Fusion Strike,Azumarill #59,fusion strike | azumarill | 59 |  | ungraded,1,1
Fusion Strike,Qwilfish,060/264,Normal,Common,Pokemon Fusion Strike,Qwilfish #60,fusion strike | qwilfish | 60 |  | ungraded,1,1
Fusion Strike,Mantine,061/264,Normal,Common,Pokemon Fusion Strike,Mantine #61,fusion strike | mantine | 61 |  | ungraded,1,1
Fusion Strike,Mantine,061/264,Reverse Holo,Common,Pokemon Fusion Strike,Mantine [Reverse Holo] #61,fusion strike | mantine | 61 | reverse holo | ungraded,2,0
Fusion Strike,Mudkip,062/264,Normal,Common,Pokemon Fusion Strike,Mudkip #62,fusion strike | mudkip | 62 |  | ungraded,1,1
Fusion Strike,Marshtomp,063/264,Normal,Uncommon,Pokemon Fusion Strike,Marshtomp #63,fusion strike | marshtomp | 63 |  | ungraded,1,1
Fusion Strike,Swampert,064/264,Normal Holo,Rare Holo,Pokemon Fusion Strike,Swampert [Holo] #64,fusion strike | swampert | 64 | holo | ungraded,1,0
Fusion Strike,Clamperl,065/264,Normal,Common,Pokemon Fusion Strike,Clamperl #65,fusion strike | clamperl | 65 |  | ungraded,1,1
Fusion Strike,Clamperl,065/264,Reverse Holo,Common,Pokemon Fusion Strike,Clamperl [Reverse Holo] #65,fusion strike | clamperl | 65 | reverse holo | ungraded,2,0
Fusion Strike,Huntail,066/264,Normal,Rare,Pokemon Fusion Strike,Huntail #66,fusion strike | huntail | 66 |  | ungraded,1,1
Fusion Strike,Gorebyss,067/264,Normal,Rare,Pokemon Fusion Strike,Gorebyss #67,fusion strike | gorebyss | 67 |  | ungraded,1,1
Fusion Strike,Gorebyss,067/264,Reverse Holo,Rare,Pokemon Fusion Strike,Gorebyss [Reverse Holo] #67,fusion strike | gorebyss | 67 | reverse holo | ungraded,1,0
Fusion Strike,Panpour,068/264,Normal,Common,Pokemon Fusion Strike,Panpour #68,fusion strike | panpour | 68 |  | ungraded,1,1
Fusion Strike,Simipour,069/264,Normal,Uncommon,Pokemon Fusion Strike,Simipour #69,fusion strike | simipour | 69 |  | ungraded,1,1
Fusion Strike,Basculin,070/264,Normal,Common,Pokemon Fusion Strike,Basculin #70,fusion strike | basculin | 70 |  | ungraded,1,1
Fusion Strike,Galarian Darumaka,071/264,Normal,Common,Pokemon Fusion Strike,Galarian Darumaka #71,fusion strike | galarian darumaka | 71 |  | ungraded,1,1
Fusion Strike,Galarian Darmanitan,072/264,Reverse Holo,Uncommon,Pokemon Fusion Strike,Galarian Darmanitan [Reverse Holo] #72,fusion strike | galarian darmanitan | 72 | reverse holo | ungraded,1,0
Fusion Strike,Clauncher,074/264,Normal,Common,Pokemon Fusion Strike,Clauncher #74,fusion strike | clauncher | 74 |  | ungraded,1,1
Fusion Strike,Clawitzer,075/264,Normal,Uncommon,Pokemon Fusion Strike,Clawitzer #75,fusion strike | clawitzer | 75 |  | ungraded,1,1
Fusion Strike,Clawitzer,075/264,Reverse Holo,Uncommon,Pokemon Fusion Strike,Clawitzer [Reverse Holo] #75,fusion strike | clawitzer | 75 | reverse holo | ungraded,1,0
Fusion Strike,Crabominable V,076/264,Normal Holo,Holo Rare V,Pokemon Fusion Strike,Crabominable V [Holo] #76,fusion strike | crabominable v | 76 | holo | ungraded,1,0
Fusion Strike,Pyukumuku,077/264,Normal,Uncommon,Pokemon Fusion Strike,Pyukumuku #77,fusion strike | pyukumuku | 77 |  | ungraded,1,1
Fusion Strike,Chewtle,080/264,Normal,Common,Pokemon Fusion Strike,Chewtle #80,fusion strike | chewtle | 80 |  | ungraded,1,1
Fusion Strike,Chewtle,080/264,Reverse Holo,Common,Pokemon Fusion Strike,Chewtle [Reverse Holo] #80,fusion strike | chewtle | 80 | reverse holo | ungraded,1,0
Fusion Strike,Drednaw,081/264,Normal,Uncommon,Pokemon Fusion Strike,Drednaw #81,fusion strike | drednaw | 81 |  | ungraded,1,1
Fusion Strike,Arrokuda,082/264,Normal,Common,Pokemon Fusion Strike,Arrokuda #82,fusion strike | arrokuda | 82 |  | ungraded,1,1
Fusion Strike,Barraskewda,083/264,Normal,Uncommon,Pokemon Fusion Strike,Barraskewda #83,fusion strike | barraskewda | 83 |  | ungraded,1,1
Fusion Strike,Snom,084/264,Normal,Common,Pokemon Fusion Strike,Snom #84,fusion strike | snom | 84 |  | ungraded,1,1
Fusion Strike,Snom,084/264,Reverse Holo,Common,Pokemon Fusion Strike,Snom [Reverse Holo] #84,fusion strike | snom | 84 | reverse holo | ungraded,1,0
Fusion Strike,Frosmoth,085/264,Normal,Uncommon,Pokemon Fusion Strike,Frosmoth #85,fusion strike | frosmoth | 85 |  | ungraded,1,1
Fusion Strike,Frosmoth,085/264,Reverse Holo,Uncommon,Pokemon Fusion Strike,Frosmoth [Reverse Holo] #85,fusion strike | frosmoth | 85 | reverse holo | ungraded,1,0
Fusion Strike,Pikachu V,086/264,Normal Holo,Holo Rare V,Pokemon Fusion Strike,Pikachu V [Holo] #86,fusion strike | pikachu v | 86 | holo | ungraded,2,0
Fusion Strike,Voltorb,087/264,Normal,Common,Pokemon Fusion Strike,Voltorb #87,fusion strike | voltorb | 87 |  | ungraded,1,1
Fusion Strike,Voltorb,087/264,Reverse Holo,Common,Pokemon Fusion Strike,Voltorb [Reverse Holo] #87,fusion strike | voltorb | 87 | reverse holo | ungraded,1,1
Fusion Strike,Electrode,088/264,Reverse Holo,Rare,Pokemon Fusion Strike,Electrode [Reverse Holo] #88,fusion strike | electrode | 88 | reverse holo | ungraded,1,0
Fusion Strike,Plusle,089/264,Normal,Common,Pokemon Fusion Strike,Plusle #89,fusion strike | plusle | 89 |  | ungraded,1,1
Fusion Strike,Plusle,089/264,Reverse Holo,Common,Pokemon Fusion Strike,Plusle [Reverse Holo] #89,fusion strike | plusle | 89 | reverse holo | ungraded,1,0
Fusion Strike,Minun,090/264,Normal,Common,Pokemon Fusion Strike,Minun #90,fusion strike | minun | 90 |  | ungraded,1,1
Fusion Strike,Minun,090/264,Reverse Holo,Common,Pokemon Fusion Strike,Minun [Reverse Holo] #90,fusion strike | minun | 90 | reverse holo | ungraded,1,0
Fusion Strike,Shinx,091/264,Normal,Common,Pokemon Fusion Strike,Shinx #91,fusion strike | shinx | 91 |  | ungraded,1,1
Fusion Strike,Luxio,092/264,Normal,Uncommon,Pokemon Fusion Strike,Luxio #92,fusion strike | luxio | 92 |  | ungraded,1,1
Fusion Strike,Luxio,092/264,Reverse Holo,Uncommon,Pokemon Fusion Strike,Luxio [Reverse Holo] #92,fusion strike | luxio | 92 | reverse holo | ungraded,1,0
Fusion Strike,Luxray,093/264,Normal,Rare,Pokemon Fusion Strike,Luxray #93,fusion strike | luxray | 93 |  | ungraded,1,1
Fusion Strike,Rotom,094/264,Normal,Common,Pokemon Fusion Strike,Rotom #94,fusion strike | rotom | 94 |  | ungraded,1,1
Fusion Strike,Rotom,094/264,Reverse Holo,Common,Pokemon Fusion Strike,Rotom [Reverse Holo] #94,fusion strike | rotom | 94 | reverse holo | ungraded,1,0
Fusion Strike,Tynamo,095/264,Normal,Common,Pokemon Fusion Strike,Tynamo #95,fusion strike | tynamo | 95 |  | ungraded,1,1
Fusion Strike,Tynamo,095/264,Reverse Holo,Common,Pokemon Fusion Strike,Tynamo [Reverse Holo] #95,fusion strike | tynamo | 95 | reverse holo | ungraded,2,0
Fusion Strike,Eelektross,097/264,Normal,Rare,Pokemon Fusion Strike,Eelektross #97,fusion strike | eelektross | 97 |  | ungraded,1,1
Fusion Strike,Eelektross,097/264,Reverse Holo,Rare,Pokemon Fusion Strike,Eelektross [Reverse Holo] #97,fusion strike | eelektross | 97 | reverse holo | ungraded,1,0
Fusion Strike,Helioptile,098/264,Normal,Common,Pokemon Fusion Strike,Helioptile #98,fusion strike | helioptile | 98 |  | ungraded,1,1
Fusion Strike,Heliolisk,099/264,Normal,Uncommon,Pokemon Fusion Strike,Heliolisk #99,fusion strike | heliolisk | 99 |  | ungraded,1,1
Fusion Strike,Heliolisk,099/264,Reverse Holo,Uncommon,Pokemon Fusion Strike,Heliolisk [Reverse Holo] #99,fusion strike | heliolisk | 99 | reverse holo | ungraded,2,0
Fusion Strike,Charjabug,100/264,Normal,Uncommon,Pokemon Fusion Strike,Charjabug #100,fusion strike | charjabug | 100 |  | ungraded,1,1
Fusion Strike,Charjabug,100/264,Reverse Holo,Uncommon,Pokemon Fusion Strike,Charjabug [Reverse Holo] #100,fusion strike | charjabug | 100 | reverse holo | ungraded,1,1
Fusion Strike,Vikavolt,101/264,Reverse Holo,Rare,Pokemon Fusion Strike,Vikavolt [Reverse Holo] #101,fusion strike | vikavolt | 101 | reverse holo | ungraded,1,0
Fusion Strike,Zeraora,102/264,Normal,Rare,Pokemon Fusion Strike,Zeraora #102,fusion strike | zeraora | 102 |  | ungraded,1,1
Fusion Strike,Toxel,105/264,Normal,Common,Pokemon Fusion Strike,Toxel #105,fusion strike | toxel | 105 |  | ungraded,1,1
Fusion Strike,Toxel,105/264,Reverse Holo,Common,Pokemon Fusion Strike,Toxel [Reverse Holo] #105,fusion strike | toxel | 105 | reverse holo | ungraded,2,0
Fusion Strike,Toxel,106/264,Normal,Common,Pokemon Fusion Strike,Toxel #106,fusion strike | toxel | 106 |  | ungraded,1,1
Fusion Strike,Toxel,106/264,Reverse Holo,Common,Pokemon Fusion Strike,Toxel [Reverse Holo] #106,fusion strike | toxel | 106 | reverse holo | ungraded,1,0
Fusion Strike,Toxtricity,107/264,Normal Holo,Rare Holo,Pokemon Fusion Strike,Toxtricity [Holo] #107,fusion strike | toxtricity | 107 | holo | ungraded,1,0
Fusion Strike,Toxtricity,108/264,Normal Holo,Rare Holo,Pokemon Fusion Strike,Toxtricity [Holo] #108,fusion strike | toxtricity | 108 | holo | ungraded,1,0
Fusion Strike,Morpeko,109/264,Normal,Common,Pokemon Fusion Strike,Morpeko #109,fusion strike | morpeko | 109 |  | ungraded,1,1
Fusion Strike,Jigglypuff,110/264,Normal,Common,Pokemon Fusion Strike,Jigglypuff #110,fusion strike | jigglypuff | 110 |  | ungraded,1,1
Fusion Strike,Wigglytuff,111/264,Normal,Uncommon,Pokemon Fusion Strike,Wigglytuff #111,fusion strike | wigglytuff | 111 |  | ungraded,1,1
Fusion Strike,Jynx,112/264,Normal,Common,Pokemon Fusion Strike,Jynx #112,fusion strike | jynx | 112 |  | ungraded,1,1
Fusion Strike,Jynx,112/264,Reverse Holo,Common,Pokemon Fusion Strike,Jynx [Reverse Holo] #112,fusion strike | jynx | 112 | reverse holo | ungraded,1,0
Fusion Strike,Mew VMAX,114/264,Normal Holo,Holo Rare VMAX,Pokemon Fusion Strike,Mew VMAX [Holo] #114,fusion strike | mew vmax | 114 | holo | ungraded,1,0
Fusion Strike,Snubbull,115/264,Normal,Common,Pokemon Fusion Strike,Snubbull #115,fusion strike | snubbull | 115 |  | ungraded,1,1
Fusion Strike,Galarian Corsola,117/264,Normal,Common,Pokemon Fusion Strike,Galarian Corsola #117,fusion strike | galarian corsola | 117 |  | ungraded,1,1
Fusion Strike,Galarian Corsola,117/264,Reverse Holo,Common,Pokemon Fusion Strike,Galarian Corsola [Reverse Holo] #117,fusion strike | galarian corsola | 117 | reverse holo | ungraded,1,0
Fusion Strike,Galarian Cursola,118/264,Reverse Holo,Rare,Pokemon Fusion Strike,Galarian Cursola [Reverse Holo] #118,fusion strike | galarian cursola | 118 | reverse holo | ungraded,1,0
Fusion Strike,Mawile,119/264,Normal,Common,Pokemon Fusion Strike,Mawile #119,fusion strike | mawile | 119 |  | ungraded,1,1
Fusion Strike,Munna,121/264,Normal,Common,Pokemon Fusion Strike,Munna #121,fusion strike | munna | 121 |  | ungraded,1,1
Fusion Strike,Munna,121/264,Reverse Holo,Common,Pokemon Fusion Strike,Munna [Reverse Holo] #121,fusion strike | munna | 121 | reverse holo | ungraded,1,0
Fusion Strike,Musharna,122/264,Normal,Uncommon,Pokemon Fusion Strike,Musharna #122,fusion strike | musharna | 122 |  | ungraded,1,1
Fusion Strike,Meloetta,124/264,Normal,Rare,Pokemon Fusion Strike,Meloetta #124,fusion strike | meloetta | 124 |  | ungraded,1,1
Fusion Strike,Sandygast,125/264,Normal,Common,Pokemon Fusion Strike,Sandygast #125,fusion strike | sandygast | 125 |  | ungraded,1,1
Fusion Strike,Palossand,126/264,Normal,Rare,Pokemon Fusion Strike,Palossand #126,fusion strike | palossand | 126 |  | ungraded,1,1
Fusion Strike,Indeedee,127/264,Normal,Common,Pokemon Fusion Strike,Indeedee #127,fusion strike | indeedee | 127 |  | ungraded,1,1
Fusion Strike,Dreepy,128/264,Normal,Common,Pokemon Fusion Strike,Dreepy #128,fusion strike | dreepy | 128 |  | ungraded,1,1
Fusion Strike,Drakloak,129/264,Normal,Uncommon,Pokemon Fusion Strike,Drakloak #129,fusion strike | drakloak | 129 |  | ungraded,1,1
Fusion Strike,Sandshrew,131/264,Normal,Common,Pokemon Fusion Strike,Sandshrew #131,fusion strike | sandshrew | 131 |  | ungraded,1,1
Fusion Strike,Sandshrew,131/264,Reverse Holo,Common,Pokemon Fusion Strike,Sandshrew [Reverse Holo] #131,fusion strike | sandshrew | 131 | reverse holo | ungraded,1,0
Fusion Strike,Mankey,133/264,Normal,Common,Pokemon Fusion Strike,Mankey #133,fusion strike | mankey | 133 |  | ungraded,1,1
Fusion Strike,Primeape,134/264,Normal,Uncommon,Pokemon Fusion Strike,Primeape #134,fusion strike | primeape | 134 |  | ungraded,1,1
Fusion Strike,Geodude,135/264,Normal,Common,Pokemon Fusion Strike,Geodude #135,fusion strike | geodude | 135 |  | ungraded,1,1
Fusion Strike,Graveler,136/264,Normal,Uncommon,Pokemon Fusion Strike,Graveler #136,fusion strike | graveler | 136 |  | ungraded,1,0
Fusion Strike,Golem,137/264,Normal,Rare,Pokemon Fusion Strike,Golem #137,fusion strike | golem | 137 |  | ungraded,1,1
Fusion Strike,Onix,138/264,Normal,Common,Pokemon Fusion Strike,Onix #138,fusion strike | onix | 138 |  | ungraded,1,1
Fusion Strike,Gligar,140/264,Normal,Common,Pokemon Fusion Strike,Gligar #140,fusion strike | gligar | 140 |  | ungraded,1,1
Fusion Strike,Gligar,140/264,Reverse Holo,Common,Pokemon Fusion Strike,Gligar [Reverse Holo] #140,fusion strike | gligar | 140 | reverse holo | ungraded,1,0
Fusion Strike,Gliscor,141/264,Normal,Uncommon,Pokemon Fusion Strike,Gliscor #141,fusion strike | gliscor | 141 |  | ungraded,1,1
Fusion Strike,Makuhita,142/264,Normal,Common,Pokemon Fusion Strike,Makuhita #142,fusion strike | makuhita | 142 |  | ungraded,1,1
Fusion Strike,Hariyama,143/264,Normal,Uncommon,Pokemon Fusion Strike,Hariyama #143,fusion strike | hariyama | 143 |  | ungraded,1,1
Fusion Strike,Baltoy,144/264,Normal,Common,Pokemon Fusion Strike,Baltoy #144,fusion strike | baltoy | 144 |  | ungraded,1,1
Fusion Strike,Baltoy,144/264,Reverse Holo,Common,Pokemon Fusion Strike,Baltoy [Reverse Holo] #144,fusion strike | baltoy | 144 | reverse holo | ungraded,1,0
Fusion Strike,Claydol,145/264,Normal,Rare,Pokemon Fusion Strike,Claydol #145,fusion strike | claydol | 145 |  | ungraded,1,1
Fusion Strike,Drilbur,147/264,Normal,Common,Pokemon Fusion Strike,Drilbur #147,fusion strike | drilbur | 147 |  | ungraded,1,1
Fusion Strike,Landorus,148/264,Normal Holo,Rare Holo,Pokemon Fusion Strike,Landorus [Holo] #148,fusion strike | landorus | 148 | holo | ungraded,1,1
Fusion Strike,Pancham,149/264,Normal,Common,Pokemon Fusion Strike,Pancham #149,fusion strike | pancham | 149 |  | ungraded,1,1
Fusion Strike,Pancham,149/264,Reverse Holo,Common,Pokemon Fusion Strike,Pancham [Reverse Holo] #149,fusion strike | pancham | 149 | reverse holo | ungraded,1,0
Fusion Strike,Stufful,150/264,Normal,Common,Pokemon Fusion Strike,Stufful #150,fusion strike | stufful | 150 |  | ungraded,1,1
Fusion Strike,Bewear,151/264,Normal,Uncommon,Pokemon Fusion Strike,Bewear #151,fusion strike | bewear | 151 |  | ungraded,1,1
Fusion Strike,Clobbopus,152/264,Normal,Common,Pokemon Fusion Strike,Clobbopus #152,fusion strike | clobbopus | 152 |  | ungraded,1,1
Fusion Strike,Clobbopus,152/264,Reverse Holo,Common,Pokemon Fusion Strike,Clobbopus [Reverse Holo] #152,fusion strike | clobbopus | 152 | reverse holo | ungraded,1,0
Fusion Strike,Grapploct,153/264,Normal,Uncommon,Pokemon Fusion Strike,Grapploct #153,fusion strike | grapploct | 153 |  | ungraded,1,1
Fusion Strike,Falinks,154/264,Normal,Uncommon,Pokemon Fusion Strike,Falinks #154,fusion strike | falinks | 154 |  | ungraded,1,1
Fusion Strike,Falinks,155/264,Normal,Common,Pokemon Fusion Strike,Falinks #155,fusion strike | falinks | 155 |  | ungraded,1,1
Fusion Strike,Falinks,155/264,Reverse Holo,Common,Pokemon Fusion Strike,Falinks [Reverse Holo] #155,fusion strike | falinks | 155 | reverse holo | ungraded,1,0
Fusion Strike,Gengar V,156/264,Normal Holo,Holo Rare V,Pokemon Fusion Strike,Gengar V [Holo] #156,fusion strike | gengar v | 156 | holo | ungraded,1,0
Fusion Strike,Tyranitar V,158/264,Normal Holo,Holo Rare V,Pokemon Fusion Strike,Tyranitar V [Holo] #158,fusion strike | tyranitar v | 158 | holo | ungraded,1,0
Fusion Strike,Galarian Zigzagoon,159/264,Normal,Common,Pokemon Fusion Strike,Galarian Zigzagoon #159,fusion strike | galarian zigzagoon | 159 |  | ungraded,1,1
Fusion Strike,Galarian Linoone,160/264,Normal,Uncommon,Pokemon Fusion Strike,Galarian Linoone #160,fusion strike | galarian linoone | 160 |  | ungraded,1,1
Fusion Strike,Galarian Obstagoon,161/264,Normal Holo,Rare Holo,Pokemon Fusion Strike,Galarian Obstagoon [Holo] #161,fusion strike | galarian obstagoon | 161 | holo | ungraded,1,0
Fusion Strike,Carvanha,162/264,Normal,Common,Pokemon Fusion Strike,Carvanha #162,fusion strike | carvanha | 162 |  | ungraded,1,1
Fusion Strike,Sharpedo,163/264,Normal,Uncommon,Pokemon Fusion Strike,Sharpedo #163,fusion strike | sharpedo | 163 |  | ungraded,1,1
Fusion Strike,Sharpedo,163/264,Reverse Holo,Uncommon,Pokemon Fusion Strike,Sharpedo [Reverse Holo] #163,fusion strike | sharpedo | 163 | reverse holo | ungraded,2,0
Fusion Strike,Absol,164/264,Normal,Rare,Pokemon Fusion Strike,Absol #164,fusion strike | absol | 164 |  | ungraded,1,1
Fusion Strike,Absol,164/264,Reverse Holo,Rare,Pokemon Fusion Strike,Absol [Reverse Holo] #164,fusion strike | absol | 164 | reverse holo | ungraded,1,1
Fusion Strike,Croagunk,165/264,Normal,Common,Pokemon Fusion Strike,Croagunk #165,fusion strike | croagunk | 165 |  | ungraded,1,1
Fusion Strike,Darkrai,167/264,Normal,Uncommon,Pokemon Fusion Strike,Darkrai #167,fusion strike | darkrai | 167 |  | ungraded,1,1
Fusion Strike,Trubbish,168/264,Normal,Common,Pokemon Fusion Strike,Trubbish #168,fusion strike | trubbish | 168 |  | ungraded,1,1
Fusion Strike,Zorua,170/264,Normal,Common,Pokemon Fusion Strike,Zorua #170,fusion strike | zorua | 170 |  | ungraded,1,1
Fusion Strike,Zoroark,171/264,Normal,Uncommon,Pokemon Fusion Strike,Zoroark #171,fusion strike | zoroark | 171 |  | ungraded,1,1
Fusion Strike,Zoroark,171/264,Reverse Holo,Uncommon,Pokemon Fusion Strike,Zoroark [Reverse Holo] #171,fusion strike | zoroark | 171 | reverse holo | ungraded,2,0
Fusion Strike,Vullaby,172/264,Normal,Common,Pokemon Fusion Strike,Vullaby #172,fusion strike | vullaby | 172 |  | ungraded,1,1
Fusion Strike,Vullaby,172/264,Reverse Holo,Common,Pokemon Fusion Strike,Vullaby [Reverse Holo] #172,fusion strike | vullaby | 172 | reverse holo | ungraded,1,0
Fusion Strike,Mandibuzz,173/264,Reverse Holo,Uncommon,Pokemon Fusion Strike,Mandibuzz [Reverse Holo] #173,fusion strike | mandibuzz | 173 | reverse holo | ungraded,2,0
Fusion Strike,Pangoro,174/264,Reverse Holo,Uncommon,Pokemon Fusion Strike,Pangoro [Reverse Holo] #174,fusion strike | pangoro | 174 | reverse holo | ungraded,3,0
Fusion Strike,Yveltal,175/264,Reverse Holo,Rare,Pokemon Fusion Strike,Yveltal [Reverse Holo] #175,fusion strike | yveltal | 175 | reverse holo | ungraded,1,1
Fusion Strike,Impidimp,176/264,Normal,Common,Pokemon Fusion Strike,Impidimp #176,fusion strike | impidimp | 176 |  | ungraded,1,1
Fusion Strike,Impidimp,176/264,Reverse Holo,Common,Pokemon Fusion Strike,Impidimp [Reverse Holo] #176,fusion strike | impidimp | 176 | reverse holo | ungraded,1,0
Fusion Strike,Morgrem,177/264,Normal,Uncommon,Pokemon Fusion Strike,Morgrem #177,fusion strike | morgrem | 177 |  | ungraded,1,1
Fusion Strike,Grimmsnarl,178/264,Normal Holo,Rare Holo,Pokemon Fusion Strike,Grimmsnarl [Holo] #178,fusion strike | grimmsnarl | 178 | holo | ungraded,1,0
Fusion Strike,Morpeko,179/264,Normal,Common,Pokemon Fusion Strike,Morpeko #179,fusion strike | morpeko | 179 |  | ungraded,1,1
Fusion Strike,Galarian Meowth,180/264,Normal,Common,Pokemon Fusion Strike,Galarian Meowth #180,fusion strike | galarian meowth | 180 |  | ungraded,1,1
Fusion Strike,Galarian Meowth,180/264,Reverse Holo,Common,Pokemon Fusion Strike,Galarian Meowth [Reverse Holo] #180,fusion strike | galarian meowth | 180 | reverse holo | ungraded,1,0
Fusion Strike,Galarian Perrserker,181/264,Normal,Uncommon,Pokemon Fusion Strike,Galarian Perrserker #181,fusion strike | galarian perrserker | 181 |  | ungraded,1,1
Fusion Strike,Galarian Perrserker,181/264,Reverse Holo,Uncommon,Pokemon Fusion Strike,Galarian Perrserker [Reverse Holo] #181,fusion strike | galarian perrserker | 181 | reverse holo | ungraded,2,0
Fusion Strike,Skarmory,182/264,Normal,Common,Pokemon Fusion Strike,Skarmory #182,fusion strike | skarmory | 182 |  | ungraded,1,1
Fusion Strike,Skarmory,182/264,Reverse Holo,Common,Pokemon Fusion Strike,Skarmory [Reverse Holo] #182,fusion strike | skarmory | 182 | reverse holo | ungraded,1,0
Fusion Strike,Excadrill,183/264,Normal,Uncommon,Pokemon Fusion Strike,Excadrill #183,fusion strike | excadrill | 183 |  | ungraded,1,1
Fusion Strike,Excadrill,183/264,Reverse Holo,Uncommon,Pokemon Fusion Strike,Excadrill [Reverse Holo] #183,fusion strike | excadrill | 183 | reverse holo | ungraded,1,0
Fusion Strike,Durant,184/264,Normal,Common,Pokemon Fusion Strike,Durant #184,fusion strike | durant | 184 |  | ungraded,1,1
Fusion Strike,Genesect V,185/264,Normal Holo,Holo Rare V,Pokemon Fusion Strike,Genesect V [Holo] #185,fusion strike | genesect v | 185 | holo | ungraded,1,0
Fusion Strike,Klefki,186/264,Normal,Common,Pokemon Fusion Strike,Klefki #186,fusion strike | klefki | 186 |  | ungraded,1,1
Fusion Strike,Togedemaru,187/264,Normal,Uncommon,Pokemon Fusion Strike,Togedemaru #187,fusion strike | togedemaru | 187 |  | ungraded,1,1
Fusion Strike,Meltan,188/264,Normal,Common,Pokemon Fusion Strike,Meltan #188,fusion strike | meltan | 188 |  | ungraded,1,1
Fusion Strike,Melmetal,189/264,Normal Holo,Rare Holo,Pokemon Fusion Strike,Melmetal [Holo] #189,fusion strike | melmetal | 189 | holo | ungraded,1,0
Fusion Strike,Melmetal,189/264,Reverse Holo,Rare Holo,Pokemon Fusion Strike,Melmetal [Reverse Holo] #189,fusion strike | melmetal | 189 | reverse holo | ungraded,1,0
Fusion Strike,Corviknight,190/264,Normal,Rare,Pokemon Fusion Strike,Corviknight #190,fusion strike | corviknight | 190 |  | ungraded,1,1
Fusion Strike,Corviknight,190/264,Reverse Holo,Rare,Pokemon Fusion Strike,Corviknight [Reverse Holo] #190,fusion strike | corviknight | 190 | reverse holo | ungraded,1,0
Fusion Strike,Cufant,191/264,Normal,Common,Pokemon Fusion Strike,Cufant #191,fusion strike | cufant | 191 |  | ungraded,1,1
Fusion Strike,Copperajah,192/264,Normal,Uncommon,Pokemon Fusion Strike,Copperajah #192,fusion strike | copperajah | 192 |  | ungraded,1,1
Fusion Strike,Latias,193/264,Normal,Rare,Pokemon Fusion Strike,Latias #193,fusion strike | latias | 193 |  | ungraded,1,1
Fusion Strike,Latias,193/264,Reverse Holo,Rare,Pokemon Fusion Strike,Latias [Reverse Holo] #193,fusion strike | latias | 193 | reverse holo | ungraded,1,0
Fusion Strike,Latios,194/264,Normal,Rare,Pokemon Fusion Strike,Latios #194,fusion strike | latios | 194 |  | ungraded,1,1
Fusion Strike,Latios,194/264,Reverse Holo,Rare,Pokemon Fusion Strike,Latios [Reverse Holo] #194,fusion strike | latios | 194 | reverse holo | ungraded,1,1
Fusion Strike,Goomy,195/264,Normal,Common,Pokemon Fusion Strike,Goomy #195,fusion strike | goomy | 195 |  | ungraded,1,1
Fusion Strike,Sliggoo,196/264,Normal,Uncommon,Pokemon Fusion Strike,Sliggoo #196,fusion strike | sliggoo | 196 |  | ungraded,1,1
Fusion Strike,Turtonator,198/264,Normal,Uncommon,Pokemon Fusion Strike,Turtonator #198,fusion strike | turtonator | 198 |  | ungraded,1,1
Fusion Strike,Turtonator,198/264,Reverse Holo,Uncommon,Pokemon Fusion Strike,Turtonator [Reverse Holo] #198,fusion strike | turtonator | 198 | reverse holo | ungraded,3,0
Fusion Strike,Meowth,199/264,Normal,Common,Pokemon Fusion Strike,Meowth #199,fusion strike | meowth | 199 |  | ungraded,1,1
Fusion Strike,Persian,200/264,Normal,Uncommon,Pokemon Fusion Strike,Persian #200,fusion strike | persian | 200 |  | ungraded,1,1
Fusion Strike,Chansey,202/264,Normal,Common,Pokemon Fusion Strike,Chansey #202,fusion strike | chansey | 202 |  | ungraded,1,1
Fusion Strike,Kangaskhan,204/264,Normal,Rare,Pokemon Fusion Strike,Kangaskhan #204,fusion strike | kangaskhan | 204 |  | ungraded,1,1
Fusion Strike,Kangaskhan,204/264,Reverse Holo,Rare,Pokemon Fusion Strike,Kangaskhan [Reverse Holo] #204,fusion strike | kangaskhan | 204 | reverse holo | ungraded,2,1
Fusion Strike,Eevee,205/264,Normal,Common,Pokemon Fusion Strike,Eevee #205,fusion strike | eevee | 205 |  | ungraded,1,1
Fusion Strike,Eevee,205/264,Reverse Holo,Common,Pokemon Fusion Strike,Eevee [Reverse Holo] #205,fusion strike | eevee | 205 | reverse holo | ungraded,1,0
Fusion Strike,Snorlax,206/264,Normal,Common,Pokemon Fusion Strike,Snorlax #206,fusion strike | snorlax | 206 |  | ungraded,1,1
Fusion Strike,Snorlax,206/264,Reverse Holo,Common,Pokemon Fusion Strike,Snorlax [Reverse Holo] #206,fusion strike | snorlax | 206 | reverse holo | ungraded,1,0
Fusion Strike,Dunsparce,207/264,Normal,Uncommon,Pokemon Fusion Strike,Dunsparce #207,fusion strike | dunsparce | 207 |  | ungraded,1,1
Fusion Strike,Stantler,208/264,Normal,Uncommon,Pokemon Fusion Strike,Stantler #208,fusion strike | stantler | 208 |  | ungraded,1,1
Fusion Strike,Smeargle,209/264,Normal,Common,Pokemon Fusion Strike,Smeargle #209,fusion strike | smeargle | 209 |  | ungraded,1,1
Fusion Strike,Skitty,210/264,Normal,Common,Pokemon Fusion Strike,Skitty #210,fusion strike | skitty | 210 |  | ungraded,1,1
Fusion Strike,Skitty,210/264,Reverse Holo,Common,Pokemon Fusion Strike,Skitty [Reverse Holo] #210,fusion strike | skitty | 210 | reverse holo | ungraded,3,0
Fusion Strike,Delcatty,211/264,Normal,Uncommon,Pokemon Fusion Strike,Delcatty #211,fusion strike | delcatty | 211 |  | ungraded,1,1
Fusion Strike,Delcatty,211/264,Reverse Holo,Uncommon,Pokemon Fusion Strike,Delcatty [Reverse Holo] #211,fusion strike | delcatty | 211 | reverse holo | ungraded,1,0
Fusion Strike,Buneary,212/264,Normal,Common,Pokemon Fusion Strike,Buneary #212,fusion strike | buneary | 212 |  | ungraded,1,1
Fusion Strike,Lopunny,213/264,Normal,Uncommon,Pokemon Fusion Strike,Lopunny #213,fusion strike | lopunny | 213 |  | ungraded,1,1
Fusion Strike,Lopunny,213/264,Reverse Holo,Uncommon,Pokemon Fusion Strike,Lopunny [Reverse Holo] #213,fusion strike | lopunny | 213 | reverse holo | ungraded,1,0
Fusion Strike,Diggersby,215/264,Normal,Uncommon,Pokemon Fusion Strike,Diggersby #215,fusion strike | diggersby | 215 |  | ungraded,1,1
Fusion Strike,Hawlucha,216/264,Normal,Uncommon,Pokemon Fusion Strike,Hawlucha #216,fusion strike | hawlucha | 216 |  | ungraded,1,1
Fusion Strike,Hawlucha,216/264,Reverse Holo,Uncommon,Pokemon Fusion Strike,Hawlucha [Reverse Holo] #216,fusion strike | hawlucha | 216 | reverse holo | ungraded,1,1
Fusion Strike,Rookidee,219/264,Normal,Common,Pokemon Fusion Strike,Rookidee #219,fusion strike | rookidee | 219 |  | ungraded,1,1
Fusion Strike,Rookidee,219/264,Reverse Holo,Common,Pokemon Fusion Strike,Rookidee [Reverse Holo] #219,fusion strike | rookidee | 219 | reverse holo | ungraded,1,0
Fusion Strike,Corvisquire,220/264,Normal,Uncommon,Pokemon Fusion Strike,Corvisquire #220,fusion strike | corvisquire | 220 |  | ungraded,1,1
Fusion Strike,Wooloo,221/264,Normal,Common,Pokemon Fusion Strike,Wooloo #221,fusion strike | wooloo | 221 |  | ungraded,1,1
Fusion Strike,Wooloo,221/264,Reverse Holo,Common,Pokemon Fusion Strike,Wooloo [Reverse Holo] #221,fusion strike | wooloo | 221 | reverse holo | ungraded,1,0
Fusion Strike,Wooloo,222/264,Normal,Common,Pokemon Fusion Strike,Wooloo #222,fusion strike | wooloo | 222 |  | ungraded,1,1
Fusion Strike,Dubwool,223/264,Normal,Uncommon,Pokemon Fusion Strike,Dubwool #223,fusion strike | dubwool | 223 |  | ungraded,1,1
Fusion Strike,Dubwool,223/264,Reverse Holo,Uncommon,Pokemon Fusion Strike,Dubwool [Reverse Holo] #223,fusion strike | dubwool | 223 | reverse holo | ungraded,1,1
Fusion Strike,Battle VIP Pass,225/264,Normal,Uncommon,Pokemon Fusion Strike,Battle VIP Pass #225,fusion strike | battle vip pass | 225 |  | ungraded,1,1
Fusion Strike,Battle VIP Pass,225/264,Reverse Holo,Uncommon,Pokemon Fusion Strike,Battle VIP Pass [Reverse Holo] #225,fusion strike | battle vip pass | 225 | reverse holo | ungraded,1,0
Fusion Strike,Bug Catcher,226/264,Normal,Uncommon,Pokemon Fusion Strike,Bug Catcher #226,fusion strike | bug catcher | 226 |  | ungraded,1,1
Fusion Strike,Chili & Cilan & Cress,227/264,Normal,Uncommon,Pokemon Fusion Strike,Chili & Cilan & Cress #227,fusion strike | chili cilan cress | 227 |  | ungraded,1,1
Fusion Strike,Cook,228/264,Normal,Uncommon,Pokemon Fusion Strike,Cook #228,fusion strike | cook | 228 |  | ungraded,1,1
Fusion Strike,Cross Switcher,230/264,Normal,Uncommon,Pokemon Fusion Strike,Cross Switcher #230,fusion strike | cross switcher | 230 |  | ungraded,1,1
Fusion Strike,Crossceiver,231/264,Normal,Uncommon,Pokemon Fusion Strike,Crossceiver #231,fusion strike | crossceiver | 231 |  | ungraded,1,1
Fusion Strike,Dancer,232/264,Normal,Uncommon,Pokemon Fusion Strike,Dancer #232,fusion strike | dancer | 232 |  | ungraded,1,1
Fusion Strike,Dancer,232/264,Reverse Holo,Uncommon,Pokemon Fusion Strike,Dancer [Reverse Holo] #232,fusion strike | dancer | 232 | reverse holo | ungraded,1,0
Fusion Strike,Elesa's Sparkle,233/264,Normal,Uncommon,Pokemon Fusion Strike,Elesa's Sparkle #233,fusion strike | elesa s sparkle | 233 |  | ungraded,1,1
Fusion Strike,Elesa's Sparkle,233/264,Reverse Holo,Uncommon,Pokemon Fusion Strike,Elesa's Sparkle [Reverse Holo] #233,fusion strike | elesa s sparkle | 233 | reverse holo | ungraded,1,0
Fusion Strike,Farewell Bell,234/264,Normal,Uncommon,Pokemon Fusion Strike,Farewell Bell #234,fusion strike | farewell bell | 234 |  | ungraded,1,1
Fusion Strike,Power Tablet,236/264,Normal,Uncommon,Pokemon Fusion Strike,Power Tablet #236,fusion strike | power tablet | 236 |  | ungraded,1,1
Fusion Strike,Quick Ball,237/264,Normal,Uncommon,Pokemon Fusion Strike,Quick Ball #237,fusion strike | quick ball | 237 |  | ungraded,1,1
Fusion Strike,Schoolboy,238/264,Normal,Uncommon,Pokemon Fusion Strike,Schoolboy #238,fusion strike | schoolboy | 238 |  | ungraded,1,1
Fusion Strike,Schoolboy,238/264,Reverse Holo,Uncommon,Pokemon Fusion Strike,Schoolboy [Reverse Holo] #238,fusion strike | schoolboy | 238 | reverse holo | ungraded,2,0
Fusion Strike,Schoolgirl,239/264,Normal,Uncommon,Pokemon Fusion Strike,Schoolgirl #239,fusion strike | schoolgirl | 239 |  | ungraded,1,1
Fusion Strike,Shauna,240/264,Normal,Uncommon,Pokemon Fusion Strike,Shauna #240,fusion strike | shauna | 240 |  | ungraded,1,1
Fusion Strike,Sidney,241/264,Normal,Uncommon,Pokemon Fusion Strike,Sidney #241,fusion strike | sidney | 241 |  | ungraded,1,1
Fusion Strike,Sidney,241/264,Reverse Holo,Uncommon,Pokemon Fusion Strike,Sidney [Reverse Holo] #241,fusion strike | sidney | 241 | reverse holo | ungraded,1,0
Fusion Strike,Skaters' Park,242/264,Normal,Uncommon,Pokemon Fusion Strike,Skaters' Park #242,fusion strike | skaters park | 242 |  | ungraded,1,1
Fusion Strike,Spongy Gloves,243/264,Normal,Uncommon,Pokemon Fusion Strike,Spongy Gloves #243,fusion strike | spongy gloves | 243 |  | ungraded,1,1
Fusion Strike,Spongy Gloves,243/264,Reverse Holo,Uncommon,Pokemon Fusion Strike,Spongy Gloves [Reverse Holo] #243,fusion strike | spongy gloves | 243 | reverse holo | ungraded,1,0
Fusion Strike,Fusion Strike Energy,244/264,Normal,Uncommon,Pokemon Fusion Strike,Fusion Strike Energy #244,fusion strike | fusion strike energy | 244 |  | ungraded,1,1
Fusion Strike,Crabominable V,248/264,Normal Holo,Rare Ultra,Pokemon Fusion Strike,Crabominable V [Holo] #248,fusion strike | crabominable v | 248 | holo | ungraded,1,0
Fusion Strike,Boltund V,249/264,Normal Holo,Rare Ultra,Pokemon Fusion Strike,Boltund V [Holo] #249,fusion strike | boltund v | 249 | holo | ungraded,1,0
Fusion Strike,Genesect V,254/264,Normal Holo,Rare Ultra,Pokemon Fusion Strike,Genesect V [Holo] #254,fusion strike | genesect v | 254 | holo | ungraded,1,0
Fusion Strike,Chandelure VMAX,265/264,Normal Holo,Rare Rainbow,Pokemon Fusion Strike,Chandelure VMAX [Holo] #265,fusion strike | chandelure vmax | 265 | holo | ungraded,1,0
Fusion Strike,Schoolgirl,277/264,Normal Holo,Rare Rainbow,Pokemon Fusion Strike,Schoolgirl [Holo] #277,fusion strike | schoolgirl | 277 | holo | ungraded,1,0
Celebrations,Kyogre,003/025,Normal Holo,Rare,Pokemon Celebrations,Kyogre [Holo] #3,celebrations | kyogre | 3 | holo | ungraded,1,0
Celebrations,Flying Pikachu VMAX,007/025,Normal Holo,Holo Rare VMAX,Pokemon Celebrations,Flying Pikachu VMAX [Holo] #7,celebrations | flying pikachu vmax | 7 | holo | ungraded,1,0
Celebrations,Surfing Pikachu V,008/025,Normal Holo,Holo Rare V,Pokemon Celebrations,Surfing Pikachu V [Holo] #8,celebrations | surfing pikachu v | 8 | holo | ungraded,1,0
Celebrations,Zekrom,010/025,Normal Holo,Rare,Pokemon Celebrations,Zekrom [Holo] #10,celebrations | zekrom | 10 | holo | ungraded,1,0
Celebrations,Xerneas,012/025,Normal Holo,Rare,Pokemon Celebrations,Xerneas [Holo] #12,celebrations | xerneas | 12 | holo | ungraded,1,0
Celebrations,Cosmog,013/025,Normal Holo,Rare,Pokemon Celebrations,Cosmog [Holo] #13,celebrations | cosmog | 13 | holo | ungraded,1,0
Celebrations,Cosmoem,014/025,Normal Holo,Rare,Pokemon Celebrations,Cosmoem [Holo] #14,celebrations | cosmoem | 14 | holo | ungraded,1,0
Celebrations,Lunala,015/025,Normal Holo,Rare Holo,Pokemon Celebrations,Lunala [Holo] #15,celebrations | lunala | 15 | holo | ungraded,1,0
Celebrations,Dialga,020/025,Normal Holo,Rare,Pokemon Celebrations,Dialga [Holo] #20,celebrations | dialga | 20 | holo | ungraded,1,0
Celebrations,Here Comes Team Rocket!,15/82,Normal Holo,,Pokemon Celebrations,Here Comes Team Rocket! #15,celebrations | here comes team rocket | 15 |  | ungraded,1,1
Celebrations,Tapu Lele-GX,60/145,Normal Holo,,Pokemon Celebrations,Tapu Lele-GX #60,celebrations | tapu lele gx | 60 |  | ungraded,1,1
Evolving Skies,Pinsir,001/203,Normal,Rare,Pokemon Evolving Skies,Pinsir #1,evolving skies | pinsir | 1 |  | ungraded,1,1
Evolving Skies,Hoppip,002/203,Normal,Common,Pokemon Evolving Skies,Hoppip #2,evolving skies | hoppip | 2 |  | ungraded,1,1
Evolving Skies,Skiploom,003/203,Normal,Uncommon,Pokemon Evolving Skies,Skiploom #3,evolving skies | skiploom | 3 |  | ungraded,1,1
Evolving Skies,Jumpluff,004/203,Normal Holo,Rare Holo,Pokemon Evolving Skies,Jumpluff [Holo] #4,evolving skies | jumpluff | 4 | holo | ungraded,1,0
Evolving Skies,Seedot,005/203,Normal,Common,Pokemon Evolving Skies,Seedot #5,evolving skies | seedot | 5 |  | ungraded,1,1
Evolving Skies,Petilil,009/203,Normal,Common,Pokemon Evolving Skies,Petilil #9,evolving skies | petilil | 9 |  | ungraded,1,1
Evolving Skies,Dwebble,011/203,Normal,Common,Pokemon Evolving Skies,Dwebble #11,evolving skies | dwebble | 11 |  | ungraded,1,1
Evolving Skies,Crustle,012/203,Normal,Uncommon,Pokemon Evolving Skies,Crustle #12,evolving skies | crustle | 12 |  | ungraded,1,1
Evolving Skies,Trevenant V,013/203,Normal Holo,Holo Rare V,Pokemon Evolving Skies,Trevenant V [Holo] #13,evolving skies | trevenant v | 13 | holo | ungraded,1,0
Evolving Skies,Gossifleur,015/203,Normal,Common,Pokemon Evolving Skies,Gossifleur #15,evolving skies | gossifleur | 15 |  | ungraded,1,1
Evolving Skies,Eldegoss,016/203,Normal Holo,Rare Holo,Pokemon Evolving Skies,Eldegoss [Holo] #16,evolving skies | eldegoss | 16 | holo | ungraded,1,0
Evolving Skies,Applin,017/203,Normal,Common,Pokemon Evolving Skies,Applin #17,evolving skies | applin | 17 |  | ungraded,1,1
Evolving Skies,Entei,019/203,Normal Holo,Rare Holo,Pokemon Evolving Skies,Entei [Holo] #19,evolving skies | entei | 19 | holo | ungraded,1,0
Evolving Skies,Litleo,022/203,Normal,Common,Pokemon Evolving Skies,Litleo #22,evolving skies | litleo | 22 |  | ungraded,1,1
Evolving Skies,Pyroar,023/203,Normal,Uncommon,Pokemon Evolving Skies,Pyroar #23,evolving skies | pyroar | 23 |  | ungraded,1,1
Evolving Skies,Tentacool,026/203,Normal,Common,Pokemon Evolving Skies,Tentacool #26,evolving skies | tentacool | 26 |  | ungraded,1,1
Evolving Skies,Tentacruel,027/203,Normal,Uncommon,Pokemon Evolving Skies,Tentacruel #27,evolving skies | tentacruel | 27 |  | ungraded,1,1
Evolving Skies,Tentacruel,027/203,Reverse Holo,Uncommon,Pokemon Evolving Skies,Tentacruel [Reverse Holo] #27,evolving skies | tentacruel | 27 | reverse holo | ungraded,1,1
Evolving Skies,Gyarados V,028/203,Normal Holo,Holo Rare V,Pokemon Evolving Skies,Gyarados V [Holo] #28,evolving skies | gyarados v | 28 | holo | ungraded,2,0
Evolving Skies,Vaporeon VMAX,030/203,Normal Holo,Holo Rare VMAX,Pokemon Evolving Skies,Vaporeon VMAX [Holo] #30,evolving skies | vaporeon vmax | 30 | holo | ungraded,1,0
Evolving Skies,Suicune V,031/203,Normal Holo,Holo Rare V,Pokemon Evolving Skies,Suicune V [Holo] #31,evolving skies | suicune v | 31 | holo | ungraded,1,0
Evolving Skies,Lotad,032/203,Normal,Common,Pokemon Evolving Skies,Lotad #32,evolving skies | lotad | 32 |  | ungraded,1,1
Evolving Skies,Lotad,032/203,Reverse Holo,Common,Pokemon Evolving Skies,Lotad [Reverse Holo] #32,evolving skies | lotad | 32 | reverse holo | ungraded,1,1
Evolving Skies,Carvanha,035/203,Normal,Common,Pokemon Evolving Skies,Carvanha #35,evolving skies | carvanha | 35 |  | ungraded,1,1
Evolving Skies,Sharpedo,036/203,Normal,Rare,Pokemon Evolving Skies,Sharpedo #36,evolving skies | sharpedo | 36 |  | ungraded,1,1
Evolving Skies,Feebas,037/203,Normal,Common,Pokemon Evolving Skies,Feebas #37,evolving skies | feebas | 37 |  | ungraded,1,1
Evolving Skies,Luvdisc,039/203,Normal,Common,Pokemon Evolving Skies,Luvdisc #39,evolving skies | luvdisc | 39 |  | ungraded,1,1
Evolving Skies,Glaceon V,040/203,Normal Holo,Holo Rare V,Pokemon Evolving Skies,Glaceon V [Holo] #40,evolving skies | glaceon v | 40 | holo | ungraded,2,0
Evolving Skies,Glaceon VMAX,041/203,Normal Holo,Holo Rare VMAX,Pokemon Evolving Skies,Glaceon VMAX [Holo] #41,evolving skies | glaceon vmax | 41 | holo | ungraded,1,0
Evolving Skies,Tympole,042/203,Normal,Common,Pokemon Evolving Skies,Tympole #42,evolving skies | tympole | 42 |  | ungraded,1,1
Evolving Skies,Cryogonal,043/203,Normal,Common,Pokemon Evolving Skies,Cryogonal #43,evolving skies | cryogonal | 43 |  | ungraded,1,1
Evolving Skies,Bergmite,044/203,Reverse Holo,Common,Pokemon Evolving Skies,Bergmite [Reverse Holo] #44,evolving skies | bergmite | 44 | reverse holo | ungraded,1,1
Evolving Skies,Avalugg,045/203,Normal,Uncommon,Pokemon Evolving Skies,Avalugg #45,evolving skies | avalugg | 45 |  | ungraded,1,1
Evolving Skies,Eiscue,047/203,Normal,Uncommon,Pokemon Evolving Skies,Eiscue #47,evolving skies | eiscue | 47 |  | ungraded,1,1
Evolving Skies,Pikachu,049/203,Normal,Common,Pokemon Evolving Skies,Pikachu #49,evolving skies | pikachu | 49 |  | ungraded,1,1
Evolving Skies,Chinchou,052/203,Normal,Common,Pokemon Evolving Skies,Chinchou #52,evolving skies | chinchou | 52 |  | ungraded,1,1
Evolving Skies,Mareep,054/203,Normal,Common,Pokemon Evolving Skies,Mareep #54,evolving skies | mareep | 54 |  | ungraded,1,1
Evolving Skies,Flaaffy,055/203,Normal,Uncommon,Pokemon Evolving Skies,Flaaffy #55,evolving skies | flaaffy | 55 |  | ungraded,1,1
Evolving Skies,Emolga,057/203,Normal,Common,Pokemon Evolving Skies,Emolga #57,evolving skies | emolga | 57 |  | ungraded,1,1
Evolving Skies,Dracozolt V,058/203,Normal Holo,Holo Rare V,Pokemon Evolving Skies,Dracozolt V [Holo] #58,evolving skies | dracozolt v | 58 | holo | ungraded,2,0
Evolving Skies,Regieleki,060/203,Normal Holo,Rare Holo,Pokemon Evolving Skies,Regieleki [Holo] #60,evolving skies | regieleki | 60 | holo | ungraded,1,0
Evolving Skies,Drowzee,061/203,Normal,Common,Pokemon Evolving Skies,Drowzee #61,evolving skies | drowzee | 61 |  | ungraded,1,1
Evolving Skies,Hypno,062/203,Normal,Uncommon,Pokemon Evolving Skies,Hypno #62,evolving skies | hypno | 62 |  | ungraded,1,1
Evolving Skies,Galarian Articuno,063/203,Normal Holo,Rare Holo,Pokemon Evolving Skies,Galarian Articuno [Holo] #63,evolving skies | galarian articuno | 63 | holo | ungraded,1,1
Evolving Skies,Espeon V,064/203,Normal Holo,Holo Rare V,Pokemon Evolving Skies,Espeon V [Holo] #64,evolving skies | espeon v | 64 | holo | ungraded,1,0
Evolving Skies,Espeon VMAX,065/203,Normal Holo,Holo Rare VMAX,Pokemon Evolving Skies,Espeon VMAX [Holo] #65,evolving skies | espeon vmax | 65 | holo | ungraded,1,0
Evolving Skies,Sableye,067/203,Normal,Common,Pokemon Evolving Skies,Sableye #67,evolving skies | sableye | 67 |  | ungraded,1,1
Evolving Skies,Woobat,068/203,Normal,Common,Pokemon Evolving Skies,Woobat #68,evolving skies | woobat | 68 |  | ungraded,1,1
Evolving Skies,Flabébé,071/203,Normal,Common,Pokemon Evolving Skies,Flabébé #71,evolving skies | flabebe | 71 |  | ungraded,1,1
Evolving Skies,Floette,072/203,Normal,Uncommon,Pokemon Evolving Skies,Floette #72,evolving skies | floette | 72 |  | ungraded,1,1
Evolving Skies,Florges,073/203,Normal Holo,Rare Holo,Pokemon Evolving Skies,Florges [Holo] #73,evolving skies | florges | 73 | holo | ungraded,1,0
Evolving Skies,Sylveon V,074/203,Normal Holo,Holo Rare V,Pokemon Evolving Skies,Sylveon V [Holo] #74,evolving skies | sylveon v | 74 | holo | ungraded,1,0
Evolving Skies,Pumpkaboo,076/203,Normal,Common,Pokemon Evolving Skies,Pumpkaboo #76,evolving skies | pumpkaboo | 76 |  | ungraded,1,1
Evolving Skies,Gourgeist,077/203,Reverse Holo,Rare,Pokemon Evolving Skies,Gourgeist [Reverse Holo] #77,evolving skies | gourgeist | 77 | reverse holo | ungraded,1,1
Evolving Skies,Cutiefly,078/203,Normal,Common,Pokemon Evolving Skies,Cutiefly #78,evolving skies | cutiefly | 78 |  | ungraded,1,1
Evolving Skies,Marshadow,080/203,Normal Holo,Rare Holo,Pokemon Evolving Skies,Marshadow [Holo] #80,evolving skies | marshadow | 80 | holo | ungraded,2,1
Evolving Skies,Marshadow,080/203,Trick or Trade 2023,Rare Holo,Pokemon Trick or Trade 2023,Marshadow [Holo] #80,trick or trade 2023 | marshadow | 80 | holo | ungraded,1,1
Evolving Skies,Hitmonchan,081/203,Normal,Common,Pokemon Evolving Skies,Hitmonchan #81,evolving skies | hitmonchan | 81 |  | ungraded,1,1
Evolving Skies,Galarian Zapdos,082/203,Normal Holo,Rare Holo,Pokemon Evolving Skies,Galarian Zapdos [Holo] #82,evolving skies | galarian zapdos | 82 | holo | ungraded,1,2
Evolving Skies,Medicham V,083/203,Normal Holo,Holo Rare V,Pokemon Evolving Skies,Medicham V [Holo] #83,evolving skies | medicham v | 83 | holo | ungraded,1,0
Evolving Skies,Hippopotas,084/203,Normal,Common,Pokemon Evolving Skies,Hippopotas #84,evolving skies | hippopotas | 84 |  | ungraded,1,1
Evolving Skies,Hippowdon,085/203,Normal,Uncommon,Pokemon Evolving Skies,Hippowdon #85,evolving skies | hippowdon | 85 |  | ungraded,1,1
Evolving Skies,Roggenrola,086/203,Normal,Common,Pokemon Evolving Skies,Roggenrola #86,evolving skies | roggenrola | 86 |  | ungraded,1,1
Evolving Skies,Boldore,087/203,Normal,Uncommon,Pokemon Evolving Skies,Boldore #87,evolving skies | boldore | 87 |  | ungraded,1,1
Evolving Skies,Gigalith,088/203,Reverse Holo,Rare,Pokemon Evolving Skies,Gigalith [Reverse Holo] #88,evolving skies | gigalith | 88 | reverse holo | ungraded,1,1
Evolving Skies,Seismitoad,090/203,Normal,Rare,Pokemon Evolving Skies,Seismitoad #90,evolving skies | seismitoad | 90 |  | ungraded,1,1
Evolving Skies,Galarian Moltres,093/203,Normal Holo,Rare Holo,Pokemon Evolving Skies,Galarian Moltres [Holo] #93,evolving skies | galarian moltres | 93 | holo | ungraded,1,2
Evolving Skies,Nuzleaf,096/203,Normal,Uncommon,Pokemon Evolving Skies,Nuzleaf #96,evolving skies | nuzleaf | 96 |  | ungraded,1,1
Evolving Skies,Shiftry,097/203,Normal,Rare,Pokemon Evolving Skies,Shiftry #97,evolving skies | shiftry | 97 |  | ungraded,1,1
Evolving Skies,Scraggy,098/203,Normal,Common,Pokemon Evolving Skies,Scraggy #98,evolving skies | scraggy | 98 |  | ungraded,1,1
Evolving Skies,Garbodor V,100/203,Normal Holo,Holo Rare V,Pokemon Evolving Skies,Garbodor V [Holo] #100,evolving skies | garbodor v | 100 | holo | ungraded,1,0
Evolving Skies,Zorua,102/203,Normal,Common,Pokemon Evolving Skies,Zorua #102,evolving skies | zorua | 102 |  | ungraded,1,1
Evolving Skies,Nickit,104/203,Normal,Common,Pokemon Evolving Skies,Nickit #104,evolving skies | nickit | 104 |  | ungraded,1,1
Evolving Skies,Bagon,107/203,Normal,Common,Pokemon Evolving Skies,Bagon #107,evolving skies | bagon | 107 |  | ungraded,1,1
Evolving Skies,Shelgon,108/203,Normal,Uncommon,Pokemon Evolving Skies,Shelgon #108,evolving skies | shelgon | 108 |  | ungraded,1,1
Evolving Skies,Salamence,109/203,Normal Holo,Rare Holo,Pokemon Evolving Skies,Salamence [Holo] #109,evolving skies | salamence | 109 | holo | ungraded,1,0
Evolving Skies,Deino,113/203,Normal,Common,Pokemon Evolving Skies,Deino #113,evolving skies | deino | 113 |  | ungraded,1,1
Evolving Skies,Zweilous,114/203,Normal,Uncommon,Pokemon Evolving Skies,Zweilous #114,evolving skies | zweilous | 114 |  | ungraded,1,1
Evolving Skies,Noivern V,117/203,Normal Holo,Holo Rare V,Pokemon Evolving Skies,Noivern V [Holo] #117,evolving skies | noivern v | 117 | holo | ungraded,2,0
Evolving Skies,Zygarde,118/203,Normal Holo,Rare Holo,Pokemon Evolving Skies,Zygarde [Holo] #118,evolving skies | zygarde | 118 | holo | ungraded,1,0
Evolving Skies,Flapple,120/203,Normal,Rare,Pokemon Evolving Skies,Flapple #120,evolving skies | flapple | 120 |  | ungraded,1,1
Evolving Skies,Eevee,125/203,Normal,Common,Pokemon Evolving Skies,Eevee #125,evolving skies | eevee | 125 |  | ungraded,2,1
Evolving Skies,Teddiursa,126/203,Normal,Common,Pokemon Evolving Skies,Teddiursa #126,evolving skies | teddiursa | 126 |  | ungraded,1,1
Evolving Skies,Slakoth,129/203,Normal,Common,Pokemon Evolving Skies,Slakoth #129,evolving skies | slakoth | 129 |  | ungraded,1,1
Evolving Skies,Vigoroth,130/203,Normal,Uncommon,Pokemon Evolving Skies,Vigoroth #130,evolving skies | vigoroth | 130 |  | ungraded,1,1
Evolving Skies,Swablu,132/203,Normal,Common,Pokemon Evolving Skies,Swablu #132,evolving skies | swablu | 132 |  | ungraded,1,1
Evolving Skies,Lillipup,133/203,Normal,Common,Pokemon Evolving Skies,Lillipup #133,evolving skies | lillipup | 133 |  | ungraded,1,1
Evolving Skies,Herdier,134/203,Normal,Uncommon,Pokemon Evolving Skies,Herdier #134,evolving skies | herdier | 134 |  | ungraded,1,1
Evolving Skies,Rufflet,136/203,Normal,Common,Pokemon Evolving Skies,Rufflet #136,evolving skies | rufflet | 136 |  | ungraded,1,1
Evolving Skies,Fletchling,138/203,Normal,Common,Pokemon Evolving Skies,Fletchling #138,evolving skies | fletchling | 138 |  | ungraded,1,1
Evolving Skies,Fletchinder,139/203,Normal,Uncommon,Pokemon Evolving Skies,Fletchinder #139,evolving skies | fletchinder | 139 |  | ungraded,1,1
Evolving Skies,Talonflame,140/203,Normal,Rare,Pokemon Evolving Skies,Talonflame #140,evolving skies | talonflame | 140 |  | ungraded,1,1
Evolving Skies,Boost Shake,142/203,Normal,Uncommon,Pokemon Evolving Skies,Boost Shake #142,evolving skies | boost shake | 142 |  | ungraded,1,1
Evolving Skies,Crystal Cave,144/203,Normal,Uncommon,Pokemon Evolving Skies,Crystal Cave #144,evolving skies | crystal cave | 144 |  | ungraded,1,1
Evolving Skies,Crystal Cave,144/203,Reverse Holo,Uncommon,Pokemon Evolving Skies,Crystal Cave [Reverse Holo] #144,evolving skies | crystal cave | 144 | reverse holo | ungraded,1,1
Evolving Skies,Dream Ball,146/203,Normal,Uncommon,Pokemon Evolving Skies,Dream Ball #146,evolving skies | dream ball | 146 |  | ungraded,1,1
Evolving Skies,Elemental Badge,147/203,Normal,Uncommon,Pokemon Evolving Skies,Elemental Badge #147,evolving skies | elemental badge | 147 |  | ungraded,1,1
Evolving Skies,Full Face Guard,148/203,Normal,Uncommon,Pokemon Evolving Skies,Full Face Guard #148,evolving skies | full face guard | 148 |  | ungraded,1,1
Evolving Skies,Gordie,149/203,Normal,Uncommon,Pokemon Evolving Skies,Gordie #149,evolving skies | gordie | 149 |  | ungraded,1,1
Evolving Skies,Raihan,152/203,Normal,Uncommon,Pokemon Evolving Skies,Raihan #152,evolving skies | raihan | 152 |  | ungraded,1,1
Evolving Skies,Rescue Carrier,154/203,Normal,Uncommon,Pokemon Evolving Skies,Rescue Carrier #154,evolving skies | rescue carrier | 154 |  | ungraded,1,1
Evolving Skies,Ribbon Badge,155/203,Normal,Uncommon,Pokemon Evolving Skies,Ribbon Badge #155,evolving skies | ribbon badge | 155 |  | ungraded,1,1
Evolving Skies,Rubber Gloves,156/203,Normal,Uncommon,Pokemon Evolving Skies,Rubber Gloves #156,evolving skies | rubber gloves | 156 |  | ungraded,1,1
Evolving Skies,Shopping Center,157/203,Normal,Uncommon,Pokemon Evolving Skies,Shopping Center #157,evolving skies | shopping center | 157 |  | ungraded,1,1
Evolving Skies,Single Strike Scroll of the Fanged Dragon,158/203,Normal,Uncommon,Pokemon Evolving Skies,Single Strike Scroll of the Fanged Dragon #158,evolving skies | single strike scroll of the fanged dragon | 158 |  | ungraded,1,0
Evolving Skies,Snow Leaf Badge,159/203,Normal,Uncommon,Pokemon Evolving Skies,Snow Leaf Badge #159,evolving skies | snow leaf badge | 159 |  | ungraded,1,1
Evolving Skies,Spirit Mask,160/203,Normal,Uncommon,Pokemon Evolving Skies,Spirit Mask #160,evolving skies | spirit mask | 160 |  | ungraded,1,1
Evolving Skies,Switching Cups,162/203,Normal,Uncommon,Pokemon Evolving Skies,Switching Cups #162,evolving skies | switching cups | 162 |  | ungraded,1,1
Evolving Skies,Toy Catcher,163/203,Normal,Uncommon,Pokemon Evolving Skies,Toy Catcher #163,evolving skies | toy catcher | 163 |  | ungraded,1,1
Evolving Skies,Zinnia's Resolve,164/203,Normal,Uncommon,Pokemon Evolving Skies,Zinnia's Resolve #164,evolving skies | zinnia s resolve | 164 |  | ungraded,1,1
Evolving Skies,Golurk V,182/203,Normal Holo,Rare Ultra,Pokemon Evolving Skies,Golurk V [Holo] #182,evolving skies | golurk v | 182 | holo | ungraded,1,0
Evolving Skies,Umbreon VMAX,215/203,Normal Holo,Rare Rainbow,Pokemon Evolving Skies,Umbreon VMAX [Holo] #215,evolving skies | umbreon vmax | 215 | holo | ungraded,1,0
Chilling Reign,Weedle,001/198,Normal,Common,Pokemon Chilling Reign,Weedle #1,chilling reign | weedle | 1 |  | ungraded,1,1
Chilling Reign,Weedle,001/198,Reverse Holo,Common,Pokemon Chilling Reign,Weedle [Reverse Holo] #1,chilling reign | weedle | 1 | reverse holo | ungraded,2,1
Chilling Reign,Kakuna,002/198,Normal,Uncommon,Pokemon Chilling Reign,Kakuna #2,chilling reign | kakuna | 2 |  | ungraded,1,1
Chilling Reign,Beedrill,003/198,Reverse Holo,Rare Holo,Pokemon Chilling Reign,Beedrill [Reverse Holo] #3,chilling reign | beedrill | 3 | reverse holo | ungraded,1,1
Chilling Reign,Ledyba,004/198,Normal,Common,Pokemon Chilling Reign,Ledyba #4,chilling reign | ledyba | 4 |  | ungraded,1,1
Chilling Reign,Ledyba,004/198,Reverse Holo,Common,Pokemon Chilling Reign,Ledyba [Reverse Holo] #4,chilling reign | ledyba | 4 | reverse holo | ungraded,2,1
Chilling Reign,Ledian,005/198,Normal,Uncommon,Pokemon Chilling Reign,Ledian #5,chilling reign | ledian | 5 |  | ungraded,1,1
Chilling Reign,Ledian,005/198,Reverse Holo,Uncommon,Pokemon Chilling Reign,Ledian [Reverse Holo] #5,chilling reign | ledian | 5 | reverse holo | ungraded,2,1
Chilling Reign,Heracross,006/198,Normal,Common,Pokemon Chilling Reign,Heracross #6,chilling reign | heracross | 6 |  | ungraded,1,1
Chilling Reign,Heracross,006/198,Reverse Holo,Common,Pokemon Chilling Reign,Heracross [Reverse Holo] #6,chilling reign | heracross | 6 | reverse holo | ungraded,1,1
Chilling Reign,Celebi V,007/198,Normal Holo,Holo Rare V,Pokemon Chilling Reign,Celebi V [Holo] #7,chilling reign | celebi v | 7 | holo | ungraded,1,0
Chilling Reign,Snover,009/198,Normal,Common,Pokemon Chilling Reign,Snover #9,chilling reign | snover | 9 |  | ungraded,1,1
Chilling Reign,Abomasnow,010/198,Normal,Rare,Pokemon Chilling Reign,Abomasnow #10,chilling reign | abomasnow | 10 |  | ungraded,1,1
Chilling Reign,Abomasnow,010/198,Reverse Holo,Rare,Pokemon Chilling Reign,Abomasnow [Reverse Holo] #10,chilling reign | abomasnow | 10 | reverse holo | ungraded,2,1
Chilling Reign,Deerling,011/198,Normal,Common,Pokemon Chilling Reign,Deerling #11,chilling reign | deerling | 11 |  | ungraded,1,1
Chilling Reign,Deerling,011/198,Reverse Holo,Common,Pokemon Chilling Reign,Deerling [Reverse Holo] #11,chilling reign | deerling | 11 | reverse holo | ungraded,2,1
Chilling Reign,Sawsbuck,012/198,Normal,Rare,Pokemon Chilling Reign,Sawsbuck #12,chilling reign | sawsbuck | 12 |  | ungraded,1,1
Chilling Reign,Sawsbuck,012/198,Reverse Holo,Rare,Pokemon Chilling Reign,Sawsbuck [Reverse Holo] #12,chilling reign | sawsbuck | 12 | reverse holo | ungraded,1,1
Chilling Reign,Bounsweet,013/198,Normal,Common,Pokemon Chilling Reign,Bounsweet #13,chilling reign | bounsweet | 13 |  | ungraded,1,1
Chilling Reign,Bounsweet,013/198,Reverse Holo,Common,Pokemon Chilling Reign,Bounsweet [Reverse Holo] #13,chilling reign | bounsweet | 13 | reverse holo | ungraded,1,0
Chilling Reign,Steenee,014/198,Normal,Uncommon,Pokemon Chilling Reign,Steenee #14,chilling reign | steenee | 14 |  | ungraded,1,1
Chilling Reign,Tsareena,015/198,Normal,Rare,Pokemon Chilling Reign,Tsareena #15,chilling reign | tsareena | 15 |  | ungraded,1,1
Chilling Reign,Tsareena,015/198,Reverse Holo,Rare,Pokemon Chilling Reign,Tsareena [Reverse Holo] #15,chilling reign | tsareena | 15 | reverse holo | ungraded,2,1
Chilling Reign,Grookey,016/198,Normal,Common,Pokemon Chilling Reign,Grookey #16,chilling reign | grookey | 16 |  | ungraded,1,1
Chilling Reign,Grookey,016/198,Reverse Holo,Common,Pokemon Chilling Reign,Grookey [Reverse Holo] #16,chilling reign | grookey | 16 | reverse holo | ungraded,1,1
Chilling Reign,Thwackey,017/198,Normal,Uncommon,Pokemon Chilling Reign,Thwackey #17,chilling reign | thwackey | 17 |  | ungraded,1,1
Chilling Reign,Rillaboom,018/198,Normal Holo,Rare Holo,Pokemon Chilling Reign,Rillaboom [Holo] #18,chilling reign | rillaboom | 18 | holo | ungraded,1,0
Chilling Reign,Zarude,019/198,Normal Holo,Rare Holo,Pokemon Chilling Reign,Zarude [Holo] #19,chilling reign | zarude | 19 | holo | ungraded,1,0
Chilling Reign,Zarude,019/198,Reverse Holo,Rare Holo,Pokemon Chilling Reign,Zarude [Reverse Holo] #19,chilling reign | zarude | 19 | reverse holo | ungraded,3,1
Chilling Reign,Blaziken V,020/198,Normal Holo,Holo Rare V,Pokemon Chilling Reign,Blaziken V [Holo] #20,chilling reign | blaziken v | 20 | holo | ungraded,1,0
Chilling Reign,Blaziken VMAX,021/198,Normal Holo,Holo Rare VMAX,Pokemon Chilling Reign,Blaziken VMAX [Holo] #21,chilling reign | blaziken vmax | 21 | holo | ungraded,1,0
Chilling Reign,Castform Sunny Form,022/198,Normal,Common,Pokemon Chilling Reign,Castform Sunny Form #22,chilling reign | castform sunny form | 22 |  | ungraded,1,1
Chilling Reign,Castform Sunny Form,022/198,Reverse Holo,Common,Pokemon Chilling Reign,Castform Sunny Form [Reverse Holo] #22,chilling reign | castform sunny form | 22 | reverse holo | ungraded,1,1
Chilling Reign,Larvesta,023/198,Normal,Common,Pokemon Chilling Reign,Larvesta #23,chilling reign | larvesta | 23 |  | ungraded,1,1
Chilling Reign,Volcarona,024/198,Normal,Rare,Pokemon Chilling Reign,Volcarona #24,chilling reign | volcarona | 24 |  | ungraded,1,1
Chilling Reign,Volcanion V,025/198,Normal Holo,Holo Rare V,Pokemon Chilling Reign,Volcanion V [Holo] #25,chilling reign | volcanion v | 25 | holo | ungraded,1,0
Chilling Reign,Scorbunny,026/198,Normal,Common,Pokemon Chilling Reign,Scorbunny #26,chilling reign | scorbunny | 26 |  | ungraded,1,1
Chilling Reign,Scorbunny,026/198,Reverse Holo,Common,Pokemon Chilling Reign,Scorbunny [Reverse Holo] #26,chilling reign | scorbunny | 26 | reverse holo | ungraded,2,1
Chilling Reign,Raboot,027/198,Normal,Uncommon,Pokemon Chilling Reign,Raboot #27,chilling reign | raboot | 27 |  | ungraded,1,1
Chilling Reign,Raboot,027/198,Reverse Holo,Uncommon,Pokemon Chilling Reign,Raboot [Reverse Holo] #27,chilling reign | raboot | 27 | reverse holo | ungraded,1,1
Chilling Reign,Cinderace,028/198,Normal Holo,Rare Holo,Pokemon Chilling Reign,Cinderace [Holo] #28,chilling reign | cinderace | 28 | holo | ungraded,1,0
Chilling Reign,Cinderace,028/198,Reverse Holo,Rare Holo,Pokemon Chilling Reign,Cinderace [Reverse Holo] #28,chilling reign | cinderace | 28 | reverse holo | ungraded,1,1
Chilling Reign,Lapras,029/198,Normal,Common,Pokemon Chilling Reign,Lapras #29,chilling reign | lapras | 29 |  | ungraded,1,1
Chilling Reign,Lapras,029/198,Reverse Holo,Common,Pokemon Chilling Reign,Lapras [Reverse Holo] #29,chilling reign | lapras | 29 | reverse holo | ungraded,1,1
Chilling Reign,Sneasel,030/198,Normal,Common,Pokemon Chilling Reign,Sneasel #30,chilling reign | sneasel | 30 |  | ungraded,1,1
Chilling Reign,Sneasel,030/198,Reverse Holo,Common,Pokemon Chilling Reign,Sneasel [Reverse Holo] #30,chilling reign | sneasel | 30 | reverse holo | ungraded,1,0
Chilling Reign,Weavile,031/198,Reverse Holo,Rare Holo,Pokemon Chilling Reign,Weavile [Reverse Holo] #31,chilling reign | weavile | 31 | reverse holo | ungraded,2,1
Chilling Reign,Delibird,032/198,Normal,Common,Pokemon Chilling Reign,Delibird #32,chilling reign | delibird | 32 |  | ungraded,1,1
Chilling Reign,Delibird,032/198,Reverse Holo,Common,Pokemon Chilling Reign,Delibird [Reverse Holo] #32,chilling reign | delibird | 32 | reverse holo | ungraded,1,1
Chilling Reign,Castform Rainy Form,033/198,Normal,Common,Pokemon Chilling Reign,Castform Rainy Form #33,chilling reign | castform rainy form | 33 |  | ungraded,1,1
Chilling Reign,Castform Rainy Form,033/198,Reverse Holo,Common,Pokemon Chilling Reign,Castform Rainy Form [Reverse Holo] #33,chilling reign | castform rainy form | 33 | reverse holo | ungraded,1,1
Chilling Reign,Castform Snowy Form,034/198,Normal,Common,Pokemon Chilling Reign,Castform Snowy Form #34,chilling reign | castform snowy form | 34 |  | ungraded,1,1
Chilling Reign,Snorunt,035/198,Normal,Common,Pokemon Chilling Reign,Snorunt #35,chilling reign | snorunt | 35 |  | ungraded,1,1
Chilling Reign,Snorunt,035/198,Reverse Holo,Common,Pokemon Chilling Reign,Snorunt [Reverse Holo] #35,chilling reign | snorunt | 35 | reverse holo | ungraded,2,1
Chilling Reign,Froslass,036/198,Normal Holo,Rare Holo,Pokemon Chilling Reign,Froslass [Holo] #36,chilling reign | froslass | 36 | holo | ungraded,2,1
Chilling Reign,Froslass,036/198,Reverse Holo,Rare Holo,Pokemon Chilling Reign,Froslass [Reverse Holo] #36,chilling reign | froslass | 36 | reverse holo | ungraded,1,1
Chilling Reign,Spheal,037/198,Normal,Common,Pokemon Chilling Reign,Spheal #37,chilling reign | spheal | 37 |  | ungraded,1,1
Chilling Reign,Sealeo,038/198,Normal,Uncommon,Pokemon Chilling Reign,Sealeo #38,chilling reign | sealeo | 38 |  | ungraded,1,1
Chilling Reign,Sealeo,038/198,Reverse Holo,Uncommon,Pokemon Chilling Reign,Sealeo [Reverse Holo] #38,chilling reign | sealeo | 38 | reverse holo | ungraded,1,1
Chilling Reign,Walrein,039/198,Normal,Rare,Pokemon Chilling Reign,Walrein #39,chilling reign | walrein | 39 |  | ungraded,1,1
Chilling Reign,Tapu Fini,040/198,Normal Holo,Rare Holo,Pokemon Chilling Reign,Tapu Fini [Holo] #40,chilling reign | tapu fini | 40 | holo | ungraded,1,0
Chilling Reign,Sobble,041/198,Normal,Common,Pokemon Chilling Reign,Sobble #41,chilling reign | sobble | 41 |  | ungraded,1,1
Chilling Reign,Sobble,041/198,Reverse Holo,Common,Pokemon Chilling Reign,Sobble [Reverse Holo] #41,chilling reign | sobble | 41 | reverse holo | ungraded,2,1
Chilling Reign,Drizzile,042/198,Normal,Uncommon,Pokemon Chilling Reign,Drizzile #42,chilling reign | drizzile | 42 |  | ungraded,1,1
Chilling Reign,Drizzile,042/198,Reverse Holo,Uncommon,Pokemon Chilling Reign,Drizzile [Reverse Holo] #42,chilling reign | drizzile | 42 | reverse holo | ungraded,1,1
Chilling Reign,Inteleon,043/198,Normal Holo,Rare Holo,Pokemon Chilling Reign,Inteleon [Holo] #43,chilling reign | inteleon | 43 | holo | ungraded,1,1
Chilling Reign,Inteleon,043/198,Reverse Holo,Rare Holo,Pokemon Chilling Reign,Inteleon [Reverse Holo] #43,chilling reign | inteleon | 43 | reverse holo | ungraded,1,1
Chilling Reign,Ice Rider Calyrex V,045/198,Normal Holo,Holo Rare V,Pokemon Chilling Reign,Ice Rider Calyrex V [Holo] #45,chilling reign | ice rider calyrex v | 45 | holo | ungraded,2,0
Chilling Reign,Mareep,047/198,Normal,Common,Pokemon Chilling Reign,Mareep #47,chilling reign | mareep | 47 |  | ungraded,1,1
Chilling Reign,Mareep,047/198,Reverse Holo,Common,Pokemon Chilling Reign,Mareep [Reverse Holo] #47,chilling reign | mareep | 47 | reverse holo | ungraded,1,0
Chilling Reign,Flaaffy,048/198,Normal,Uncommon,Pokemon Chilling Reign,Flaaffy #48,chilling reign | flaaffy | 48 |  | ungraded,1,1
Chilling Reign,Flaaffy,048/198,Reverse Holo,Uncommon,Pokemon Chilling Reign,Flaaffy [Reverse Holo] #48,chilling reign | flaaffy | 48 | reverse holo | ungraded,2,0
Chilling Reign,Ampharos,049/198,Normal,Rare,Pokemon Chilling Reign,Ampharos #49,chilling reign | ampharos | 49 |  | ungraded,1,1
Chilling Reign,Ampharos,049/198,Reverse Holo,Rare,Pokemon Chilling Reign,Ampharos [Reverse Holo] #49,chilling reign | ampharos | 49 | reverse holo | ungraded,1,1
Chilling Reign,Blitzle,050/198,Normal,Common,Pokemon Chilling Reign,Blitzle #50,chilling reign | blitzle | 50 |  | ungraded,1,1
Chilling Reign,Zebstrika,051/198,Normal,Rare,Pokemon Chilling Reign,Zebstrika #51,chilling reign | zebstrika | 51 |  | ungraded,1,1
Chilling Reign,Thundurus,052/198,Reverse Holo,Rare Holo,Pokemon Chilling Reign,Thundurus [Reverse Holo] #52,chilling reign | thundurus | 52 | reverse holo | ungraded,1,1
Chilling Reign,Galarian Slowpoke,054/198,Normal,Common,Pokemon Chilling Reign,Galarian Slowpoke #54,chilling reign | galarian slowpoke | 54 |  | ungraded,1,1
Chilling Reign,Galarian Slowpoke,054/198,Reverse Holo,Common,Pokemon Chilling Reign,Galarian Slowpoke [Reverse Holo] #54,chilling reign | galarian slowpoke | 54 | reverse holo | ungraded,1,1
Chilling Reign,Gastly,055/198,Normal,Common,Pokemon Chilling Reign,Gastly #55,chilling reign | gastly | 55 |  | ungraded,1,1
Chilling Reign,Haunter,056/198,Normal,Uncommon,Pokemon Chilling Reign,Haunter #56,chilling reign | haunter | 56 |  | ungraded,1,1
Chilling Reign,Haunter,056/198,Reverse Holo,Uncommon,Pokemon Chilling Reign,Haunter [Reverse Holo] #56,chilling reign | haunter | 56 | reverse holo | ungraded,1,1
Chilling Reign,Ralts,059/198,Normal,Common,Pokemon Chilling Reign,Ralts #59,chilling reign | ralts | 59 |  | ungraded,1,1
Chilling Reign,Ralts,059/198,Reverse Holo,Common,Pokemon Chilling Reign,Ralts [Reverse Holo] #59,chilling reign | ralts | 59 | reverse holo | ungraded,1,1
Chilling Reign,Kirlia,060/198,Normal,Uncommon,Pokemon Chilling Reign,Kirlia #60,chilling reign | kirlia | 60 |  | ungraded,1,1
Chilling Reign,Gardevoir,061/198,Normal Holo,Rare Holo,Pokemon Chilling Reign,Gardevoir [Holo] #61,chilling reign | gardevoir | 61 | holo | ungraded,1,0
Chilling Reign,Shuppet,062/198,Normal,Common,Pokemon Chilling Reign,Shuppet #62,chilling reign | shuppet | 62 |  | ungraded,1,1
Chilling Reign,Shuppet,062/198,Reverse Holo,Common,Pokemon Chilling Reign,Shuppet [Reverse Holo] #62,chilling reign | shuppet | 62 | reverse holo | ungraded,1,1
Chilling Reign,Banette,063/198,Normal,Rare,Pokemon Chilling Reign,Banette #63,chilling reign | banette | 63 |  | ungraded,1,1
Chilling Reign,Cresselia,064/198,Normal Holo,Rare Holo,Pokemon Chilling Reign,Cresselia [Holo] #64,chilling reign | cresselia | 64 | holo | ungraded,1,0
Chilling Reign,Golett,065/198,Normal,Common,Pokemon Chilling Reign,Golett #65,chilling reign | golett | 65 |  | ungraded,1,1
Chilling Reign,Golett,065/198,Reverse Holo,Common,Pokemon Chilling Reign,Golett [Reverse Holo] #65,chilling reign | golett | 65 | reverse holo | ungraded,1,0
Chilling Reign,Golurk,066/198,Normal,Rare,Pokemon Chilling Reign,Golurk #66,chilling reign | golurk | 66 |  | ungraded,1,1
Chilling Reign,Golurk,066/198,Reverse Holo,Rare,Pokemon Chilling Reign,Golurk [Reverse Holo] #66,chilling reign | golurk | 66 | reverse holo | ungraded,1,1
Chilling Reign,Swirlix,067/198,Normal,Common,Pokemon Chilling Reign,Swirlix #67,chilling reign | swirlix | 67 |  | ungraded,1,1
Chilling Reign,Slurpuff,068/198,Normal,Rare,Pokemon Chilling Reign,Slurpuff #68,chilling reign | slurpuff | 68 |  | ungraded,1,1
Chilling Reign,Slurpuff,068/198,Reverse Holo,Rare,Pokemon Chilling Reign,Slurpuff [Reverse Holo] #68,chilling reign | slurpuff | 68 | reverse holo | ungraded,1,1
Chilling Reign,Inkay,069/198,Normal,Common,Pokemon Chilling Reign,Inkay #69,chilling reign | inkay | 69 |  | ungraded,1,1
Chilling Reign,Malamar,070/198,Normal,Rare,Pokemon Chilling Reign,Malamar #70,chilling reign | malamar | 70 |  | ungraded,1,1
Chilling Reign,Hatenna,071/198,Normal,Common,Pokemon Chilling Reign,Hatenna #71,chilling reign | hatenna | 71 |  | ungraded,1,1
Chilling Reign,Hatenna,071/198,Reverse Holo,Common,Pokemon Chilling Reign,Hatenna [Reverse Holo] #71,chilling reign | hatenna | 71 | reverse holo | ungraded,1,1
Chilling Reign,Hattrem,072/198,Normal,Uncommon,Pokemon Chilling Reign,Hattrem #72,chilling reign | hattrem | 72 |  | ungraded,1,1
Chilling Reign,Hatterene,073/198,Normal Holo,Rare Holo,Pokemon Chilling Reign,Hatterene [Holo] #73,chilling reign | hatterene | 73 | holo | ungraded,1,0
Chilling Reign,Shadow Rider Calyrex VMAX,075/198,Normal Holo,Holo Rare VMAX,Pokemon Chilling Reign,Shadow Rider Calyrex VMAX [Holo] #75,chilling reign | shadow rider calyrex vmax | 75 | holo | ungraded,1,0
Chilling Reign,Diglett,076/198,Normal,Common,Pokemon Chilling Reign,Diglett #76,chilling reign | diglett | 76 |  | ungraded,1,1
Chilling Reign,Diglett,076/198,Reverse Holo,Common,Pokemon Chilling Reign,Diglett [Reverse Holo] #76,chilling reign | diglett | 76 | reverse holo | ungraded,1,1
Chilling Reign,Dugtrio,077/198,Normal,Rare,Pokemon Chilling Reign,Dugtrio #77,chilling reign | dugtrio | 77 |  | ungraded,1,0
Chilling Reign,Galarian Farfetch'd,078/198,Normal,Common,Pokemon Chilling Reign,Galarian Farfetch'd #78,chilling reign | galarian farfetch d | 78 |  | ungraded,1,1
Chilling Reign,Galarian Sirfetch'd,079/198,Normal,Rare,Pokemon Chilling Reign,Galarian Sirfetch'd #79,chilling reign | galarian sirfetch d | 79 |  | ungraded,1,1
Chilling Reign,Galarian Sirfetch'd,079/198,Reverse Holo,Rare,Pokemon Chilling Reign,Galarian Sirfetch'd [Reverse Holo] #79,chilling reign | galarian sirfetch d | 79 | reverse holo | ungraded,2,1
Chilling Reign,Gallade,081/198,Normal,Rare,Pokemon Chilling Reign,Gallade #81,chilling reign | gallade | 81 |  | ungraded,1,1
Chilling Reign,Gallade,081/198,Reverse Holo,Rare,Pokemon Chilling Reign,Gallade [Reverse Holo] #81,chilling reign | gallade | 81 | reverse holo | ungraded,1,1
Chilling Reign,Galarian Yamask,082/198,Normal,Common,Pokemon Chilling Reign,Galarian Yamask #82,chilling reign | galarian yamask | 82 |  | ungraded,1,1
Chilling Reign,Galarian Runerigus,083/198,Normal Holo,Rare Holo,Pokemon Chilling Reign,Galarian Runerigus [Holo] #83,chilling reign | galarian runerigus | 83 | holo | ungraded,2,1
Chilling Reign,Crabrawler,084/198,Normal,Common,Pokemon Chilling Reign,Crabrawler #84,chilling reign | crabrawler | 84 |  | ungraded,1,1
Chilling Reign,Crabrawler,084/198,Reverse Holo,Common,Pokemon Chilling Reign,Crabrawler [Reverse Holo] #84,chilling reign | crabrawler | 84 | reverse holo | ungraded,2,1
Chilling Reign,Crabominable,085/198,Normal,Uncommon,Pokemon Chilling Reign,Crabominable #85,chilling reign | crabominable | 85 |  | ungraded,1,1
Chilling Reign,Crabominable,085/198,Reverse Holo,Uncommon,Pokemon Chilling Reign,Crabominable [Reverse Holo] #85,chilling reign | crabominable | 85 | reverse holo | ungraded,1,1
Chilling Reign,Rockruff,086/198,Normal,Common,Pokemon Chilling Reign,Rockruff #86,chilling reign | rockruff | 86 |  | ungraded,1,1
Chilling Reign,Rockruff,086/198,Reverse Holo,Common,Pokemon Chilling Reign,Rockruff [Reverse Holo] #86,chilling reign | rockruff | 86 | reverse holo | ungraded,1,1
Chilling Reign,Lycanroc,087/198,Normal Holo,Rare Holo,Pokemon Chilling Reign,Lycanroc [Holo] #87,chilling reign | lycanroc | 87 | holo | ungraded,2,1
Chilling Reign,Passimian,088/198,Normal,Rare,Pokemon Chilling Reign,Passimian #88,chilling reign | passimian | 88 |  | ungraded,1,1
Chilling Reign,Sandaconda V,089/198,Normal Holo,Holo Rare V,Pokemon Chilling Reign,Sandaconda V [Holo] #89,chilling reign | sandaconda v | 89 | holo | ungraded,2,0
Chilling Reign,Clobbopus,091/198,Normal,Common,Pokemon Chilling Reign,Clobbopus #91,chilling reign | clobbopus | 91 |  | ungraded,1,1
Chilling Reign,Clobbopus,091/198,Reverse Holo,Common,Pokemon Chilling Reign,Clobbopus [Reverse Holo] #91,chilling reign | clobbopus | 91 | reverse holo | ungraded,3,1
Chilling Reign,Grapploct,092/198,Normal Holo,Rare Holo,Pokemon Chilling Reign,Grapploct [Holo] #92,chilling reign | grapploct | 92 | holo | ungraded,1,0
Chilling Reign,Grapploct,092/198,Reverse Holo,Rare Holo,Pokemon Chilling Reign,Grapploct [Reverse Holo] #92,chilling reign | grapploct | 92 | reverse holo | ungraded,1,1
Chilling Reign,Kubfu,093/198,Normal,Common,Pokemon Chilling Reign,Kubfu #93,chilling reign | kubfu | 93 |  | ungraded,1,1
Chilling Reign,Koffing,094/198,Normal,Common,Pokemon Chilling Reign,Koffing #94,chilling reign | koffing | 94 |  | ungraded,1,1
Chilling Reign,Koffing,094/198,Reverse Holo,Common,Pokemon Chilling Reign,Koffing [Reverse Holo] #94,chilling reign | koffing | 94 | reverse holo | ungraded,1,0
Chilling Reign,Weezing,095/198,Normal,Rare,Pokemon Chilling Reign,Weezing #95,chilling reign | weezing | 95 |  | ungraded,1,1
Chilling Reign,Weezing,095/198,Reverse Holo,Rare,Pokemon Chilling Reign,Weezing [Reverse Holo] #95,chilling reign | weezing | 95 | reverse holo | ungraded,2,1
Chilling Reign,Galarian Weezing,096/198,Normal,Rare,Pokemon Chilling Reign,Galarian Weezing #96,chilling reign | galarian weezing | 96 |  | ungraded,1,1
Chilling Reign,Qwilfish,101/198,Normal,Common,Pokemon Chilling Reign,Qwilfish #101,chilling reign | qwilfish | 101 |  | ungraded,1,1
Chilling Reign,Seviper,102/198,Normal,Rare,Pokemon Chilling Reign,Seviper #102,chilling reign | seviper | 102 |  | ungraded,1,1
Chilling Reign,Seviper,102/198,Reverse Holo,Rare,Pokemon Chilling Reign,Seviper [Reverse Holo] #102,chilling reign | seviper | 102 | reverse holo | ungraded,1,1
Chilling Reign,Spiritomb,103/198,Normal,Rare,Pokemon Chilling Reign,Spiritomb #103,chilling reign | spiritomb | 103 |  | ungraded,1,1
Chilling Reign,Liepard V,104/198,Normal Holo,Holo Rare V,Pokemon Chilling Reign,Liepard V [Holo] #104,chilling reign | liepard v | 104 | holo | ungraded,1,0
Chilling Reign,Venipede,105/198,Normal,Common,Pokemon Chilling Reign,Venipede #105,chilling reign | venipede | 105 |  | ungraded,1,1
Chilling Reign,Venipede,105/198,Reverse Holo,Common,Pokemon Chilling Reign,Venipede [Reverse Holo] #105,chilling reign | venipede | 105 | reverse holo | ungraded,1,1
Chilling Reign,Whirlipede,106/198,Normal,Uncommon,Pokemon Chilling Reign,Whirlipede #106,chilling reign | whirlipede | 106 |  | ungraded,1,1
Chilling Reign,Scolipede,107/198,Normal,Rare,Pokemon Chilling Reign,Scolipede #107,chilling reign | scolipede | 107 |  | ungraded,1,1
Chilling Reign,Single Strike Urshifu,108/198,Normal Holo,Rare Holo,Pokemon Chilling Reign,Single Strike Urshifu [Holo] #108,chilling reign | single strike urshifu | 108 | holo | ungraded,1,0
Chilling Reign,Aron,109/198,Normal,Common,Pokemon Chilling Reign,Aron #109,chilling reign | aron | 109 |  | ungraded,1,1
Chilling Reign,Lairon,110/198,Normal,Uncommon,Pokemon Chilling Reign,Lairon #110,chilling reign | lairon | 110 |  | ungraded,1,1
Chilling Reign,Lairon,110/198,Reverse Holo,Uncommon,Pokemon Chilling Reign,Lairon [Reverse Holo] #110,chilling reign | lairon | 110 | reverse holo | ungraded,1,1
Chilling Reign,Aggron,111/198,Normal,Rare,Pokemon Chilling Reign,Aggron #111,chilling reign | aggron | 111 |  | ungraded,1,1
Chilling Reign,Metagross V,112/198,Normal Holo,Holo Rare V,Pokemon Chilling Reign,Metagross V [Holo] #112,chilling reign | metagross v | 112 | holo | ungraded,1,0
Chilling Reign,Metagross VMAX,113/198,Normal Holo,Holo Rare VMAX,Pokemon Chilling Reign,Metagross VMAX [Holo] #113,chilling reign | metagross vmax | 113 | holo | ungraded,1,0
Chilling Reign,Tauros,115/198,Normal Holo,Rare Holo,Pokemon Chilling Reign,Tauros [Holo] #115,chilling reign | tauros | 115 | holo | ungraded,2,0
Chilling Reign,Tauros,115/198,Reverse Holo,Rare Holo,Pokemon Chilling Reign,Tauros [Reverse Holo] #115,chilling reign | tauros | 115 | reverse holo | ungraded,1,0
Chilling Reign,Porygon,116/198,Normal,Common,Pokemon Chilling Reign,Porygon #116,chilling reign | porygon | 116 |  | ungraded,1,1
Chilling Reign,Porygon,116/198,Reverse Holo,Common,Pokemon Chilling Reign,Porygon [Reverse Holo] #116,chilling reign | porygon | 116 | reverse holo | ungraded,1,1
Chilling Reign,Porygon2,117/198,Normal,Uncommon,Pokemon Chilling Reign,Porygon2 #117,chilling reign | porygon2 | 117 |  | ungraded,1,1
Chilling Reign,Porygon-Z,118/198,Normal Holo,Rare Holo,Pokemon Chilling Reign,Porygon-Z [Holo] #118,chilling reign | porygon z | 118 | holo | ungraded,1,0
Chilling Reign,Porygon-Z,118/198,Reverse Holo,Rare Holo,Pokemon Chilling Reign,Porygon-Z [Reverse Holo] #118,chilling reign | porygon z | 118 | reverse holo | ungraded,1,1
Chilling Reign,Zangoose,120/198,Normal,Rare,Pokemon Chilling Reign,Zangoose #120,chilling reign | zangoose | 120 |  | ungraded,1,1
Chilling Reign,Zangoose,120/198,Reverse Holo,Rare,Pokemon Chilling Reign,Zangoose [Reverse Holo] #120,chilling reign | zangoose | 120 | reverse holo | ungraded,2,1
Chilling Reign,Castform,121/198,Normal,Common,Pokemon Chilling Reign,Castform #121,chilling reign | castform | 121 |  | ungraded,1,1
Chilling Reign,Kecleon,122/198,Normal,Rare,Pokemon Chilling Reign,Kecleon #122,chilling reign | kecleon | 122 |  | ungraded,1,1
Chilling Reign,Shaymin,123/198,Reverse Holo,Rare Holo,Pokemon Chilling Reign,Shaymin [Reverse Holo] #123,chilling reign | shaymin | 123 | reverse holo | ungraded,1,1
Chilling Reign,Tornadus V,124/198,Normal Holo,Holo Rare V,Pokemon Chilling Reign,Tornadus V [Holo] #124,chilling reign | tornadus v | 124 | holo | ungraded,1,0
Chilling Reign,Tornadus VMAX,125/198,Normal Holo,Holo Rare VMAX,Pokemon Chilling Reign,Tornadus VMAX [Holo] #125,chilling reign | tornadus vmax | 125 | holo | ungraded,1,0
Chilling Reign,Furfrou,126/198,Normal,Common,Pokemon Chilling Reign,Furfrou #126,chilling reign | furfrou | 126 |  | ungraded,1,1
Chilling Reign,Skwovet,127/198,Normal,Common,Pokemon Chilling Reign,Skwovet #127,chilling reign | skwovet | 127 |  | ungraded,1,1
Chilling Reign,Skwovet,127/198,Reverse Holo,Common,Pokemon Chilling Reign,Skwovet [Reverse Holo] #127,chilling reign | skwovet | 127 | reverse holo | ungraded,1,1
Chilling Reign,Greedent,128/198,Normal Holo,Rare Holo,Pokemon Chilling Reign,Greedent [Holo] #128,chilling reign | greedent | 128 | holo | ungraded,1,0
Chilling Reign,Greedent,128/198,Reverse Holo,Rare Holo,Pokemon Chilling Reign,Greedent [Reverse Holo] #128,chilling reign | greedent | 128 | reverse holo | ungraded,1,1
Chilling Reign,Agatha,129/198,Normal,Uncommon,Pokemon Chilling Reign,Agatha #129,chilling reign | agatha | 129 |  | ungraded,1,1
Chilling Reign,Avery,130/198,Normal,Uncommon,Pokemon Chilling Reign,Avery #130,chilling reign | avery | 130 |  | ungraded,1,1
Chilling Reign,Avery,130/198,Reverse Holo,Uncommon,Pokemon Chilling Reign,Avery [Reverse Holo] #130,chilling reign | avery | 130 | reverse holo | ungraded,1,1
Chilling Reign,Brawly,131/198,Normal,Uncommon,Pokemon Chilling Reign,Brawly #131,chilling reign | brawly | 131 |  | ungraded,1,1
Chilling Reign,Brawly,131/198,Reverse Holo,Uncommon,Pokemon Chilling Reign,Brawly [Reverse Holo] #131,chilling reign | brawly | 131 | reverse holo | ungraded,1,1
Chilling Reign,Caitlin,132/198,Normal,Uncommon,Pokemon Chilling Reign,Caitlin #132,chilling reign | caitlin | 132 |  | ungraded,1,1
Chilling Reign,Caitlin,132/198,Reverse Holo,Uncommon,Pokemon Chilling Reign,Caitlin [Reverse Holo] #132,chilling reign | caitlin | 132 | reverse holo | ungraded,1,1
Chilling Reign,Crushing Gloves,133/198,Normal,Uncommon,Pokemon Chilling Reign,Crushing Gloves #133,chilling reign | crushing gloves | 133 |  | ungraded,1,1
Chilling Reign,Crushing Gloves,133/198,Reverse Holo,Uncommon,Pokemon Chilling Reign,Crushing Gloves [Reverse Holo] #133,chilling reign | crushing gloves | 133 | reverse holo | ungraded,1,1
Chilling Reign,Doctor,134/198,Normal,Uncommon,Pokemon Chilling Reign,Doctor #134,chilling reign | doctor | 134 |  | ungraded,1,1
Chilling Reign,Doctor,134/198,Reverse Holo,Uncommon,Pokemon Chilling Reign,Doctor [Reverse Holo] #134,chilling reign | doctor | 134 | reverse holo | ungraded,1,1
Chilling Reign,Dyna Tree Hill,135/198,Normal,Uncommon,Pokemon Chilling Reign,Dyna Tree Hill #135,chilling reign | dyna tree hill | 135 |  | ungraded,1,1
Chilling Reign,Dyna Tree Hill,135/198,Reverse Holo,Uncommon,Pokemon Chilling Reign,Dyna Tree Hill [Reverse Holo] #135,chilling reign | dyna tree hill | 135 | reverse holo | ungraded,1,1
Chilling Reign,Echoing Horn,136/198,Normal,Uncommon,Pokemon Chilling Reign,Echoing Horn #136,chilling reign | echoing horn | 136 |  | ungraded,1,1
Chilling Reign,Echoing Horn,136/198,Reverse Holo,Uncommon,Pokemon Chilling Reign,Echoing Horn [Reverse Holo] #136,chilling reign | echoing horn | 136 | reverse holo | ungraded,1,1
Chilling Reign,Expedition Uniform,137/198,Normal,Uncommon,Pokemon Chilling Reign,Expedition Uniform #137,chilling reign | expedition uniform | 137 |  | ungraded,1,1
Chilling Reign,Expedition Uniform,137/198,Reverse Holo,Uncommon,Pokemon Chilling Reign,Expedition Uniform [Reverse Holo] #137,chilling reign | expedition uniform | 137 | reverse holo | ungraded,1,1
Chilling Reign,Fire-Resistant Gloves,138/198,Normal,Uncommon,Pokemon Chilling Reign,Fire-Resistant Gloves #138,chilling reign | fire resistant gloves | 138 |  | ungraded,1,1
Chilling Reign,Fire-Resistant Gloves,138/198,Reverse Holo,Uncommon,Pokemon Chilling Reign,Fire-Resistant Gloves [Reverse Holo] #138,chilling reign | fire resistant gloves | 138 | reverse holo | ungraded,1,1
Chilling Reign,Flannery,139/198,Normal,Uncommon,Pokemon Chilling Reign,Flannery #139,chilling reign | flannery | 139 |  | ungraded,1,1
Chilling Reign,Fog Crystal,140/198,Normal,Uncommon,Pokemon Chilling Reign,Fog Crystal #140,chilling reign | fog crystal | 140 |  | ungraded,1,1
Chilling Reign,Fog Crystal,140/198,Reverse Holo,Uncommon,Pokemon Chilling Reign,Fog Crystal [Reverse Holo] #140,chilling reign | fog crystal | 140 | reverse holo | ungraded,1,1
Chilling Reign,Galarian Chestplate,141/198,Normal,Uncommon,Pokemon Chilling Reign,Galarian Chestplate #141,chilling reign | galarian chestplate | 141 |  | ungraded,1,1
Chilling Reign,Galarian Chestplate,141/198,Reverse Holo,Uncommon,Pokemon Chilling Reign,Galarian Chestplate [Reverse Holo] #141,chilling reign | galarian chestplate | 141 | reverse holo | ungraded,2,1
Chilling Reign,Honey,142/198,Normal,Uncommon,Pokemon Chilling Reign,Honey #142,chilling reign | honey | 142 |  | ungraded,1,1
Chilling Reign,Honey,142/198,Reverse Holo,Uncommon,Pokemon Chilling Reign,Honey [Reverse Holo] #142,chilling reign | honey | 142 | reverse holo | ungraded,2,1
Chilling Reign,Justified Gloves,143/198,Normal,Uncommon,Pokemon Chilling Reign,Justified Gloves #143,chilling reign | justified gloves | 143 |  | ungraded,1,1
Chilling Reign,Karen's Conviction,144/198,Normal,Uncommon,Pokemon Chilling Reign,Karen's Conviction #144,chilling reign | karen s conviction | 144 |  | ungraded,1,1
Chilling Reign,Klara,145/198,Normal,Uncommon,Pokemon Chilling Reign,Klara #145,chilling reign | klara | 145 |  | ungraded,1,1
Chilling Reign,Melony,146/198,Normal,Uncommon,Pokemon Chilling Reign,Melony #146,chilling reign | melony | 146 |  | ungraded,1,1
Chilling Reign,Melony,146/198,Reverse Holo,Uncommon,Pokemon Chilling Reign,Melony [Reverse Holo] #146,chilling reign | melony | 146 | reverse holo | ungraded,1,1
Chilling Reign,Old Cemetery,147/198,Normal,Uncommon,Pokemon Chilling Reign,Old Cemetery #147,chilling reign | old cemetery | 147 |  | ungraded,1,1
Chilling Reign,Old Cemetery,147/198,Reverse Holo,Uncommon,Pokemon Chilling Reign,Old Cemetery [Reverse Holo] #147,chilling reign | old cemetery | 147 | reverse holo | ungraded,1,1
Chilling Reign,Path to the Peak,148/198,Normal,Uncommon,Pokemon Chilling Reign,Path to the Peak #148,chilling reign | path to the peak | 148 |  | ungraded,1,1
Chilling Reign,Path to the Peak,148/198,Reverse Holo,Uncommon,Pokemon Chilling Reign,Path to the Peak [Reverse Holo] #148,chilling reign | path to the peak | 148 | reverse holo | ungraded,1,1
Chilling Reign,Peonia,149/198,Normal,Uncommon,Pokemon Chilling Reign,Peonia #149,chilling reign | peonia | 149 |  | ungraded,1,1
Chilling Reign,Peony,150/198,Normal,Uncommon,Pokemon Chilling Reign,Peony #150,chilling reign | peony | 150 |  | ungraded,1,1
Chilling Reign,Peony,150/198,Reverse Holo,Uncommon,Pokemon Chilling Reign,Peony [Reverse Holo] #150,chilling reign | peony | 150 | reverse holo | ungraded,1,1
Chilling Reign,Rapid Strike Scroll of the Skies,151/198,Normal,Uncommon,Pokemon Chilling Reign,Rapid Strike Scroll of the Skies #151,chilling reign | rapid strike scroll of the skies | 151 |  | ungraded,1,1
Chilling Reign,Rapid Strike Scroll of the Skies,151/198,Reverse Holo,Uncommon,Pokemon Chilling Reign,Rapid Strike Scroll of the Skies [Reverse Holo] #151,chilling reign | rapid strike scroll of the skies | 151 | reverse holo | ungraded,3,1
Chilling Reign,Rugged Helmet,152/198,Normal,Uncommon,Pokemon Chilling Reign,Rugged Helmet #152,chilling reign | rugged helmet | 152 |  | ungraded,1,1
Chilling Reign,Rugged Helmet,152/198,Reverse Holo,Uncommon,Pokemon Chilling Reign,Rugged Helmet [Reverse Holo] #152,chilling reign | rugged helmet | 152 | reverse holo | ungraded,2,1
Chilling Reign,Siebold,153/198,Normal,Uncommon,Pokemon Chilling Reign,Siebold #153,chilling reign | siebold | 153 |  | ungraded,1,1
Chilling Reign,Single Strike Scroll of Piercing,154/198,Normal,Uncommon,Pokemon Chilling Reign,Single Strike Scroll of Piercing #154,chilling reign | single strike scroll of piercing | 154 |  | ungraded,1,1
Chilling Reign,Single Strike Scroll of Piercing,154/198,Reverse Holo,Uncommon,Pokemon Chilling Reign,Single Strike Scroll of Piercing [Reverse Holo] #154,chilling reign | single strike scroll of piercing | 154 | reverse holo | ungraded,1,1
Chilling Reign,Weeding Gloves,155/198,Normal,Uncommon,Pokemon Chilling Reign,Weeding Gloves #155,chilling reign | weeding gloves | 155 |  | ungraded,1,1
Chilling Reign,Weeding Gloves,155/198,Reverse Holo,Uncommon,Pokemon Chilling Reign,Weeding Gloves [Reverse Holo] #155,chilling reign | weeding gloves | 155 | reverse holo | ungraded,3,1
Chilling Reign,Welcoming Lantern,156/198,Normal,Uncommon,Pokemon Chilling Reign,Welcoming Lantern #156,chilling reign | welcoming lantern | 156 |  | ungraded,1,1
Chilling Reign,Welcoming Lantern,156/198,Reverse Holo,Uncommon,Pokemon Chilling Reign,Welcoming Lantern [Reverse Holo] #156,chilling reign | welcoming lantern | 156 | reverse holo | ungraded,2,1
Chilling Reign,Impact Energy,157/198,Normal,Uncommon,Pokemon Chilling Reign,Impact Energy #157,chilling reign | impact energy | 157 |  | ungraded,1,1
Chilling Reign,Impact Energy,157/198,Reverse Holo,Uncommon,Pokemon Chilling Reign,Impact Energy [Reverse Holo] #157,chilling reign | impact energy | 157 | reverse holo | ungraded,2,1
Chilling Reign,Lucky Energy,158/198,Normal,Uncommon,Pokemon Chilling Reign,Lucky Energy #158,chilling reign | lucky energy | 158 |  | ungraded,1,1
Chilling Reign,Lucky Energy,158/198,Reverse Holo,Uncommon,Pokemon Chilling Reign,Lucky Energy [Reverse Holo] #158,chilling reign | lucky energy | 158 | reverse holo | ungraded,1,0
Chilling Reign,Spiral Energy,159/198,Normal,Uncommon,Pokemon Chilling Reign,Spiral Energy #159,chilling reign | spiral energy | 159 |  | ungraded,1,1
Chilling Reign,Spiral Energy,159/198,Reverse Holo,Uncommon,Pokemon Chilling Reign,Spiral Energy [Reverse Holo] #159,chilling reign | spiral energy | 159 | reverse holo | ungraded,1,0
Chilling Reign,Ice Rider Calyrex V,164/198,Normal Holo,Rare Ultra,Pokemon Chilling Reign,Ice Rider Calyrex V [Holo] #164,chilling reign | ice rider calyrex v | 164 | holo | ungraded,1,0
Chilling Reign,Galarian Slowking V,179/198,Normal Holo,Rare Ultra,Pokemon Chilling Reign,Galarian Slowking V [Holo] #179,chilling reign | galarian slowking v | 179 | holo | ungraded,1,0
Chilling Reign,Tornadus V,184/198,Normal Holo,Rare Ultra,Pokemon Chilling Reign,Tornadus V [Holo] #184,chilling reign | tornadus v | 184 | holo | ungraded,1,0
Chilling Reign,Tornadus V,185/198,Normal Holo,Rare Ultra,Pokemon Chilling Reign,Tornadus V [Holo] #185,chilling reign | tornadus v | 185 | holo | ungraded,1,0
Chilling Reign,Avery,211/198,Normal Holo,Rare Rainbow,Pokemon Chilling Reign,Avery [Holo] #211,chilling reign | avery | 211 | holo | ungraded,1,0
Chilling Reign,Brawly,212/198,Normal Holo,Rare Rainbow,Pokemon Chilling Reign,Brawly [Holo] #212,chilling reign | brawly | 212 | holo | ungraded,1,0
Battle Styles,Bellsprout,001/163,Normal,Common,Pokemon Battle Styles,Bellsprout #1,battle styles | bellsprout | 1 |  | ungraded,1,1
Battle Styles,Weepinbell,002/163,Normal,Uncommon,Pokemon Battle Styles,Weepinbell #2,battle styles | weepinbell | 2 |  | ungraded,1,1
Battle Styles,Victreebel,003/163,Normal,Rare,Pokemon Battle Styles,Victreebel #3,battle styles | victreebel | 3 |  | ungraded,1,1
Battle Styles,Victreebel,003/163,Reverse Holo,Rare,Pokemon Battle Styles,Victreebel [Reverse Holo] #3,battle styles | victreebel | 3 | reverse holo | ungraded,1,1
Battle Styles,Cacnea,004/163,Normal,Common,Pokemon Battle Styles,Cacnea #4,battle styles | cacnea | 4 |  | ungraded,1,1
Battle Styles,Cacnea,004/163,Reverse Holo,Common,Pokemon Battle Styles,Cacnea [Reverse Holo] #4,battle styles | cacnea | 4 | reverse holo | ungraded,1,1
Battle Styles,Cacturne,005/163,Normal,Uncommon,Pokemon Battle Styles,Cacturne #5,battle styles | cacturne | 5 |  | ungraded,1,1
Battle Styles,Cacturne,005/163,Reverse Holo,Uncommon,Pokemon Battle Styles,Cacturne [Reverse Holo] #5,battle styles | cacturne | 5 | reverse holo | ungraded,1,1
Battle Styles,Kricketune V,006/163,Normal Holo,Holo Rare V,Pokemon Battle Styles,Kricketune V [Holo] #6,battle styles | kricketune v | 6 | holo | ungraded,1,0
Battle Styles,Cherubi,007/163,Normal,Common,Pokemon Battle Styles,Cherubi #7,battle styles | cherubi | 7 |  | ungraded,1,1
Battle Styles,Cherrim,008/163,Normal Holo,Rare Holo,Pokemon Battle Styles,Cherrim [Holo] #8,battle styles | cherrim | 8 | holo | ungraded,1,1
Battle Styles,Carnivine,009/163,Normal,Uncommon,Pokemon Battle Styles,Carnivine #9,battle styles | carnivine | 9 |  | ungraded,1,1
Battle Styles,Durant,010/163,Normal,Uncommon,Pokemon Battle Styles,Durant #10,battle styles | durant | 10 |  | ungraded,1,1
Battle Styles,Scatterbug,011/163,Normal,Common,Pokemon Battle Styles,Scatterbug #11,battle styles | scatterbug | 11 |  | ungraded,1,1
Battle Styles,Spewpa,012/163,Normal,Uncommon,Pokemon Battle Styles,Spewpa #12,battle styles | spewpa | 12 |  | ungraded,1,1
Battle Styles,Vivillon,013/163,Normal,Rare,Pokemon Battle Styles,Vivillon #13,battle styles | vivillon | 13 |  | ungraded,1,1
Battle Styles,Fomantis,014/163,Normal,Common,Pokemon Battle Styles,Fomantis #14,battle styles | fomantis | 14 |  | ungraded,1,1
Battle Styles,Lurantis,015/163,Normal,Rare,Pokemon Battle Styles,Lurantis #15,battle styles | lurantis | 15 |  | ungraded,1,1
Battle Styles,Lurantis,015/163,Reverse Holo,Rare,Pokemon Battle Styles,Lurantis [Reverse Holo] #15,battle styles | lurantis | 15 | reverse holo | ungraded,1,1
Battle Styles,Blipbug,017/163,Normal,Common,Pokemon Battle Styles,Blipbug #17,battle styles | blipbug | 17 |  | ungraded,1,1
Battle Styles,Flapple V,018/163,Normal Holo,Holo Rare V,Pokemon Battle Styles,Flapple V [Holo] #18,battle styles | flapple v | 18 | holo | ungraded,1,0
Battle Styles,Flapple VMAX,019/163,Normal Holo,Holo Rare VMAX,Pokemon Battle Styles,Flapple VMAX [Holo] #19,battle styles | flapple vmax | 19 | holo | ungraded,1,0
Battle Styles,Entei,020/163,Normal Holo,Rare Holo,Pokemon Battle Styles,Entei [Holo] #20,battle styles | entei | 20 | holo | ungraded,1,0
Battle Styles,Victini VMAX,022/163,Normal Holo,Holo Rare VMAX,Pokemon Battle Styles,Victini VMAX [Holo] #22,battle styles | victini vmax | 22 | holo | ungraded,1,0
Battle Styles,Tepig,023/163,Normal,Common,Pokemon Battle Styles,Tepig #23,battle styles | tepig | 23 |  | ungraded,1,1
Battle Styles,Tepig,023/163,Reverse Holo,Common,Pokemon Battle Styles,Tepig [Reverse Holo] #23,battle styles | tepig | 23 | reverse holo | ungraded,1,1
Battle Styles,Pignite,024/163,Normal,Uncommon,Pokemon Battle Styles,Pignite #24,battle styles | pignite | 24 |  | ungraded,1,1
Battle Styles,Pignite,024/163,Reverse Holo,Uncommon,Pokemon Battle Styles,Pignite [Reverse Holo] #24,battle styles | pignite | 24 | reverse holo | ungraded,1,1
Battle Styles,Heatmor,026/163,Normal,Uncommon,Pokemon Battle Styles,Heatmor #26,battle styles | heatmor | 26 |  | ungraded,1,1
Battle Styles,Salandit,027/163,Normal,Common,Pokemon Battle Styles,Salandit #27,battle styles | salandit | 27 |  | ungraded,1,1
Battle Styles,Salazzle,028/163,Normal,Rare,Pokemon Battle Styles,Salazzle #28,battle styles | salazzle | 28 |  | ungraded,1,1
Battle Styles,Salazzle,028/163,Reverse Holo,Rare,Pokemon Battle Styles,Salazzle [Reverse Holo] #28,battle styles | salazzle | 28 | reverse holo | ungraded,1,0
Battle Styles,Sizzlipede,029/163,Normal,Common,Pokemon Battle Styles,Sizzlipede #29,battle styles | sizzlipede | 29 |  | ungraded,1,1
Battle Styles,Centiskorch,030/163,Normal,Rare,Pokemon Battle Styles,Centiskorch #30,battle styles | centiskorch | 30 |  | ungraded,1,1
Battle Styles,Horsea,031/163,Normal,Common,Pokemon Battle Styles,Horsea #31,battle styles | horsea | 31 |  | ungraded,1,1
Battle Styles,Seadra,032/163,Normal,Uncommon,Pokemon Battle Styles,Seadra #32,battle styles | seadra | 32 |  | ungraded,1,1
Battle Styles,Kingdra,033/163,Reverse Holo,Rare Holo,Pokemon Battle Styles,Kingdra [Reverse Holo] #33,battle styles | kingdra | 33 | reverse holo | ungraded,1,1
Battle Styles,Galarian Mr. Mime,034/163,Normal,Common,Pokemon Battle Styles,Galarian Mr. Mime #34,battle styles | galarian mr mime | 34 |  | ungraded,1,1
Battle Styles,Remoraid,036/163,Normal,Common,Pokemon Battle Styles,Remoraid #36,battle styles | remoraid | 36 |  | ungraded,1,1
Battle Styles,Corphish,038/163,Normal,Common,Pokemon Battle Styles,Corphish #38,battle styles | corphish | 38 |  | ungraded,1,1
Battle Styles,Crawdaunt,039/163,Normal,Uncommon,Pokemon Battle Styles,Crawdaunt #39,battle styles | crawdaunt | 39 |  | ungraded,1,1
Battle Styles,Crawdaunt,039/163,Reverse Holo,Uncommon,Pokemon Battle Styles,Crawdaunt [Reverse Holo] #39,battle styles | crawdaunt | 39 | reverse holo | ungraded,1,1
Battle Styles,Frillish,041/163,Normal,Common,Pokemon Battle Styles,Frillish #41,battle styles | frillish | 41 |  | ungraded,1,1
Battle Styles,Jellicent,042/163,Normal,Rare,Pokemon Battle Styles,Jellicent #42,battle styles | jellicent | 42 |  | ungraded,1,1
Battle Styles,Bruxish,043/163,Normal,Uncommon,Pokemon Battle Styles,Bruxish #43,battle styles | bruxish | 43 |  | ungraded,1,1
Battle Styles,Electabuzz,044/163,Normal,Common,Pokemon Battle Styles,Electabuzz #44,battle styles | electabuzz | 44 |  | ungraded,1,1
Battle Styles,Electivire,045/163,Normal,Rare,Pokemon Battle Styles,Electivire #45,battle styles | electivire | 45 |  | ungraded,1,1
Battle Styles,Shinx,046/163,Normal,Common,Pokemon Battle Styles,Shinx #46,battle styles | shinx | 46 |  | ungraded,1,1
Battle Styles,Luxio,047/163,Normal,Uncommon,Pokemon Battle Styles,Luxio #47,battle styles | luxio | 47 |  | ungraded,1,1
Battle Styles,Luxray,048/163,Normal Holo,Rare Holo,Pokemon Battle Styles,Luxray [Holo] #48,battle styles | luxray | 48 | holo | ungraded,1,0
Battle Styles,Pachirisu,049/163,Normal,Common,Pokemon Battle Styles,Pachirisu #49,battle styles | pachirisu | 49 |  | ungraded,1,1
Battle Styles,Pachirisu,049/163,Reverse Holo,Common,Pokemon Battle Styles,Pachirisu [Reverse Holo] #49,battle styles | pachirisu | 49 | reverse holo | ungraded,1,1
Battle Styles,Yamper,052/163,Normal,Common,Pokemon Battle Styles,Yamper #52,battle styles | yamper | 52 |  | ungraded,1,1
Battle Styles,Boltund,053/163,Reverse Holo,Rare,Pokemon Battle Styles,Boltund [Reverse Holo] #53,battle styles | boltund | 53 | reverse holo | ungraded,1,1
Battle Styles,Galarian Slowpoke,054/163,Normal,Common,Pokemon Battle Styles,Galarian Slowpoke #54,battle styles | galarian slowpoke | 54 |  | ungraded,1,1
Battle Styles,Galarian Slowpoke,054/163,Reverse Holo,Common,Pokemon Battle Styles,Galarian Slowpoke [Reverse Holo] #54,battle styles | galarian slowpoke | 54 | reverse holo | ungraded,1,1
Battle Styles,Spoink,055/163,Normal,Common,Pokemon Battle Styles,Spoink #55,battle styles | spoink | 55 |  | ungraded,1,1
Battle Styles,Grumpig,056/163,Normal,Uncommon,Pokemon Battle Styles,Grumpig #56,battle styles | grumpig | 56 |  | ungraded,1,1
Battle Styles,Grumpig,056/163,Reverse Holo,Uncommon,Pokemon Battle Styles,Grumpig [Reverse Holo] #56,battle styles | grumpig | 56 | reverse holo | ungraded,1,1
Battle Styles,Baltoy,057/163,Normal,Common,Pokemon Battle Styles,Baltoy #57,battle styles | baltoy | 57 |  | ungraded,1,1
Battle Styles,Chimecho,059/163,Normal,Common,Pokemon Battle Styles,Chimecho #59,battle styles | chimecho | 59 |  | ungraded,1,1
Battle Styles,Chimecho,059/163,Reverse Holo,Common,Pokemon Battle Styles,Chimecho [Reverse Holo] #59,battle styles | chimecho | 59 | reverse holo | ungraded,1,1
Battle Styles,Espurr,060/163,Normal,Common,Pokemon Battle Styles,Espurr #60,battle styles | espurr | 60 |  | ungraded,1,1
Battle Styles,Meowstic,061/163,Normal Holo,Rare Holo,Pokemon Battle Styles,Meowstic [Holo] #61,battle styles | meowstic | 61 | holo | ungraded,1,0
Battle Styles,Dottler,064/163,Normal,Uncommon,Pokemon Battle Styles,Dottler #64,battle styles | dottler | 64 |  | ungraded,1,1
Battle Styles,Orbeetle,065/163,Normal Holo,Rare Holo,Pokemon Battle Styles,Orbeetle [Holo] #65,battle styles | orbeetle | 65 | holo | ungraded,1,0
Battle Styles,Mankey,066/163,Normal,Common,Pokemon Battle Styles,Mankey #66,battle styles | mankey | 66 |  | ungraded,1,1
Battle Styles,Mankey,066/163,Reverse Holo,Common,Pokemon Battle Styles,Mankey [Reverse Holo] #66,battle styles | mankey | 66 | reverse holo | ungraded,1,1
Battle Styles,Primeape,067/163,Reverse Holo,Rare,Pokemon Battle Styles,Primeape [Reverse Holo] #67,battle styles | primeape | 67 | reverse holo | ungraded,1,1
Battle Styles,Onix,068/163,Normal,Common,Pokemon Battle Styles,Onix #68,battle styles | onix | 68 |  | ungraded,1,1
Battle Styles,Cubone,069/163,Normal,Common,Pokemon Battle Styles,Cubone #69,battle styles | cubone | 69 |  | ungraded,1,1
Battle Styles,Marowak,070/163,Normal,Rare,Pokemon Battle Styles,Marowak #70,battle styles | marowak | 70 |  | ungraded,1,1
Battle Styles,Gligar,071/163,Normal,Common,Pokemon Battle Styles,Gligar #71,battle styles | gligar | 71 |  | ungraded,1,1
Battle Styles,Gliscor,072/163,Normal,Uncommon,Pokemon Battle Styles,Gliscor #72,battle styles | gliscor | 72 |  | ungraded,1,1
Battle Styles,Timburr,073/163,Normal,Common,Pokemon Battle Styles,Timburr #73,battle styles | timburr | 73 |  | ungraded,1,1
Battle Styles,Gurdurr,074/163,Normal,Uncommon,Pokemon Battle Styles,Gurdurr #74,battle styles | gurdurr | 74 |  | ungraded,1,1
Battle Styles,Gurdurr,074/163,Reverse Holo,Uncommon,Pokemon Battle Styles,Gurdurr [Reverse Holo] #74,battle styles | gurdurr | 74 | reverse holo | ungraded,1,1
Battle Styles,Conkeldurr,075/163,Normal,Rare,Pokemon Battle Styles,Conkeldurr #75,battle styles | conkeldurr | 75 |  | ungraded,1,1
Battle Styles,Mienfoo,076/163,Normal,Common,Pokemon Battle Styles,Mienfoo #76,battle styles | mienfoo | 76 |  | ungraded,1,1
Battle Styles,Mienshao,077/163,Normal,Rare,Pokemon Battle Styles,Mienshao #77,battle styles | mienshao | 77 |  | ungraded,1,1
Battle Styles,Rolycoly,078/163,Normal,Common,Pokemon Battle Styles,Rolycoly #78,battle styles | rolycoly | 78 |  | ungraded,1,1
Battle Styles,Rolycoly,078/163,Reverse Holo,Common,Pokemon Battle Styles,Rolycoly [Reverse Holo] #78,battle styles | rolycoly | 78 | reverse holo | ungraded,1,1
Battle Styles,Carkol,079/163,Normal,Uncommon,Pokemon Battle Styles,Carkol #79,battle styles | carkol | 79 |  | ungraded,1,1
Battle Styles,Silicobra,081/163,Normal,Common,Pokemon Battle Styles,Silicobra #81,battle styles | silicobra | 81 |  | ungraded,1,1
Battle Styles,Sandaconda,082/163,Reverse Holo,Rare Holo,Pokemon Battle Styles,Sandaconda [Reverse Holo] #82,battle styles | sandaconda | 82 | reverse holo | ungraded,1,1
Battle Styles,Falinks,083/163,Normal,Rare,Pokemon Battle Styles,Falinks #83,battle styles | falinks | 83 |  | ungraded,1,1
Battle Styles,Stonjourner,084/163,Normal,Rare,Pokemon Battle Styles,Stonjourner #84,battle styles | stonjourner | 84 |  | ungraded,1,1
Battle Styles,Single Strike Urshifu V,085/163,Normal Holo,Holo Rare V,Pokemon Battle Styles,Single Strike Urshifu V [Holo] #85,battle styles | single strike urshifu v | 85 | holo | ungraded,1,0
Battle Styles,Rapid Strike Urshifu VMAX,088/163,Normal Holo,Holo Rare VMAX,Pokemon Battle Styles,Rapid Strike Urshifu VMAX [Holo] #88,battle styles | rapid strike urshifu vmax | 88 | holo | ungraded,1,0
Battle Styles,Zubat,089/163,Normal,Common,Pokemon Battle Styles,Zubat #89,battle styles | zubat | 89 |  | ungraded,1,1
Battle Styles,Golbat,090/163,Normal,Uncommon,Pokemon Battle Styles,Golbat #90,battle styles | golbat | 90 |  | ungraded,1,1
Battle Styles,Galarian Slowbro,092/163,Normal,Rare,Pokemon Battle Styles,Galarian Slowbro #92,battle styles | galarian slowbro | 92 |  | ungraded,1,1
Battle Styles,Murkrow,093/163,Normal,Common,Pokemon Battle Styles,Murkrow #93,battle styles | murkrow | 93 |  | ungraded,1,1
Battle Styles,Honchkrow,094/163,Reverse Holo,Uncommon,Pokemon Battle Styles,Honchkrow [Reverse Holo] #94,battle styles | honchkrow | 94 | reverse holo | ungraded,1,1
Battle Styles,Houndour,095/163,Normal,Common,Pokemon Battle Styles,Houndour #95,battle styles | houndour | 95 |  | ungraded,1,1
Battle Styles,Houndour,095/163,Reverse Holo,Common,Pokemon Battle Styles,Houndour [Reverse Holo] #95,battle styles | houndour | 95 | reverse holo | ungraded,1,1
Battle Styles,Houndoom,096/163,Reverse Holo,Rare Holo,Pokemon Battle Styles,Houndoom [Reverse Holo] #96,battle styles | houndoom | 96 | reverse holo | ungraded,1,1
Battle Styles,Morpeko,098/163,Normal,Uncommon,Pokemon Battle Styles,Morpeko #98,battle styles | morpeko | 98 |  | ungraded,1,1
Battle Styles,Steelix,099/163,Reverse Holo,Rare Holo,Pokemon Battle Styles,Steelix [Reverse Holo] #99,battle styles | steelix | 99 | reverse holo | ungraded,1,1
Battle Styles,Mawile,100/163,Normal,Common,Pokemon Battle Styles,Mawile #100,battle styles | mawile | 100 |  | ungraded,1,1
Battle Styles,Mawile,100/163,Reverse Holo,Common,Pokemon Battle Styles,Mawile [Reverse Holo] #100,battle styles | mawile | 100 | reverse holo | ungraded,1,1
Battle Styles,Bronzor,101/163,Normal,Common,Pokemon Battle Styles,Bronzor #101,battle styles | bronzor | 101 |  | ungraded,1,1
Battle Styles,Bronzong,102/163,Normal Holo,Rare Holo,Pokemon Battle Styles,Bronzong [Holo] #102,battle styles | bronzong | 102 | holo | ungraded,1,0
Battle Styles,Pawniard,103/163,Normal,Common,Pokemon Battle Styles,Pawniard #103,battle styles | pawniard | 103 |  | ungraded,1,1
Battle Styles,Pawniard,103/163,Reverse Holo,Common,Pokemon Battle Styles,Pawniard [Reverse Holo] #103,battle styles | pawniard | 103 | reverse holo | ungraded,1,1
Battle Styles,Bisharp,104/163,Normal,Uncommon,Pokemon Battle Styles,Bisharp #104,battle styles | bisharp | 104 |  | ungraded,1,1
Battle Styles,Honedge,105/163,Normal,Common,Pokemon Battle Styles,Honedge #105,battle styles | honedge | 105 |  | ungraded,1,1
Battle Styles,Doublade,106/163,Normal,Uncommon,Pokemon Battle Styles,Doublade #106,battle styles | doublade | 106 |  | ungraded,1,1
Battle Styles,Aegislash,107/163,Normal Holo,Rare Holo,Pokemon Battle Styles,Aegislash [Holo] #107,battle styles | aegislash | 107 | holo | ungraded,1,1
Battle Styles,Spearow,111/163,Normal,Common,Pokemon Battle Styles,Spearow #111,battle styles | spearow | 111 |  | ungraded,1,1
Battle Styles,Spearow,111/163,Reverse Holo,Common,Pokemon Battle Styles,Spearow [Reverse Holo] #111,battle styles | spearow | 111 | reverse holo | ungraded,1,1
Battle Styles,Fearow,112/163,Normal,Uncommon,Pokemon Battle Styles,Fearow #112,battle styles | fearow | 112 |  | ungraded,1,1
Battle Styles,Fearow,112/163,Reverse Holo,Uncommon,Pokemon Battle Styles,Fearow [Reverse Holo] #112,battle styles | fearow | 112 | reverse holo | ungraded,2,1
Battle Styles,Lickitung,113/163,Normal,Common,Pokemon Battle Styles,Lickitung #113,battle styles | lickitung | 113 |  | ungraded,1,1
Battle Styles,Lickilicky,114/163,Normal,Rare,Pokemon Battle Styles,Lickilicky #114,battle styles | lickilicky | 114 |  | ungraded,1,1
Battle Styles,Glameow,115/163,Normal,Common,Pokemon Battle Styles,Glameow #115,battle styles | glameow | 115 |  | ungraded,1,1
Battle Styles,Glameow,115/163,Reverse Holo,Common,Pokemon Battle Styles,Glameow [Reverse Holo] #115,battle styles | glameow | 115 | reverse holo | ungraded,1,1
Battle Styles,Purugly,116/163,Normal,Uncommon,Pokemon Battle Styles,Purugly #116,battle styles | purugly | 116 |  | ungraded,1,1
Battle Styles,Stoutland V,117/163,Normal Holo,Holo Rare V,Pokemon Battle Styles,Stoutland V [Holo] #117,battle styles | stoutland v | 117 | holo | ungraded,1,0
Battle Styles,Bouffalant,118/163,Normal,Uncommon,Pokemon Battle Styles,Bouffalant #118,battle styles | bouffalant | 118 |  | ungraded,1,1
Battle Styles,Drampa,119/163,Normal,Rare,Pokemon Battle Styles,Drampa #119,battle styles | drampa | 119 |  | ungraded,1,1
Battle Styles,Indeedee,120/163,Normal,Uncommon,Pokemon Battle Styles,Indeedee #120,battle styles | indeedee | 120 |  | ungraded,1,1
Battle Styles,Bruno,121/163,Normal,Uncommon,Pokemon Battle Styles,Bruno #121,battle styles | bruno | 121 |  | ungraded,1,1
Battle Styles,Camping Gear,122/163,Normal,Uncommon,Pokemon Battle Styles,Camping Gear #122,battle styles | camping gear | 122 |  | ungraded,1,1
Battle Styles,Camping Gear,122/163,Reverse Holo,Uncommon,Pokemon Battle Styles,Camping Gear [Reverse Holo] #122,battle styles | camping gear | 122 | reverse holo | ungraded,1,1
Battle Styles,Cheryl,123/163,Normal,Uncommon,Pokemon Battle Styles,Cheryl #123,battle styles | cheryl | 123 |  | ungraded,1,1
Battle Styles,Cheryl,123/163,Reverse Holo,Uncommon,Pokemon Battle Styles,Cheryl [Reverse Holo] #123,battle styles | cheryl | 123 | reverse holo | ungraded,1,1
Battle Styles,Energy Recycler,124/163,Normal,Uncommon,Pokemon Battle Styles,Energy Recycler #124,battle styles | energy recycler | 124 |  | ungraded,1,1
Battle Styles,Escape Rope,125/163,Normal,Uncommon,Pokemon Battle Styles,Escape Rope #125,battle styles | escape rope | 125 |  | ungraded,1,1
Battle Styles,Exp. Share,126/163,Reverse Holo,Uncommon,Pokemon Battle Styles,Exp. Share [Reverse Holo] #126,battle styles | exp share | 126 | reverse holo | ungraded,2,1
Battle Styles,Korrina's Focus,128/163,Normal,Uncommon,Pokemon Battle Styles,Korrina's Focus #128,battle styles | korrina s focus | 128 |  | ungraded,1,1
Battle Styles,Level Ball,129/163,Normal,Uncommon,Pokemon Battle Styles,Level Ball #129,battle styles | level ball | 129 |  | ungraded,1,1
Battle Styles,Level Ball,129/163,Reverse Holo,Uncommon,Pokemon Battle Styles,Level Ball [Reverse Holo] #129,battle styles | level ball | 129 | reverse holo | ungraded,1,0
Battle Styles,Phoebe,130/163,Normal,Uncommon,Pokemon Battle Styles,Phoebe #130,battle styles | phoebe | 130 |  | ungraded,1,1
Battle Styles,Rapid Strike Scroll of Swirls,131/163,Normal,Uncommon,Pokemon Battle Styles,Rapid Strike Scroll of Swirls #131,battle styles | rapid strike scroll of swirls | 131 |  | ungraded,1,1
Battle Styles,Rapid Strike Style Mustard,132/163,Normal,Uncommon,Pokemon Battle Styles,Rapid Strike Style Mustard #132,battle styles | rapid strike style mustard | 132 |  | ungraded,1,1
Battle Styles,Single Strike Scroll of Scorn,133/163,Normal,Uncommon,Pokemon Battle Styles,Single Strike Scroll of Scorn #133,battle styles | single strike scroll of scorn | 133 |  | ungraded,1,1
Battle Styles,Single Strike Style Mustard,134/163,Normal,Uncommon,Pokemon Battle Styles,Single Strike Style Mustard #134,battle styles | single strike style mustard | 134 |  | ungraded,1,1
Battle Styles,Sordward and Shielbert,135/163,Normal,Uncommon,Pokemon Battle Styles,Sordward and Shielbert #135,battle styles | sordward and shielbert | 135 |  | ungraded,1,1
Battle Styles,Tool Jammer,136/163,Normal,Uncommon,Pokemon Battle Styles,Tool Jammer #136,battle styles | tool jammer | 136 |  | ungraded,1,1
Battle Styles,Tool Jammer,136/163,Reverse Holo,Uncommon,Pokemon Battle Styles,Tool Jammer [Reverse Holo] #136,battle styles | tool jammer | 136 | reverse holo | ungraded,1,1
Battle Styles,Tower of Darkness,137/163,Normal,Uncommon,Pokemon Battle Styles,Tower of Darkness #137,battle styles | tower of darkness | 137 |  | ungraded,1,1
Battle Styles,Tower of Darkness,137/163,Reverse Holo,Uncommon,Pokemon Battle Styles,Tower of Darkness [Reverse Holo] #137,battle styles | tower of darkness | 137 | reverse holo | ungraded,1,1
Battle Styles,Tower of Waters,138/163,Normal,Uncommon,Pokemon Battle Styles,Tower of Waters #138,battle styles | tower of waters | 138 |  | ungraded,1,1
Battle Styles,Urn of Vitality,139/163,Normal,Uncommon,Pokemon Battle Styles,Urn of Vitality #139,battle styles | urn of vitality | 139 |  | ungraded,1,1
Battle Styles,Rapid Strike Energy,140/163,Normal,Uncommon,Pokemon Battle Styles,Rapid Strike Energy #140,battle styles | rapid strike energy | 140 |  | ungraded,1,1
Battle Styles,Single Strike Energy,141/163,Normal,Uncommon,Pokemon Battle Styles,Single Strike Energy #141,battle styles | single strike energy | 141 |  | ungraded,1,1
Battle Styles,Single Strike Energy,141/163,Reverse Holo,Uncommon,Pokemon Battle Styles,Single Strike Energy [Reverse Holo] #141,battle styles | single strike energy | 141 | reverse holo | ungraded,1,1
Battle Styles,Necrozma V,149/163,Normal Holo,Rare Ultra,Pokemon Battle Styles,Necrozma V [Holo] #149,battle styles | necrozma v | 149 | holo | ungraded,1,0
Battle Styles,Korrina's Focus,160/163,Normal Holo,Rare Ultra,Pokemon Battle Styles,Korrina's Focus [Holo] #160,battle styles | korrina s focus | 160 | holo | ungraded,1,0
Vivid Voltage,Weedle,001/185,Normal,Common,Pokemon Vivid Voltage,Weedle #1,vivid voltage | weedle | 1 |  | ungraded,1,0
Vivid Voltage,Kakuna,002/185,Normal,Uncommon,Pokemon Vivid Voltage,Kakuna #2,vivid voltage | kakuna | 2 |  | ungraded,1,0
Vivid Voltage,Exeggcute,004/185,Normal,Common,Pokemon Vivid Voltage,Exeggcute #4,vivid voltage | exeggcute | 4 |  | ungraded,1,0
Vivid Voltage,Exeggutor,005/185,Normal,Rare,Pokemon Vivid Voltage,Exeggutor #5,vivid voltage | exeggutor | 5 |  | ungraded,1,0
Vivid Voltage,Yanma,006/185,Normal,Common,Pokemon Vivid Voltage,Yanma #6,vivid voltage | yanma | 6 |  | ungraded,1,0
Vivid Voltage,Pineco,008/185,Normal,Common,Pokemon Vivid Voltage,Pineco #8,vivid voltage | pineco | 8 |  | ungraded,1,0
Vivid Voltage,Seedot,010/185,Normal,Common,Pokemon Vivid Voltage,Seedot #10,vivid voltage | seedot | 10 |  | ungraded,1,0
Vivid Voltage,Seedot,010/185,Reverse Holo,Common,Pokemon Vivid Voltage,Seedot [Reverse Holo] #10,vivid voltage | seedot | 10 | reverse holo | ungraded,1,0
Vivid Voltage,Nuzleaf,011/185,Normal,Uncommon,Pokemon Vivid Voltage,Nuzleaf #11,vivid voltage | nuzleaf | 11 |  | ungraded,1,0
Vivid Voltage,Ninjask,014/185,Normal,Rare,Pokemon Vivid Voltage,Ninjask #14,vivid voltage | ninjask | 14 |  | ungraded,1,0
Vivid Voltage,Skiddo,017/185,Normal,Common,Pokemon Vivid Voltage,Skiddo #17,vivid voltage | skiddo | 17 |  | ungraded,1,0
Vivid Voltage,Gogoat,018/185,Normal,Uncommon,Pokemon Vivid Voltage,Gogoat #18,vivid voltage | gogoat | 18 |  | ungraded,1,0
Vivid Voltage,Dhelmise,019/185,Trick or Trade 2023,Uncommon,Pokemon Trick or Trade 2023,Dhelmise #19,trick or trade 2023 | dhelmise | 19 |  | ungraded,1,1
Vivid Voltage,Charmander,023/185,Reverse Holo,Common,Pokemon Vivid Voltage,Charmander [Reverse Holo] #23,vivid voltage | charmander | 23 | reverse holo | ungraded,1,0
Vivid Voltage,Charmeleon,024/185,Normal,Uncommon,Pokemon Vivid Voltage,Charmeleon #24,vivid voltage | charmeleon | 24 |  | ungraded,1,0
Vivid Voltage,Slugma,027/185,Normal,Common,Pokemon Vivid Voltage,Slugma #27,vivid voltage | slugma | 27 |  | ungraded,1,0
Vivid Voltage,Magcargo,028/185,Normal,Uncommon,Pokemon Vivid Voltage,Magcargo #28,vivid voltage | magcargo | 28 |  | ungraded,1,0
Vivid Voltage,Wailord,032/185,Reverse Holo,Rare Holo,Pokemon Vivid Voltage,Wailord [Reverse Holo] #32,vivid voltage | wailord | 32 | reverse holo | ungraded,1,0
Vivid Voltage,Oshawott,033/185,Normal,Common,Pokemon Vivid Voltage,Oshawott #33,vivid voltage | oshawott | 33 |  | ungraded,1,0
Vivid Voltage,Samurott,035/185,Normal,Rare,Pokemon Vivid Voltage,Samurott #35,vivid voltage | samurott | 35 |  | ungraded,1,0
Vivid Voltage,Chewtle,038/185,Normal,Common,Pokemon Vivid Voltage,Chewtle #38,vivid voltage | chewtle | 38 |  | ungraded,1,0
Vivid Voltage,Drednaw,039/185,Reverse Holo,Rare,Pokemon Vivid Voltage,Drednaw [Reverse Holo] #39,vivid voltage | drednaw | 39 | reverse holo | ungraded,1,0
Vivid Voltage,Cramorant,040/185,Normal,Uncommon,Pokemon Vivid Voltage,Cramorant #40,vivid voltage | cramorant | 40 |  | ungraded,1,0
Vivid Voltage,Jolteon,047/185,Normal,Rare,Pokemon Vivid Voltage,Jolteon #47,vivid voltage | jolteon | 47 |  | ungraded,1,1
Vivid Voltage,Blitzle,053/185,Normal,Common,Pokemon Vivid Voltage,Blitzle #53,vivid voltage | blitzle | 53 |  | ungraded,1,0
Vivid Voltage,Joltik,055/185,Normal,Common,Pokemon Vivid Voltage,Joltik #55,vivid voltage | joltik | 55 |  | ungraded,1,0
Vivid Voltage,Galvantula,056/185,Normal,Uncommon,Pokemon Vivid Voltage,Galvantula #56,vivid voltage | galvantula | 56 |  | ungraded,1,0
Vivid Voltage,Tynamo,057/185,Normal,Common,Pokemon Vivid Voltage,Tynamo #57,vivid voltage | tynamo | 57 |  | ungraded,1,0
Vivid Voltage,Pincurchin,062/185,Normal,Uncommon,Pokemon Vivid Voltage,Pincurchin #62,vivid voltage | pincurchin | 62 |  | ungraded,1,0
Vivid Voltage,Clefairy,063/185,Normal,Common,Pokemon Vivid Voltage,Clefairy #63,vivid voltage | clefairy | 63 |  | ungraded,1,0
Vivid Voltage,Girafarig,065/185,Normal,Uncommon,Pokemon Vivid Voltage,Girafarig #65,vivid voltage | girafarig | 65 |  | ungraded,1,0
Vivid Voltage,Shuppet,067/185,Normal,Common,Pokemon Vivid Voltage,Shuppet #67,vivid voltage | shuppet | 67 |  | ungraded,1,0
Vivid Voltage,Shuppet,067/185,Reverse Holo,Common,Pokemon Vivid Voltage,Shuppet [Reverse Holo] #67,vivid voltage | shuppet | 67 | reverse holo | ungraded,1,0
Vivid Voltage,Banette,068/185,Normal,Rare,Pokemon Vivid Voltage,Banette #68,vivid voltage | banette | 68 |  | ungraded,1,0
Vivid Voltage,Duskull,069/185,Trick or Trade 2023,Common,Pokemon Trick or Trade 2023,Duskull #69,trick or trade 2023 | duskull | 69 |  | ungraded,1,1
Vivid Voltage,Dusclops,070/185,Trick or Trade 2023,Uncommon,Pokemon Trick or Trade 2023,Dusclops #70,trick or trade 2023 | dusclops | 70 |  | ungraded,1,1
Vivid Voltage,Chimecho,072/185,Normal,Common,Pokemon Vivid Voltage,Chimecho #72,vivid voltage | chimecho | 72 |  | ungraded,1,0
Vivid Voltage,Chimecho,072/185,Reverse Holo,Common,Pokemon Vivid Voltage,Chimecho [Reverse Holo] #72,vivid voltage | chimecho | 72 | reverse holo | ungraded,1,0
Vivid Voltage,Woobat,073/185,Normal,Common,Pokemon Vivid Voltage,Woobat #73,vivid voltage | woobat | 73 |  | ungraded,1,0
Vivid Voltage,Swoobat,074/185,Normal,Uncommon,Pokemon Vivid Voltage,Swoobat #74,vivid voltage | swoobat | 74 |  | ungraded,1,0
Vivid Voltage,Dedenne,077/185,Normal,Common,Pokemon Vivid Voltage,Dedenne #77,vivid voltage | dedenne | 77 |  | ungraded,1,0
Vivid Voltage,Milcery,080/185,Normal,Common,Pokemon Vivid Voltage,Milcery #80,vivid voltage | milcery | 80 |  | ungraded,1,0
Vivid Voltage,Wooper,083/185,Normal,Common,Pokemon Vivid Voltage,Wooper #83,vivid voltage | wooper | 83 |  | ungraded,1,0
Vivid Voltage,Wooper,083/185,Reverse Holo,Common,Pokemon Vivid Voltage,Wooper [Reverse Holo] #83,vivid voltage | wooper | 83 | reverse holo | ungraded,1,0
Vivid Voltage,Shuckle,085/185,Normal,Uncommon,Pokemon Vivid Voltage,Shuckle #85,vivid voltage | shuckle | 85 |  | ungraded,1,0
Vivid Voltage,Drilbur,091/185,Normal,Common,Pokemon Vivid Voltage,Drilbur #91,vivid voltage | drilbur | 91 |  | ungraded,1,0
Vivid Voltage,Rockruff,094/185,Normal,Common,Pokemon Vivid Voltage,Rockruff #94,vivid voltage | rockruff | 94 |  | ungraded,1,0
Vivid Voltage,Lycanroc,095/185,Trick or Trade 2023,Rare,Pokemon Trick or Trade 2023,Lycanroc [Holo] #95,trick or trade 2023 | lycanroc | 95 | holo | ungraded,1,0
Vivid Voltage,Mudbray,096/185,Normal,Common,Pokemon Vivid Voltage,Mudbray #96,vivid voltage | mudbray | 96 |  | ungraded,1,0
Vivid Voltage,Mudsdale,097/185,Normal,Rare,Pokemon Vivid Voltage,Mudsdale #97,vivid voltage | mudsdale | 97 |  | ungraded,1,0
Vivid Voltage,Poochyena,103/185,Normal,Common,Pokemon Vivid Voltage,Poochyena #103,vivid voltage | poochyena | 103 |  | ungraded,1,0
Vivid Voltage,Sandile,107/185,Normal,Common,Pokemon Vivid Voltage,Sandile #107,vivid voltage | sandile | 107 |  | ungraded,1,0
Vivid Voltage,Sandile,107/185,Reverse Holo,Common,Pokemon Vivid Voltage,Sandile [Reverse Holo] #107,vivid voltage | sandile | 107 | reverse holo | ungraded,1,0
Vivid Voltage,Krokorok,108/185,Normal,Uncommon,Pokemon Vivid Voltage,Krokorok #108,vivid voltage | krokorok | 108 |  | ungraded,1,0
Vivid Voltage,Trubbish,110/185,Reverse Holo,Common,Pokemon Vivid Voltage,Trubbish [Reverse Holo] #110,vivid voltage | trubbish | 110 | reverse holo | ungraded,1,1
Vivid Voltage,Garbodor,111/185,Normal,Rare,Pokemon Vivid Voltage,Garbodor #111,vivid voltage | garbodor | 111 |  | ungraded,1,0
Vivid Voltage,Galarian Meowth,112/185,Normal,Common,Pokemon Vivid Voltage,Galarian Meowth #112,vivid voltage | galarian meowth | 112 |  | ungraded,1,0
Vivid Voltage,Beldum,116/185,Normal,Common,Pokemon Vivid Voltage,Beldum #116,vivid voltage | beldum | 116 |  | ungraded,1,0
Vivid Voltage,Metang,117/185,Normal,Uncommon,Pokemon Vivid Voltage,Metang #117,vivid voltage | metang | 117 |  | ungraded,1,0
Vivid Voltage,Excadrill,122/185,Normal,Uncommon,Pokemon Vivid Voltage,Excadrill #122,vivid voltage | excadrill | 122 |  | ungraded,1,0
Vivid Voltage,Ferroseed,123/185,Normal,Common,Pokemon Vivid Voltage,Ferroseed #123,vivid voltage | ferroseed | 123 |  | ungraded,1,0
Vivid Voltage,Ferrothorn,124/185,Normal,Uncommon,Pokemon Vivid Voltage,Ferrothorn #124,vivid voltage | ferrothorn | 124 |  | ungraded,1,0
Vivid Voltage,Duraludon,129/185,Reverse Holo,Rare Holo,Pokemon Vivid Voltage,Duraludon [Reverse Holo] #129,vivid voltage | duraludon | 129 | reverse holo | ungraded,1,0
Vivid Voltage,Taillow,133/185,Normal,Common,Pokemon Vivid Voltage,Taillow #133,vivid voltage | taillow | 133 |  | ungraded,1,0
Vivid Voltage,Swellow,134/185,Normal,Uncommon,Pokemon Vivid Voltage,Swellow #134,vivid voltage | swellow | 134 |  | ungraded,1,0
Vivid Voltage,Whismur,135/185,Normal,Common,Pokemon Vivid Voltage,Whismur #135,vivid voltage | whismur | 135 |  | ungraded,1,0
Vivid Voltage,Loudred,136/185,Reverse Holo,Uncommon,Pokemon Vivid Voltage,Loudred [Reverse Holo] #136,vivid voltage | loudred | 136 | reverse holo | ungraded,1,0
Vivid Voltage,Pikipek,143/185,Normal,Common,Pokemon Vivid Voltage,Pikipek #143,vivid voltage | pikipek | 143 |  | ungraded,1,0
Vivid Voltage,Pikipek,143/185,Reverse Holo,Common,Pokemon Vivid Voltage,Pikipek [Reverse Holo] #143,vivid voltage | pikipek | 143 | reverse holo | ungraded,1,0
Vivid Voltage,Memory Capsule,155/185,Reverse Holo,Uncommon,Pokemon Vivid Voltage,Memory Capsule [Reverse Holo] #155,vivid voltage | memory capsule | 155 | reverse holo | ungraded,2,0
Vivid Voltage,Nessa,157/185,Reverse Holo,Uncommon,Pokemon Vivid Voltage,Nessa [Reverse Holo] #157,vivid voltage | nessa | 157 | reverse holo | ungraded,1,1
Vivid Voltage,Stone Fighting Energy,164/185,Reverse Holo,Uncommon,Pokemon Vivid Voltage,Stone Fighting Energy [Reverse Holo] #164,vivid voltage | stone fighting energy | 164 | reverse holo | ungraded,1,0
Darkness Ablaze,Dartrix,012/189,Normal,Uncommon,Pokemon Darkness Ablaze,Dartrix #12,darkness ablaze | dartrix | 12 |  | ungraded,1,1
Darkness Ablaze,Bounsweet,014/189,Reverse Holo,Common,Pokemon Darkness Ablaze,Bounsweet [Reverse Holo] #14,darkness ablaze | bounsweet | 14 | reverse holo | ungraded,1,1
Darkness Ablaze,Jigglypuff,067/189,Normal,Common,Pokemon Darkness Ablaze,Jigglypuff #67,darkness ablaze | jigglypuff | 67 |  | ungraded,1,1
Darkness Ablaze,Golett,076/189,Normal,Common,Pokemon Darkness Ablaze,Golett #76,darkness ablaze | golett | 76 |  | ungraded,1,1
Darkness Ablaze,Mimikyu,081/189,Cosmos Holo,Rare,Pokemon Darkness Ablaze,Mimikyu [Cosmos Holo] #81,darkness ablaze | mimikyu | 81 | cosmos holo | ungraded,1,0
Darkness Ablaze,Hippopotas,093/189,Normal,Common,Pokemon Darkness Ablaze,Hippopotas #93,darkness ablaze | hippopotas | 93 |  | ungraded,1,1
Darkness Ablaze,Hippowdon,094/189,Normal,Rare,Pokemon Darkness Ablaze,Hippowdon #94,darkness ablaze | hippowdon | 94 |  | ungraded,1,1
Darkness Ablaze,Deino,108/189,Normal,Common,Pokemon Darkness Ablaze,Deino #108,darkness ablaze | deino | 108 |  | ungraded,1,1
Darkness Ablaze,Skitty,141/189,Normal,Common,Pokemon Darkness Ablaze,Skitty #141,darkness ablaze | skitty | 141 |  | ungraded,1,1
Darkness Ablaze,Staravia,146/189,Normal,Uncommon,Pokemon Darkness Ablaze,Staravia #146,darkness ablaze | staravia | 146 |  | ungraded,1,1
Darkness Ablaze,Turbo Patch,172/189,Normal,Uncommon,Pokemon Darkness Ablaze,Turbo Patch #172,darkness ablaze | turbo patch | 172 |  | ungraded,1,1
Rebel Clash,Shuckle,005/192,Reverse Holo,Uncommon,Pokemon Rebel Clash,Shuckle [Reverse Holo] #5,rebel clash | shuckle | 5 | reverse holo | ungraded,1,0
Rebel Clash,Applin,020/192,Reverse Holo,Common,Pokemon Rebel Clash,Applin [Reverse Holo] #20,rebel clash | applin | 20 | reverse holo | ungraded,1,0
Rebel Clash,Applin,021/192,Reverse Holo,Common,Pokemon Rebel Clash,Applin [Reverse Holo] #21,rebel clash | applin | 21 | reverse holo | ungraded,1,0
Rebel Clash,Flapple,022/192,Reverse Holo,Rare Holo,Pokemon Rebel Clash,Flapple [Reverse Holo] #22,rebel clash | flapple | 22 | reverse holo | ungraded,1,0
Rebel Clash,Ninetales,025/192,Normal,Rare,Pokemon Rebel Clash,Ninetales #25,rebel clash | ninetales | 25 |  | ungraded,1,1
Rebel Clash,Arcanine,028/192,Reverse Holo,Rare,Pokemon Rebel Clash,Arcanine [Reverse Holo] #28,rebel clash | arcanine | 28 | reverse holo | ungraded,1,0
Rebel Clash,Lampent,032/192,Normal,Uncommon,Pokemon Rebel Clash,Lampent #32,rebel clash | lampent | 32 |  | ungraded,1,1
Rebel Clash,Tympole,044/192,Normal,Common,Pokemon Rebel Clash,Tympole #44,rebel clash | tympole | 44 |  | ungraded,1,1
Rebel Clash,Inteleon V,049/192,Normal Holo,Holo Rare V,Pokemon Rebel Clash,Inteleon V [Holo] #49,rebel clash | inteleon v | 49 | holo | ungraded,1,0
Rebel Clash,Electrode,057/192,Reverse Holo,Uncommon,Pokemon Rebel Clash,Electrode [Reverse Holo] #57,rebel clash | electrode | 57 | reverse holo | ungraded,2,0
Rebel Clash,Luxio,061/192,Reverse Holo,Uncommon,Pokemon Rebel Clash,Luxio [Reverse Holo] #61,rebel clash | luxio | 61 | reverse holo | ungraded,1,0
Rebel Clash,Heliolisk,064/192,Reverse Holo,Uncommon,Pokemon Rebel Clash,Heliolisk [Reverse Holo] #64,rebel clash | heliolisk | 64 | reverse holo | ungraded,1,1
Rebel Clash,Galarian Corsola,078/192,Normal,Common,Pokemon Rebel Clash,Galarian Corsola #78,rebel clash | galarian corsola | 78 |  | ungraded,1,1
Rebel Clash,Palossand,082/192,Normal,Uncommon,Pokemon Rebel Clash,Palossand #82,rebel clash | palossand | 82 |  | ungraded,1,1
Rebel Clash,Dragapult,091/192,Normal Holo,Rare Holo,Pokemon Rebel Clash,Dragapult [Holo] #91,rebel clash | dragapult | 91 | holo | ungraded,1,0
Rebel Clash,Galarian Farfetch'd,094/192,Normal,Common,Pokemon Rebel Clash,Galarian Farfetch'd #94,rebel clash | galarian farfetch d | 94 |  | ungraded,1,1
Rebel Clash,Medicham,098/192,Reverse Holo,Uncommon,Pokemon Rebel Clash,Medicham [Reverse Holo] #98,rebel clash | medicham | 98 | reverse holo | ungraded,1,0
Rebel Clash,Barboach,099/192,Reverse Holo,Common,Pokemon Rebel Clash,Barboach [Reverse Holo] #99,rebel clash | barboach | 99 | reverse holo | ungraded,1,0
Rebel Clash,Galarian Yamask,101/192,Reverse Holo,Common,Pokemon Rebel Clash,Galarian Yamask [Reverse Holo] #101,rebel clash | galarian yamask | 101 | reverse holo | ungraded,1,0
Rebel Clash,Galarian Runerigus,102/192,Trick or Trade 2023,Rare,Pokemon Trick or Trade 2023,Galarian Runerigus [Holo] #102,trick or trade 2023 | galarian runerigus | 102 | holo | ungraded,1,0
Rebel Clash,Falinks,109/192,Reverse Holo,Uncommon,Pokemon Rebel Clash,Falinks [Reverse Holo] #109,rebel clash | falinks | 109 | reverse holo | ungraded,1,0
Rebel Clash,Vullaby,119/192,Normal,Common,Pokemon Rebel Clash,Vullaby #119,rebel clash | vullaby | 119 |  | ungraded,1,1
Rebel Clash,Grimmsnarl,125/192,Normal Holo,Rare Holo,Pokemon Rebel Clash,Grimmsnarl [Holo] #125,rebel clash | grimmsnarl | 125 | holo | ungraded,1,0
Rebel Clash,Honedge,133/192,Normal,Common,Pokemon Rebel Clash,Honedge #133,rebel clash | honedge | 133 |  | ungraded,1,1
Rebel Clash,Doublade,134/192,Reverse Holo,Uncommon,Pokemon Rebel Clash,Doublade [Reverse Holo] #134,rebel clash | doublade | 134 | reverse holo | ungraded,1,0
Rebel Clash,Bunnelby,146/192,Reverse Holo,Common,Pokemon Rebel Clash,Bunnelby [Reverse Holo] #146,rebel clash | bunnelby | 146 | reverse holo | ungraded,2,0
Rebel Clash,Oleana,163/192,Reverse Holo,Uncommon,Pokemon Rebel Clash,Oleana [Reverse Holo] #163,rebel clash | oleana | 163 | reverse holo | ungraded,1,0
Rebel Clash,Training Court,169/192,Normal,Uncommon,Pokemon Rebel Clash,Training Court #169,rebel clash | training court | 169 |  | ungraded,1,1
Rebel Clash,Training Court,169/192,Reverse Holo,Uncommon,Pokemon Rebel Clash,Training Court [Reverse Holo] #169,rebel clash | training court | 169 | reverse holo | ungraded,1,0
Rebel Clash,Capture Energy,171/192,Reverse Holo,Uncommon,Pokemon Rebel Clash,Capture Energy [Reverse Holo] #171,rebel clash | capture energy | 171 | reverse holo | ungraded,1,0
Sword & Shield,Sinistea,089/202,Trick or Trade 2023,Common,Pokemon Trick or Trade 2023,Sinistea #89,trick or trade 2023 | sinistea | 89 |  | ungraded,1,1
Sword & Shield,Polteageist,090/202,Trick or Trade 2023,Rare,Pokemon Trick or Trade 2023,Polteageist [Holo] #90,trick or trade 2023 | polteageist | 90 | holo | ungraded,1,0
Sword & Shield Promos,Eevee V,SWSH065,Promo,Promo,Pokemon Promo,Eevee V #SWSH065,promo | eevee v | swsh065 |  | ungraded,1,1
Sword & Shield Promos,Pikachu V-UNION,SWSH139,Holo,Promo,Pokemon Promo,Pikachu V-UNION #SWSH139,promo | pikachu v union | swsh139 |  | ungraded,1,0
Sword & Shield Promos,Pikachu V-UNION,SWSH139,Jumbo Size,Promo,Pokemon Promo,Pikachu V-UNION [Jumbo] #SWSH139,promo | pikachu v union | swsh139 | jumbo | ungraded,1,0
Sword & Shield Promos,Pikachu V-UNION,SWSH140,Holo,Promo,Pokemon Promo,Pikachu V-UNION #SWSH140,promo | pikachu v union | swsh140 |  | ungraded,1,0
Sword & Shield Promos,Pikachu V-UNION,SWSH141,Holo,Promo,Pokemon Promo,Pikachu V-UNION #SWSH141,promo | pikachu v union | swsh141 |  | ungraded,1,0
Sword & Shield Promos,Pikachu V-UNION,SWSH142,Holo,Promo,Pokemon Promo,Pikachu V-UNION #SWSH142,promo | pikachu v union | swsh142 |  | ungraded,1,0
Sword & Shield Promos,Flareon V,SWSH149,Holo,Promo,Pokemon Promo,Flareon V #SWSH149,promo | flareon v | swsh149 |  | ungraded,2,1
Sword & Shield Promos,Vaporeon V,SWSH150,Holo,Promo,Pokemon Promo,Vaporeon V #SWSH150,promo | vaporeon v | swsh150 |  | ungraded,1,1
Sword & Shield Promos,Jolteon V,SWSH151,Holo,Promo,Pokemon Promo,Jolteon V #SWSH151,promo | jolteon v | swsh151 |  | ungraded,2,1
Sword & Shield Promos,Professor Burnet,SWSH167,Non-holo,Promo,Pokemon Promo,Professor Burnet #SWSH167,promo | professor burnet | swsh167 |  | ungraded,2,1
Sword & Shield Promos,Professor Burnet,SWSH167,25th Anniversary,Promo,Pokemon Promo,Professor Burnet [25th Anniversary] #SWSH167,promo | professor burnet | swsh167 | 25th anniversary | ungraded,1,0
Sword & Shield Promos,Leafeon V,SWSH194,Promo,Promo,Pokemon Promo,Leafeon V #SWSH194,promo | leafeon v | swsh194 |  | ungraded,1,1
Sword & Shield Promos,Glaceon V,SWSH196,Promo,Promo,Pokemon Promo,Glaceon V #SWSH196,promo | glaceon v | swsh196 |  | ungraded,1,1
Sword & Shield Promos,Espeon V,SWSH201,Promo,Promo,Pokemon Promo,Espeon V #SWSH201,promo | espeon v | swsh201 |  | ungraded,3,1
Sword & Shield Promos,Sylveon V,SWSH202,Promo,Promo,Pokemon Promo,Sylveon V #SWSH202,promo | sylveon v | swsh202 |  | ungraded,1,1
Sword & Shield Promos,Umbreon V,SWSH203,Promo,Promo,Pokemon Promo,Umbreon V #SWSH203,promo | umbreon v | swsh203 |  | ungraded,2,1
Sword & Shield Promos,Morpeko V-UNION,SWSH215,Holo,Promo,Pokemon Promo,Morpeko V-UNION #SWSH215,promo | morpeko v union | swsh215 |  | ungraded,1,1
Sword & Shield Promos,Morpeko V-UNION,SWSH215,Jumbo Size,Promo,Pokemon Promo,Morpeko V-UNION [Jumbo] #SWSH215,promo | morpeko v union | swsh215 | jumbo | ungraded,1,0
Sword & Shield Promos,Morpeko V-UNION,SWSH216,Promo,Promo,Pokemon Promo,Morpeko V-UNION #SWSH216,promo | morpeko v union | swsh216 |  | ungraded,1,1
Sword & Shield Promos,Morpeko V-UNION,SWSH217,Promo,Promo,Pokemon Promo,Morpeko V-UNION #SWSH217,promo | morpeko v union | swsh217 |  | ungraded,1,1
Sword & Shield Promos,Morpeko V-UNION,SWSH218,Promo,Promo,Pokemon Promo,Morpeko V-UNION #SWSH218,promo | morpeko v union | swsh218 |  | ungraded,1,1
Sword & Shield Promos,Radiant Eevee,SWSH230,Holo,Promo,Pokemon Promo,Radiant Eevee #SWSH230,promo | radiant eevee | swsh230 |  | ungraded,1,1
Sword & Shield Promos,Hisuian Typhlosion V,SWSH237,Promo,Promo,Pokemon Promo,Hisuian Typhlosion V #SWSH237,promo | hisuian typhlosion v | swsh237 |  | ungraded,1,1
Sword & Shield Promos,Hisuian Decidueye V,SWSH238,Promo,Promo,Pokemon Promo,Hisuian Decidueye V #SWSH238,promo | hisuian decidueye v | swsh238 |  | ungraded,1,1
Sword & Shield Promos,Infernape V,SWSH252,Holo,Promo,Pokemon Promo,Infernape V #SWSH252,promo | infernape v | swsh252 |  | ungraded,1,1
Sword & Shield Promos,Charizard V,SWSH260,Promo,Promo,Pokemon Promo,Charizard V #SWSH260,promo | charizard v | swsh260 |  | ungraded,1,1
Sword & Shield Promos,Charizard VMAX,SWSH261,Promo,Promo,Pokemon Promo,Charizard VMAX #SWSH261,promo | charizard vmax | swsh261 |  | ungraded,1,1
Sword & Shield Promos,Charizard VSTAR,SWSH262,Promo,Promo,Pokemon Promo,Charizard VSTAR #SWSH262,promo | charizard vstar | swsh262 |  | ungraded,1,1
Sword & Shield Promos,Rillaboom,SWSH277,Cosmos Holo,Promo,Pokemon Promo,Rillaboom [Cosmos Holo] #SWSH277,promo | rillaboom | swsh277 | cosmos holo | ungraded,1,0
Sword & Shield Promos,Cinderace,SWSH278,Cosmos Holo,Promo,Pokemon Promo,Cinderace [Cosmos Holo] #SWSH278,promo | cinderace | swsh278 | cosmos holo | ungraded,1,0
Sword & Shield Promos,Inteleon,SWSH279,Cosmos Holo,Promo,Pokemon Promo,Inteleon [Cosmos Holo] #SWSH279,promo | inteleon | swsh279 | cosmos holo | ungraded,1,0
Sword & Shield Promos,Galarian Articuno,SWSH282,Promo,Promo,Pokemon Promo,Galarian Articuno #SWSH282,promo | galarian articuno | swsh282 |  | ungraded,1,1
Sword & Shield Promos,Galarian Zapdos,SWSH283,Promo,Promo,Pokemon Promo,Galarian Zapdos #SWSH283,promo | galarian zapdos | swsh283 |  | ungraded,1,1
Sword & Shield Promos,Galarian Moltres,SWSH284,Promo,Promo,Pokemon Promo,Galarian Moltres #SWSH284,promo | galarian moltres | swsh284 |  | ungraded,1,1
Sword & Shield Promos,Morpeko V-UNION,SWSH287,Holo,Promo,Pokemon Promo,Morpeko V-UNION #SWSH287,promo | morpeko v union | swsh287 |  | ungraded,1,1
Sword & Shield Promos,Morpeko V-UNION,SWSH288,Holo,Promo,Pokemon Promo,Morpeko V-UNION #SWSH288,promo | morpeko v union | swsh288 |  | ungraded,1,1
Sword & Shield Promos,Morpeko V-UNION,SWSH289,Holo,Promo,Pokemon Promo,Morpeko V-UNION #SWSH289,promo | morpeko v union | swsh289 |  | ungraded,1,1
Sword & Shield Promos,Morpeko V-UNION,SWSH290,Holo,Promo,Pokemon Promo,Morpeko V-UNION #SWSH290,promo | morpeko v union | swsh290 |  | ungraded,1,1
Sword & Shield Promos,Lucario VSTAR,SWSH291,Promo,Promo,Pokemon Promo,Lucario VSTAR #SWSH291,promo | lucario vstar | swsh291 |  | ungraded,1,1
Sword & Shield Promos,Zacian V,SWSH292,Holo,Promo,Pokemon Promo,Zacian V #SWSH292,promo | zacian v | swsh292 |  | ungraded,1,1
Sword & Shield Promos,Zamazenta V,SWSH293,Holo,Promo,Pokemon Promo,Zamazenta V #SWSH293,promo | zamazenta v | swsh293 |  | ungraded,1,1
Sword & Shield Promos,Hisuian Zoroark V,SWSH297,Promo,Promo,Pokemon Promo,Hisuian Zoroark V #SWSH297,promo | hisuian zoroark v | swsh297 |  | ungraded,1,1
Sword & Shield Promos,Hisuian Zoroark VSTAR,SWSH298,Holo,Promo,Pokemon Promo,Hisuian Zoroark VSTAR #SWSH298,promo | hisuian zoroark vstar | swsh298 |  | ungraded,1,1
Sword & Shield Promos,Unown V,SWSH300,Holo,Promo,Pokemon Promo,Unown V #SWSH300,promo | unown v | swsh300 |  | ungraded,1,1
Sword & Shield Promos,Lugia V,SWSH301,Holo,Promo,Pokemon Promo,Lugia V #SWSH301,promo | lugia v | swsh301 |  | ungraded,1,1
Sword & Shield Promos,Lugia V,SWSH301,Jumbo Size,Promo,Pokemon Promo,Lugia V [Jumbo] #SWSH301,promo | lugia v | swsh301 | jumbo | ungraded,1,1
Cosmic Eclipse,Kricketot,13/236,Reverse Holo,Common,Pokemon Cosmic Eclipse,Kricketot [Reverse Holo] #13,cosmic eclipse | kricketot | 13 | reverse holo | ungraded,1,0
Cosmic Eclipse,Decidueye,20/236,Normal Holo,Rare Holo,Pokemon Cosmic Eclipse,Decidueye [Holo] #20,cosmic eclipse | decidueye | 20 | holo | ungraded,1,0
Cosmic Eclipse,Flareon,25/236,Normal,Uncommon,Pokemon Cosmic Eclipse,Flareon #25,cosmic eclipse | flareon | 25 |  | ungraded,1,0
Cosmic Eclipse,Blastoise & Piplup-GX,38/236,Normal Holo,Rare Holo GX,Pokemon Cosmic Eclipse,Blastoise & Piplup-GX [Holo] #38,cosmic eclipse | blastoise piplup gx | 38 | holo | ungraded,1,0
Cosmic Eclipse,Pikachu,66/236,Normal,Common,Pokemon Cosmic Eclipse,Pikachu #66,cosmic eclipse | pikachu | 66 |  | ungraded,1,0
Cosmic Eclipse,Magneton,69/236,Normal Holo,Rare Holo,Pokemon Cosmic Eclipse,Magneton [Holo] #69,cosmic eclipse | magneton | 69 | holo | ungraded,1,0
Cosmic Eclipse,Jolteon,70/236,Normal,Uncommon,Pokemon Cosmic Eclipse,Jolteon #70,cosmic eclipse | jolteon | 70 |  | ungraded,1,0
Cosmic Eclipse,Chinchou,71/236,Reverse Holo,Common,Pokemon Cosmic Eclipse,Chinchou [Reverse Holo] #71,cosmic eclipse | chinchou | 71 | reverse holo | ungraded,1,0
Cosmic Eclipse,Kirlia,81/236,Reverse Holo,Uncommon,Pokemon Cosmic Eclipse,Kirlia [Reverse Holo] #81,cosmic eclipse | kirlia | 81 | reverse holo | ungraded,1,0
Cosmic Eclipse,Dusclops,84/236,Reverse Holo,Uncommon,Pokemon Cosmic Eclipse,Dusclops [Reverse Holo] #84,cosmic eclipse | dusclops | 84 | reverse holo | ungraded,1,0
Cosmic Eclipse,Cosmog,100/236,Reverse Holo,Common,Pokemon Cosmic Eclipse,Cosmog [Reverse Holo] #100,cosmic eclipse | cosmog | 100 | reverse holo | ungraded,2,0
Cosmic Eclipse,Cosmoem,101/236,Reverse Holo,Uncommon,Pokemon Cosmic Eclipse,Cosmoem [Reverse Holo] #101,cosmic eclipse | cosmoem | 101 | reverse holo | ungraded,1,0
Cosmic Eclipse,Palpitoad,116/236,Reverse Holo,Common,Pokemon Cosmic Eclipse,Palpitoad [Reverse Holo] #116,cosmic eclipse | palpitoad | 116 | reverse holo | ungraded,1,0
Cosmic Eclipse,Passimian,125/236,Reverse Holo,Common,Pokemon Cosmic Eclipse,Passimian [Reverse Holo] #125,cosmic eclipse | passimian | 125 | reverse holo | ungraded,1,0
Cosmic Eclipse,Steelix,139/236,Reverse Holo,Rare Holo,Pokemon Cosmic Eclipse,Steelix [Reverse Holo] #139,cosmic eclipse | steelix | 139 | reverse holo | ungraded,1,0
Cosmic Eclipse,Alolan Ninetales,145/236,Reverse Holo,Rare Holo,Pokemon Cosmic Eclipse,Alolan Ninetales [Reverse Holo] #145,cosmic eclipse | alolan ninetales | 145 | reverse holo | ungraded,1,0
Cosmic Eclipse,Sylveon,155/236,Normal,Rare,Pokemon Cosmic Eclipse,Sylveon #155,cosmic eclipse | sylveon | 155 |  | ungraded,1,0
Cosmic Eclipse,Kommo-o,163/236,Normal Holo,Rare Holo,Pokemon Cosmic Eclipse,Kommo-o [Holo] #163,cosmic eclipse | kommo o | 163 | holo | ungraded,1,0
Cosmic Eclipse,Eevee,166/236,Normal,Common,Pokemon Cosmic Eclipse,Eevee #166,cosmic eclipse | eevee | 166 |  | ungraded,1,0
Cosmic Eclipse,Igglybuff,168/236,Reverse Holo,Uncommon,Pokemon Cosmic Eclipse,Igglybuff [Reverse Holo] #168,cosmic eclipse | igglybuff | 168 | reverse holo | ungraded,1,0
Cosmic Eclipse,Guzma & Hala,193/236,Normal,Uncommon,Pokemon Cosmic Eclipse,Guzma & Hala #193,cosmic eclipse | guzma hala | 193 |  | ungraded,1,0
Cosmic Eclipse,Roller Skater,203/236,Reverse Holo,Uncommon,Pokemon Cosmic Eclipse,Roller Skater [Reverse Holo] #203,cosmic eclipse | roller skater | 203 | reverse holo | ungraded,1,0
Cosmic Eclipse,Will,208/236,Reverse Holo,Uncommon,Pokemon Cosmic Eclipse,Will [Reverse Holo] #208,cosmic eclipse | will | 208 | reverse holo | ungraded,1,0
Cosmic Eclipse,Torkoal,237/236,Normal Holo,Rare Secret,Pokemon Cosmic Eclipse,Torkoal [Holo] #237,cosmic eclipse | torkoal | 237 | holo | ungraded,1,0
Cosmic Eclipse,Piplup,239/236,Normal Holo,Rare Secret,Pokemon Cosmic Eclipse,Piplup [Holo] #239,cosmic eclipse | piplup | 239 | holo | ungraded,1,0
Cosmic Eclipse,Pikachu,241/236,Normal Holo,Rare Secret,Pokemon Cosmic Eclipse,Pikachu [Holo] #241,cosmic eclipse | pikachu | 241 | holo | ungraded,1,0
Cosmic Eclipse,Mimikyu,245/236,Normal Holo,Rare Secret,Pokemon Cosmic Eclipse,Mimikyu [Holo] #245,cosmic eclipse | mimikyu | 245 | holo | ungraded,1,0
Cosmic Eclipse,Stoutland,248/236,Normal Holo,Rare Secret,Pokemon Cosmic Eclipse,Stoutland [Holo] #248,cosmic eclipse | stoutland | 248 | holo | ungraded,1,0
Yellow A Alternate,Sylveon-GX,92a/145,Holo,Rare Holo GX,Pokemon Yellow A Alternate,Sylveon-GX [Holo] #92A,yellow a alternate | sylveon gx | 92a | holo | ungraded,1,0
Sun & Moon,Umbreon-GX,80/149,Normal Holo,Rare Holo GX,Pokemon Sun & Moon,Umbreon-GX [Holo] #80,sun moon | umbreon gx | 80 | holo | ungraded,1,0
Sun & Moon,Eevee,101/149,Cosmos Holo,Common,Pokemon Sun & Moon,Eevee [Cosmos Holo] #101,sun moon | eevee | 101 | cosmos holo | ungraded,1,1
Steam Siege,Ponyta,16/114,Reverse Holo,Common,Pokemon Steam Siege,Ponyta [Reverse Holo] #16,steam siege | ponyta | 16 | reverse holo | ungraded,1,1
Primal Clash,Combusken,27/160,Reverse Holo,Uncommon,Pokemon Primal Clash,Combusken [Reverse Holo] #27,primal clash | combusken | 27 | reverse holo | ungraded,1,1
Jungle,Eevee,51/64,Normal,Common,Pokemon Jungle,Eevee #51,jungle | eevee | 51 |  | ungraded,1,1
